八幡,0,0,0,N,place,*,*,*,*,八幡,*,*
八德,0,0,0,N,place,*,*,*,*,八德,*,*
八德市,0,0,0,N,place,*,*,*,*,八德市,*,*
八斗子,0,0,0,N,place,*,*,*,*,八斗子,*,*
八里,0,0,0,N,place,*,*,*,*,八里,*,*
巴米揚,0,0,0,N,place,*,*,*,*,巴米揚,*,*
巴達桑,0,0,0,N,place,*,*,*,*,巴達桑,*,*
巴東,0,0,0,N,place,*,*,*,*,巴東,*,*
巴塔哥尼亞高原,0,0,0,N,place,*,*,*,*,巴塔哥尼亞高原,*,*
巴拿馬地峽,0,0,0,N,place,*,*,*,*,巴拿馬地峽,*,*
巴勒斯坦,0,0,0,N,place,*,*,*,*,巴勒斯坦,*,*
巴黎盆地,0,0,0,N,place,*,*,*,*,巴黎盆地,*,*
巴力斯坦,0,0,0,N,place,*,*,*,*,巴力斯坦,*,*
巴西高原,0,0,0,N,place,*,*,*,*,巴西高原,*,*
霸上,0,0,0,N,place,*,*,*,*,霸上,*,*
波蘭走廊,0,0,0,N,place,*,*,*,*,波蘭走廊,*,*
波河平原,0,0,0,N,place,*,*,*,*,波河平原,*,*
波希米亞,0,0,0,N,place,*,*,*,*,波希米亞,*,*
伯陽,0,0,0,N,place,*,*,*,*,伯陽,*,*
郣,0,0,0,N,place,*,*,*,*,郣,*,*
博浪沙,0,0,0,N,place,*,*,*,*,博浪沙,*,*
亳,0,0,0,N,place,*,*,*,*,亳,*,*
播州,0,0,0,N,place,*,*,*,*,播州,*,*
白蘋洲,0,0,0,N,place,*,*,*,*,白蘋洲,*,*
白馬津,0,0,0,N,place,*,*,*,*,白馬津,*,*
白米甕,0,0,0,N,place,*,*,*,*,白米甕,*,*
白帝,0,0,0,N,place,*,*,*,*,白帝,*,*
白帝城,0,0,0,N,place,*,*,*,*,白帝城,*,*
白鹿洞,0,0,0,N,place,*,*,*,*,白鹿洞,*,*
白鷺洲,0,0,0,N,place,*,*,*,*,白鷺洲,*,*
白龍堆,0,0,0,N,place,*,*,*,*,白龍堆,*,*
白公堤,0,0,0,N,place,*,*,*,*,白公堤,*,*
白河,0,0,0,N,place,*,*,*,*,白河,*,*
白沙,0,0,0,N,place,*,*,*,*,白沙,*,*
白沙灣,0,0,0,N,place,*,*,*,*,白沙灣,*,*
百花洲,0,0,0,N,place,*,*,*,*,百花洲,*,*
拜普魯斯,0,0,0,N,place,*,*,*,*,拜普魯斯,*,*
碑林,0,0,0,N,place,*,*,*,*,碑林,*,*
碑嶺,0,0,0,N,place,*,*,*,*,碑嶺,*,*
北碚,0,0,0,N,place,*,*,*,*,北碚,*,*
北票,0,0,0,N,place,*,*,*,*,北票,*,*
北門,0,0,0,N,place,*,*,*,*,北門,*,*
北戴河,0,0,0,N,place,*,*,*,*,北戴河,*,*
北投,0,0,0,N,place,*,*,*,*,北投,*,*
北角,0,0,0,N,place,*,*,*,*,北角,*,*
北九州,0,0,0,N,place,*,*,*,*,北九州,*,*
北圻,0,0,0,N,place,*,*,*,*,北圻,*,*
北愛爾蘭,0,0,0,N,place,*,*,*,*,北愛爾蘭,*,*
保定府,0,0,0,N,place,*,*,*,*,保定府,*,*
保寧縣,0,0,0,N,place,*,*,*,*,保寧縣,*,*
寶慶,0,0,0,N,place,*,*,*,*,寶慶,*,*
阪泉,0,0,0,N,place,*,*,*,*,阪泉,*,*
板門店,0,0,0,N,place,*,*,*,*,板門店,*,*
玤,0,0,0,N,place,*,*,*,*,玤,*,*
祊,0,0,0,N,place,*,*,*,*,祊,*,*
邲,0,0,0,N,place,*,*,*,*,邲,*,*
費,0,0,0,N,place,*,*,*,*,費,*,*
鄪,0,0,0,N,place,*,*,*,*,鄪,*,*
卞,0,0,0,N,place,*,*,*,*,卞,*,*
汴梁,0,0,0,N,place,*,*,*,*,汴梁,*,*
汴京,0,0,0,N,place,*,*,*,*,汴京,*,*
汴州,0,0,0,N,place,*,*,*,*,汴州,*,*
邠州,0,0,0,N,place,*,*,*,*,邠州,*,*
并州,0,0,0,N,place,*,*,*,*,并州,*,*
邴,0,0,0,N,place,*,*,*,*,邴,*,*
布特哈,0,0,0,N,place,*,*,*,*,布特哈,*,*
布魯克林,0,0,0,N,place,*,*,*,*,布魯克林,*,*
布西縣,0,0,0,N,place,*,*,*,*,布西縣,*,*
布爾哥尼,0,0,0,N,place,*,*,*,*,布爾哥尼,*,*
帕米爾高原,0,0,0,N,place,*,*,*,*,帕米爾高原,*,*
帕耳美拉,0,0,0,N,place,*,*,*,*,帕耳美拉,*,*
鄱陽湖平原,0,0,0,N,place,*,*,*,*,鄱陽湖平原,*,*
繁臺,0,0,0,N,place,*,*,*,*,繁臺,*,*
邳,0,0,0,N,place,*,*,*,*,邳,*,*
沛國,0,0,0,N,place,*,*,*,*,沛國,*,*
沛縣,0,0,0,N,place,*,*,*,*,沛縣,*,*
佩斯坦,0,0,0,N,place,*,*,*,*,佩斯坦,*,*
槃橐城,0,0,0,N,place,*,*,*,*,槃橐城,*,*
盤谷,0,0,0,N,place,*,*,*,*,盤谷,*,*
滂江,0,0,0,N,place,*,*,*,*,滂江,*,*
彭,0,0,0,N,place,*,*,*,*,彭,*,*
彭巴草原,0,0,0,N,place,*,*,*,*,彭巴草原,*,*
彭郎磯,0,0,0,N,place,*,*,*,*,彭郎磯,*,*
澎浪磯,0,0,0,N,place,*,*,*,*,澎浪磯,*,*
貔子窩港,0,0,0,N,place,*,*,*,*,貔子窩港,*,*
埤,0,0,0,N,place,*,*,*,*,埤,*,*
郫縣,0,0,0,N,place,*,*,*,*,郫縣,*,*
駢,0,0,0,N,place,*,*,*,*,駢,*,*
平溪,0,0,0,N,place,*,*,*,*,平溪,*,*
平山堂,0,0,0,N,place,*,*,*,*,平山堂,*,*
平陽,0,0,0,N,place,*,*,*,*,平陽,*,*
坪,0,0,0,N,place,*,*,*,*,坪,*,*
坪林,0,0,0,N,place,*,*,*,*,坪林,*,*
蒲,0,0,0,N,place,*,*,*,*,蒲,*,*
蒲坂,0,0,0,N,place,*,*,*,*,蒲坂,*,*
蒲甘,0,0,0,N,place,*,*,*,*,蒲甘,*,*
蒲關,0,0,0,N,place,*,*,*,*,蒲關,*,*
蒲津,0,0,0,N,place,*,*,*,*,蒲津,*,*
蒲城,0,0,0,N,place,*,*,*,*,蒲城,*,*
菩提迦耶,0,0,0,N,place,*,*,*,*,菩提迦耶,*,*
麻豆,0,0,0,N,place,*,*,*,*,麻豆,*,*
馬德堡,0,0,0,N,place,*,*,*,*,馬德堡,*,*
馬德里,0,0,0,N,place,*,*,*,*,馬德里,*,*
馬道驛,0,0,0,N,place,*,*,*,*,馬道驛,*,*
馬來亞,0,0,0,N,place,*,*,*,*,馬來亞,*,*
馬沙溝,0,0,0,N,place,*,*,*,*,馬沙溝,*,*
馬邑,0,0,0,N,place,*,*,*,*,馬邑,*,*
馬嵬,0,0,0,N,place,*,*,*,*,馬嵬,*,*
馬王堆,0,0,0,N,place,*,*,*,*,馬王堆,*,*
秣陵,0,0,0,N,place,*,*,*,*,秣陵,*,*
莫高窟,0,0,0,N,place,*,*,*,*,莫高窟,*,*
鄚,0,0,0,N,place,*,*,*,*,鄚,*,*
麥積山石窟,0,0,0,N,place,*,*,*,*,麥積山石窟,*,*
梅花嶺,0,0,0,N,place,*,*,*,*,梅花嶺,*,*
眉裡,0,0,0,N,place,*,*,*,*,眉裡,*,*
湄公河三角洲,0,0,0,N,place,*,*,*,*,湄公河三角洲,*,*
湄洲,0,0,0,N,place,*,*,*,*,湄洲,*,*
郿,0,0,0,N,place,*,*,*,*,郿,*,*
郿塢,0,0,0,N,place,*,*,*,*,郿塢,*,*
美濃,0,0,0,N,place,*,*,*,*,美濃,*,*
美索不達米亞,0,0,0,N,place,*,*,*,*,美索不達米亞,*,*
沬,0,0,0,N,place,*,*,*,*,沬,*,*
貓鼻頭,0,0,0,N,place,*,*,*,*,貓鼻頭,*,*
貓嶼,0,0,0,N,place,*,*,*,*,貓嶼,*,*
茂陵,0,0,0,N,place,*,*,*,*,茂陵,*,*
滿洲,0,0,0,N,place,*,*,*,*,滿洲,*,*
鄤,0,0,0,N,place,*,*,*,*,鄤,*,*
邙,0,0,0,N,place,*,*,*,*,邙,*,*
蒙古地方,0,0,0,N,place,*,*,*,*,蒙古地方,*,*
鄸,0,0,0,N,place,*,*,*,*,鄸,*,*
鼆,0,0,0,N,place,*,*,*,*,鼆,*,*
孟非斯,0,0,0,N,place,*,*,*,*,孟非斯,*,*
孟加拉,0,0,0,N,place,*,*,*,*,孟加拉,*,*
弭,0,0,0,N,place,*,*,*,*,弭,*,*
密支那,0,0,0,N,place,*,*,*,*,密支那,*,*
綿上,0,0,0,N,place,*,*,*,*,綿上,*,*
洺州,0,0,0,N,place,*,*,*,*,洺州,*,*
鄍,0,0,0,N,place,*,*,*,*,鄍,*,*
鳴條,0,0,0,N,place,*,*,*,*,鳴條,*,*
坶,0,0,0,N,place,*,*,*,*,坶,*,*
牧野,0,0,0,N,place,*,*,*,*,牧野,*,*
法屬圭亞那,0,0,0,N,place,*,*,*,*,法屬圭亞那,*,*
法屬印度支那,0,0,0,N,place,*,*,*,*,法屬印度支那,*,*
腓尼基,0,0,0,N,place,*,*,*,*,腓尼基,*,*
費,0,0,0,N,place,*,*,*,*,費,*,*
氾,0,0,0,N,place,*,*,*,*,氾,*,*
枋頭,0,0,0,N,place,*,*,*,*,枋頭,*,*
豐鎬,0,0,0,N,place,*,*,*,*,豐鎬,*,*
酆,0,0,0,N,place,*,*,*,*,酆,*,*
復興崗,0,0,0,N,place,*,*,*,*,復興崗,*,*
傅巖,0,0,0,N,place,*,*,*,*,傅巖,*,*
大茅埔,0,0,0,N,place,*,*,*,*,大茅埔,*,*
大都,0,0,0,N,place,*,*,*,*,大都,*,*
大梁,0,0,0,N,place,*,*,*,*,大梁,*,*
大戈壁,0,0,0,N,place,*,*,*,*,大戈壁,*,*
大沽口,0,0,0,N,place,*,*,*,*,大沽口,*,*
大湖區,0,0,0,N,place,*,*,*,*,大湖區,*,*
大吉嶺,0,0,0,N,place,*,*,*,*,大吉嶺,*,*
大甲,0,0,0,N,place,*,*,*,*,大甲,*,*
大峽谷,0,0,0,N,place,*,*,*,*,大峽谷,*,*
大草原,0,0,0,N,place,*,*,*,*,大草原,*,*
大散關,0,0,0,N,place,*,*,*,*,大散關,*,*
大鹽湖沙漠,0,0,0,N,place,*,*,*,*,大鹽湖沙漠,*,*
大禹嶺,0,0,0,N,place,*,*,*,*,大禹嶺,*,*
得勝口,0,0,0,N,place,*,*,*,*,得勝口,*,*
德干高原,0,0,0,N,place,*,*,*,*,德干高原,*,*
盜泉,0,0,0,N,place,*,*,*,*,盜泉,*,*
鬥雞臺,0,0,0,N,place,*,*,*,*,鬥雞臺,*,*
鬥犀臺,0,0,0,N,place,*,*,*,*,鬥犀臺,*,*
淡水,0,0,0,N,place,*,*,*,*,淡水,*,*
鄧,0,0,0,N,place,*,*,*,*,鄧,*,*
杜陵,0,0,0,N,place,*,*,*,*,杜陵,*,*
端溪,0,0,0,N,place,*,*,*,*,端溪,*,*
敦煌,0,0,0,N,place,*,*,*,*,敦煌,*,*
敦煌千佛洞,0,0,0,N,place,*,*,*,*,敦煌千佛洞,*,*
敦煌石窟,0,0,0,N,place,*,*,*,*,敦煌石窟,*,*
敦煌石室,0,0,0,N,place,*,*,*,*,敦煌石室,*,*
燉,0,0,0,N,place,*,*,*,*,燉,*,*
燉煌,0,0,0,N,place,*,*,*,*,燉煌,*,*
東北平原,0,0,0,N,place,*,*,*,*,東北平原,*,*
東坡,0,0,0,N,place,*,*,*,*,東坡,*,*
東閣,0,0,0,N,place,*,*,*,*,東閣,*,*
東交民巷,0,0,0,N,place,*,*,*,*,東交民巷,*,*
塔里木盆地,0,0,0,N,place,*,*,*,*,塔里木盆地,*,*
臺北盆地,0,0,0,N,place,*,*,*,*,臺北盆地,*,*
太魯閣,0,0,0,N,place,*,*,*,*,太魯閣,*,*
太倉,0,0,0,N,place,*,*,*,*,太倉,*,*
太原,0,0,0,N,place,*,*,*,*,太原,*,*
桃葉渡,0,0,0,N,place,*,*,*,*,桃葉渡,*,*
桃園中壢臺地,0,0,0,N,place,*,*,*,*,桃園中壢臺地,*,*
唐寧街,0,0,0,N,place,*,*,*,*,唐寧街,*,*
塘,0,0,0,N,place,*,*,*,*,塘,*,*
棠谿,0,0,0,N,place,*,*,*,*,棠谿,*,*
天壇,0,0,0,N,place,*,*,*,*,天壇,*,*
天橋,0,0,0,N,place,*,*,*,*,天橋,*,*
天祥,0,0,0,N,place,*,*,*,*,天祥,*,*
田寮,0,0,0,N,place,*,*,*,*,田寮,*,*
汀州,0,0,0,N,place,*,*,*,*,汀州,*,*
汀洲,0,0,0,N,place,*,*,*,*,汀洲,*,*
朾,0,0,0,N,place,*,*,*,*,朾,*,*
土伯特,0,0,0,N,place,*,*,*,*,土伯特,*,*
土木堡,0,0,0,N,place,*,*,*,*,土木堡,*,*
土城,0,0,0,N,place,*,*,*,*,土城,*,*
吐魯番窪地,0,0,0,N,place,*,*,*,*,吐魯番窪地,*,*
沱,0,0,0,N,place,*,*,*,*,沱,*,*
坨里,0,0,0,N,place,*,*,*,*,坨里,*,*
疃,0,0,0,N,place,*,*,*,*,疃,*,*
垌,0,0,0,N,place,*,*,*,*,垌,*,*
桐宮,0,0,0,N,place,*,*,*,*,桐宮,*,*
桐鄉,0,0,0,N,place,*,*,*,*,桐鄉,*,*
潼關,0,0,0,N,place,*,*,*,*,潼關,*,*
內蒙古,0,0,0,N,place,*,*,*,*,內蒙古,*,*
南都,0,0,0,N,place,*,*,*,*,南都,*,*
南天門,0,0,0,N,place,*,*,*,*,南天門,*,*
南宮,0,0,0,N,place,*,*,*,*,南宮,*,*
南海子,0,0,0,N,place,*,*,*,*,南海子,*,*
南京,0,0,0,N,place,*,*,*,*,南京,*,*
南鄭,0,0,0,N,place,*,*,*,*,南鄭,*,*
南越,0,0,0,N,place,*,*,*,*,南越,*,*
禰,0,0,0,N,place,*,*,*,*,禰,*,*
娘子關,0,0,0,N,place,*,*,*,*,娘子關,*,*
寧夏,0,0,0,N,place,*,*,*,*,寧夏,*,*
諾曼第,0,0,0,N,place,*,*,*,*,諾曼第,*,*
拉伯蘭,0,0,0,N,place,*,*,*,*,拉伯蘭,*,*
拉卜楞,0,0,0,N,place,*,*,*,*,拉卜楞,*,*
樂遊原,0,0,0,N,place,*,*,*,*,樂遊原,*,*
來頓,0,0,0,N,place,*,*,*,*,來頓,*,*
郲,0,0,0,N,place,*,*,*,*,郲,*,*
雷塘,0,0,0,N,place,*,*,*,*,雷塘,*,*
勞勞,0,0,0,N,place,*,*,*,*,勞勞,*,*
老君廟,0,0,0,N,place,*,*,*,*,老君廟,*,*
蘭臺,0,0,0,N,place,*,*,*,*,蘭臺,*,*
藍田遺址,0,0,0,N,place,*,*,*,*,藍田遺址,*,*
羹,0,0,0,N,place,*,*,*,*,羹,*,*
歷下,0,0,0,N,place,*,*,*,*,歷下,*,*
酈,0,0,0,N,place,*,*,*,*,酈,*,*
柳營,0,0,0,N,place,*,*,*,*,柳營,*,*
六龜,0,0,0,N,place,*,*,*,*,六龜,*,*
林口臺地,0,0,0,N,place,*,*,*,*,林口臺地,*,*
林口,0,0,0,N,place,*,*,*,*,林口,*,*
林園,0,0,0,N,place,*,*,*,*,林園,*,*
梁山泊,0,0,0,N,place,*,*,*,*,梁山泊,*,*
諒山,0,0,0,N,place,*,*,*,*,諒山,*,*
令狐,0,0,0,N,place,*,*,*,*,令狐,*,*
蘆州,0,0,0,N,place,*,*,*,*,蘆州,*,*
甪里,0,0,0,N,place,*,*,*,*,甪里,*,*
角里,0,0,0,N,place,*,*,*,*,角里,*,*
麓川,0,0,0,N,place,*,*,*,*,麓川,*,*
陸梁,0,0,0,N,place,*,*,*,*,陸梁,*,*
路竹,0,0,0,N,place,*,*,*,*,路竹,*,*
邏娑,0,0,0,N,place,*,*,*,*,邏娑,*,*
洛伊盆地,0,0,0,N,place,*,*,*,*,洛伊盆地,*,*
雒邑,0,0,0,N,place,*,*,*,*,雒邑,*,*
犖,0,0,0,N,place,*,*,*,*,犖,*,*
輪臺,0,0,0,N,place,*,*,*,*,輪臺,*,*
輪臺縣,0,0,0,N,place,*,*,*,*,輪臺縣,*,*
龍口,0,0,0,N,place,*,*,*,*,龍口,*,*
龍井,0,0,0,N,place,*,*,*,*,龍井,*,*
龍城,0,0,0,N,place,*,*,*,*,龍城,*,*
龍沙,0,0,0,N,place,*,*,*,*,龍沙,*,*
歌風臺,0,0,0,N,place,*,*,*,*,歌風臺,*,*
蓋,0,0,0,N,place,*,*,*,*,蓋,*,*
垓下,0,0,0,N,place,*,*,*,*,垓下,*,*
高加索,0,0,0,N,place,*,*,*,*,高加索,*,*
郜,0,0,0,N,place,*,*,*,*,郜,*,*
句無,0,0,0,N,place,*,*,*,*,句無,*,*
郠,0,0,0,N,place,*,*,*,*,郠,*,*
谷口,0,0,0,N,place,*,*,*,*,谷口,*,*
渦口,0,0,0,N,place,*,*,*,*,渦口,*,*
圭亞那,0,0,0,N,place,*,*,*,*,圭亞那,*,*
鬼門關,0,0,0,N,place,*,*,*,*,鬼門關,*,*
桂林,0,0,0,N,place,*,*,*,*,桂林,*,*
會稽,0,0,0,N,place,*,*,*,*,會稽,*,*
官渡,0,0,0,N,place,*,*,*,*,官渡,*,*
關廟,0,0,0,N,place,*,*,*,*,關廟,*,*
關渡,0,0,0,N,place,*,*,*,*,關渡,*,*
關東平原,0,0,0,N,place,*,*,*,*,關東平原,*,*
關中,0,0,0,N,place,*,*,*,*,關中,*,*
關子嶺,0,0,0,N,place,*,*,*,*,關子嶺,*,*
觀音山,0,0,0,N,place,*,*,*,*,觀音山,*,*
貢寮,0,0,0,N,place,*,*,*,*,貢寮,*,*
喀什米爾,0,0,0,N,place,*,*,*,*,喀什米爾,*,*
喀什噶爾,0,0,0,N,place,*,*,*,*,喀什噶爾,*,*
科布多盆地,0,0,0,N,place,*,*,*,*,科布多盆地,*,*
克隆斯臺,0,0,0,N,place,*,*,*,*,克隆斯臺,*,*
考亭,0,0,0,N,place,*,*,*,*,考亭,*,*
口,0,0,0,N,place,*,*,*,*,口,*,*
崁,0,0,0,N,place,*,*,*,*,崁,*,*
庫穆塔格,0,0,0,N,place,*,*,*,*,庫穆塔格,*,*
蒯,0,0,0,N,place,*,*,*,*,蒯,*,*
夔,0,0,0,N,place,*,*,*,*,夔,*,*
昆陽,0,0,0,N,place,*,*,*,*,昆陽,*,*
空桑,0,0,0,N,place,*,*,*,*,空桑,*,*
哈拉庫圖,0,0,0,N,place,*,*,*,*,哈拉庫圖,*,*
蝦蟆陵,0,0,0,N,place,*,*,*,*,蝦蟆陵,*,*
和林,0,0,0,N,place,*,*,*,*,和林,*,*
合恩角,0,0,0,N,place,*,*,*,*,合恩角,*,*
河東,0,0,0,N,place,*,*,*,*,河東,*,*
河套,0,0,0,N,place,*,*,*,*,河套,*,*
河西走廊,0,0,0,N,place,*,*,*,*,河西走廊,*,*
河陽,0,0,0,N,place,*,*,*,*,河陽,*,*
賀蘭,0,0,0,N,place,*,*,*,*,賀蘭,*,*
海岱,0,0,0,N,place,*,*,*,*,海岱,*,*
黑河屯,0,0,0,N,place,*,*,*,*,黑河屯,*,*
蒿里,0,0,0,N,place,*,*,*,*,蒿里,*,*
好萊塢,0,0,0,N,place,*,*,*,*,好萊塢,*,*
好望角,0,0,0,N,place,*,*,*,*,好望角,*,*
郝,0,0,0,N,place,*,*,*,*,郝,*,*
鄗,0,0,0,N,place,*,*,*,*,鄗,*,*
鎬,0,0,0,N,place,*,*,*,*,鎬,*,*
鎬京,0,0,0,N,place,*,*,*,*,鎬京,*,*
后里,0,0,0,N,place,*,*,*,*,后里,*,*
郈,0,0,0,N,place,*,*,*,*,郈,*,*
後壁,0,0,0,N,place,*,*,*,*,後壁,*,*
鄇,0,0,0,N,place,*,*,*,*,鄇,*,*
邗,0,0,0,N,place,*,*,*,*,邗,*,*
漢中,0,0,0,N,place,*,*,*,*,漢中,*,*
漢中盆地,0,0,0,N,place,*,*,*,*,漢中盆地,*,*
漢陽,0,0,0,N,place,*,*,*,*,漢陽,*,*
虎門港,0,0,0,N,place,*,*,*,*,虎門港,*,*
虎頭埤,0,0,0,N,place,*,*,*,*,虎頭埤,*,*
虎頭關,0,0,0,N,place,*,*,*,*,虎頭關,*,*
虎牢關,0,0,0,N,place,*,*,*,*,虎牢關,*,*
互鄉,0,0,0,N,place,*,*,*,*,互鄉,*,*
花門,0,0,0,N,place,*,*,*,*,花門,*,*
華北平原,0,0,0,N,place,*,*,*,*,華北平原,*,*
滑鐵盧,0,0,0,N,place,*,*,*,*,滑鐵盧,*,*
皇姑屯,0,0,0,N,place,*,*,*,*,皇姑屯,*,*
皇恐灘,0,0,0,N,place,*,*,*,*,皇恐灘,*,*
黃天蕩,0,0,0,N,place,*,*,*,*,黃天蕩,*,*
黃土高原,0,0,0,N,place,*,*,*,*,黃土高原,*,*
黃龍,0,0,0,N,place,*,*,*,*,黃龍,*,*
黃龍府,0,0,0,N,place,*,*,*,*,黃龍府,*,*
黃花岡,0,0,0,N,place,*,*,*,*,黃花岡,*,*
黃淮平原,0,0,0,N,place,*,*,*,*,黃淮平原,*,*
黃金臺,0,0,0,N,place,*,*,*,*,黃金臺,*,*
黃金海岸,0,0,0,N,place,*,*,*,*,黃金海岸,*,*
黃池,0,0,0,N,place,*,*,*,*,黃池,*,*
黃石港,0,0,0,N,place,*,*,*,*,黃石港,*,*
弘農,0,0,0,N,place,*,*,*,*,弘農,*,*
紅場,0,0,0,N,place,*,*,*,*,紅場,*,*
紅色廣場,0,0,0,N,place,*,*,*,*,紅色廣場,*,*
鴻門,0,0,0,N,place,*,*,*,*,鴻門,*,*
喦,0,0,0,N,place,*,*,*,*,喦,*,*
稷下,0,0,0,N,place,*,*,*,*,稷下,*,*
冀北,0,0,0,N,place,*,*,*,*,冀北,*,*
冀州,0,0,0,N,place,*,*,*,*,冀州,*,*
薊,0,0,0,N,place,*,*,*,*,薊,*,*
薊門,0,0,0,N,place,*,*,*,*,薊門,*,*
迦南,0,0,0,N,place,*,*,*,*,迦南,*,*
嘉南平原,0,0,0,N,place,*,*,*,*,嘉南平原,*,*
鮚埼亭,0,0,0,N,place,*,*,*,*,鮚埼亭,*,*
交趾,0,0,0,N,place,*,*,*,*,交趾,*,*
郊,0,0,0,N,place,*,*,*,*,郊,*,*
焦穫,0,0,0,N,place,*,*,*,*,焦穫,*,*
膠東丘陵,0,0,0,N,place,*,*,*,*,膠東丘陵,*,*
膠萊谷地,0,0,0,N,place,*,*,*,*,膠萊谷地,*,*
九份,0,0,0,N,place,*,*,*,*,九份,*,*
九曲洞,0,0,0,N,place,*,*,*,*,九曲洞,*,*
筧橋,0,0,0,N,place,*,*,*,*,筧橋,*,*
建康,0,0,0,N,place,*,*,*,*,建康,*,*
建安,0,0,0,N,place,*,*,*,*,建安,*,*
建業,0,0,0,N,place,*,*,*,*,建業,*,*
劍潭,0,0,0,N,place,*,*,*,*,劍潭,*,*
劍南,0,0,0,N,place,*,*,*,*,劍南,*,*
劍外,0,0,0,N,place,*,*,*,*,劍外,*,*
金陵,0,0,0,N,place,*,*,*,*,金陵,*,*
金谷,0,0,0,N,place,*,*,*,*,金谷,*,*
金瓜石,0,0,0,N,place,*,*,*,*,金瓜石,*,*
金山,0,0,0,N,place,*,*,*,*,金山,*,*
錦官城,0,0,0,N,place,*,*,*,*,錦官城,*,*
鄑,0,0,0,N,place,*,*,*,*,鄑,*,*
江門,0,0,0,N,place,*,*,*,*,江門,*,*
江東六十四屯,0,0,0,N,place,*,*,*,*,江東六十四屯,*,*
江心坡,0,0,0,N,place,*,*,*,*,江心坡,*,*
江孜,0,0,0,N,place,*,*,*,*,江孜,*,*
絳,0,0,0,N,place,*,*,*,*,絳,*,*
京都,0,0,0,N,place,*,*,*,*,京都,*,*
京口,0,0,0,N,place,*,*,*,*,京口,*,*
京兆,0,0,0,N,place,*,*,*,*,京兆,*,*
京兆尹,0,0,0,N,place,*,*,*,*,京兆尹,*,*
經石峪,0,0,0,N,place,*,*,*,*,經石峪,*,*
荊州,0,0,0,N,place,*,*,*,*,荊州,*,*
景陽崗,0,0,0,N,place,*,*,*,*,景陽崗,*,*
鉅鹿,0,0,0,N,place,*,*,*,*,鉅鹿,*,*
鄄城,0,0,0,N,place,*,*,*,*,鄄城,*,*
祁,0,0,0,N,place,*,*,*,*,祁,*,*
祁山,0,0,0,N,place,*,*,*,*,祁山,*,*
旗山,0,0,0,N,place,*,*,*,*,旗山,*,*
恰克圖,0,0,0,N,place,*,*,*,*,恰克圖,*,*
譙,0,0,0,N,place,*,*,*,*,譙,*,*
千佛洞,0,0,0,N,place,*,*,*,*,千佛洞,*,*
秦中,0,0,0,N,place,*,*,*,*,秦中,*,*
秦川,0,0,0,N,place,*,*,*,*,秦川,*,*
雞鹿塞,0,0,0,N,place,*,*,*,*,雞鹿塞,*,*
青康藏高原,0,0,0,N,place,*,*,*,*,青康藏高原,*,*
青海湖盆地,0,0,0,N,place,*,*,*,*,青海湖盆地,*,*
清華園,0,0,0,N,place,*,*,*,*,清華園,*,*
清江浦,0,0,0,N,place,*,*,*,*,清江浦,*,*
瞿塘峽,0,0,0,N,place,*,*,*,*,瞿塘峽,*,*
麴院,0,0,0,N,place,*,*,*,*,麴院,*,*
瓊林苑,0,0,0,N,place,*,*,*,*,瓊林苑,*,*
西伯利亞,0,0,0,N,place,*,*,*,*,西伯利亞,*,*
西都,0,0,0,N,place,*,*,*,*,西都,*,*
西臺古堡,0,0,0,N,place,*,*,*,*,西臺古堡,*,*
西利西亞,0,0,0,N,place,*,*,*,*,西利西亞,*,*
西河,0,0,0,N,place,*,*,*,*,西河,*,*
西京,0,0,0,N,place,*,*,*,*,西京,*,*
西垂,0,0,0,N,place,*,*,*,*,西垂,*,*
西藏地方,0,0,0,N,place,*,*,*,*,西藏地方,*,*
西苑,0,0,0,N,place,*,*,*,*,西苑,*,*
奚,0,0,0,N,place,*,*,*,*,奚,*,*
溪頭,0,0,0,N,place,*,*,*,*,溪頭,*,*
酅,0,0,0,N,place,*,*,*,*,酅,*,*
息壤,0,0,0,N,place,*,*,*,*,息壤,*,*
喜峰口,0,0,0,N,place,*,*,*,*,喜峰口,*,*
汐止,0,0,0,N,place,*,*,*,*,汐止,*,*
矽谷,0,0,0,N,place,*,*,*,*,矽谷,*,*
細柳,0,0,0,N,place,*,*,*,*,細柳,*,*
峽,0,0,0,N,place,*,*,*,*,峽,*,*
下馬陵,0,0,0,N,place,*,*,*,*,下馬陵,*,*
下關,0,0,0,N,place,*,*,*,*,下關,*,*
猇亭,0,0,0,N,place,*,*,*,*,猇亭,*,*
休屠,0,0,0,N,place,*,*,*,*,休屠,*,*
咸陽,0,0,0,N,place,*,*,*,*,咸陽,*,*
鹹,0,0,0,N,place,*,*,*,*,鹹,*,*
新店,0,0,0,N,place,*,*,*,*,新店,*,*
新亭,0,0,0,N,place,*,*,*,*,新亭,*,*
新化,0,0,0,N,place,*,*,*,*,新化,*,*
新莊,0,0,0,N,place,*,*,*,*,新莊,*,*
新英格蘭,0,0,0,N,place,*,*,*,*,新英格蘭,*,*
新營,0,0,0,N,place,*,*,*,*,新營,*,*
鄩,0,0,0,N,place,*,*,*,*,鄩,*,*
香檳,0,0,0,N,place,*,*,*,*,香檳,*,*
香港,0,0,0,N,place,*,*,*,*,香港,*,*
興都斯坦,0,0,0,N,place,*,*,*,*,興都斯坦,*,*
徐州,0,0,0,N,place,*,*,*,*,徐州,*,*
許,0,0,0,N,place,*,*,*,*,許,*,*
玄菟,0,0,0,N,place,*,*,*,*,玄菟,*,*
熊本,0,0,0,N,place,*,*,*,*,熊本,*,*
閘北,0,0,0,N,place,*,*,*,*,閘北,*,*
閘口,0,0,0,N,place,*,*,*,*,閘口,*,*
齋堂,0,0,0,N,place,*,*,*,*,齋堂,*,*
昭關,0,0,0,N,place,*,*,*,*,昭關,*,*
朝歌,0,0,0,N,place,*,*,*,*,朝歌,*,*
周原,0,0,0,N,place,*,*,*,*,周原,*,*
晝,0,0,0,N,place,*,*,*,*,晝,*,*
珍珠港,0,0,0,N,place,*,*,*,*,珍珠港,*,*
鎮南關,0,0,0,N,place,*,*,*,*,鎮南關,*,*
漳州,0,0,0,N,place,*,*,*,*,漳州,*,*
朱仙鎮,0,0,0,N,place,*,*,*,*,朱仙鎮,*,*
禚,0,0,0,N,place,*,*,*,*,禚,*,*
準噶爾盆地,0,0,0,N,place,*,*,*,*,準噶爾盆地,*,*
中和,0,0,0,N,place,*,*,*,*,中和,*,*
中興新村,0,0,0,N,place,*,*,*,*,中興新村,*,*
中亞細亞,0,0,0,N,place,*,*,*,*,中亞細亞,*,*
鍾離,0,0,0,N,place,*,*,*,*,鍾離,*,*
郗,0,0,0,N,place,*,*,*,*,郗,*,*
柴達木盆地,0,0,0,N,place,*,*,*,*,柴達木盆地,*,*
柴市,0,0,0,N,place,*,*,*,*,柴市,*,*
柴桑,0,0,0,N,place,*,*,*,*,柴桑,*,*
潮州,0,0,0,N,place,*,*,*,*,潮州,*,*
潮音洞,0,0,0,N,place,*,*,*,*,潮音洞,*,*
澶淵,0,0,0,N,place,*,*,*,*,澶淵,*,*
酁,0,0,0,N,place,*,*,*,*,酁,*,*
長坂,0,0,0,N,place,*,*,*,*,長坂,*,*
長陵,0,0,0,N,place,*,*,*,*,長陵,*,*
常州,0,0,0,N,place,*,*,*,*,常州,*,*
成都平原,0,0,0,N,place,*,*,*,*,成都平原,*,*
成皋,0,0,0,N,place,*,*,*,*,成皋,*,*
成功嶺,0,0,0,N,place,*,*,*,*,成功嶺,*,*
成周,0,0,0,N,place,*,*,*,*,成周,*,*
城濮,0,0,0,N,place,*,*,*,*,城濮,*,*
鄐,0,0,0,N,place,*,*,*,*,鄐,*,*
穿鼻,0,0,0,N,place,*,*,*,*,穿鼻,*,*
春丕峽,0,0,0,N,place,*,*,*,*,春丕峽,*,*
舂陵,0,0,0,N,place,*,*,*,*,舂陵,*,*
石門,0,0,0,N,place,*,*,*,*,石門,*,*
石碇,0,0,0,N,place,*,*,*,*,石碇,*,*
士林,0,0,0,N,place,*,*,*,*,士林,*,*
沙勞越,0,0,0,N,place,*,*,*,*,沙勞越,*,*
沙鹿,0,0,0,N,place,*,*,*,*,沙鹿,*,*
射,0,0,0,N,place,*,*,*,*,射,*,*
葉,0,0,0,N,place,*,*,*,*,葉,*,*
邵,0,0,0,N,place,*,*,*,*,邵,*,*
山西高原,0,0,0,N,place,*,*,*,*,山西高原,*,*
陝,0,0,0,N,place,*,*,*,*,陝,*,*
善化,0,0,0,N,place,*,*,*,*,善化,*,*
神戶,0,0,0,N,place,*,*,*,*,神戶,*,*
邥,0,0,0,N,place,*,*,*,*,邥,*,*
邥垂,0,0,0,N,place,*,*,*,*,邥垂,*,*
上都,0,0,0,N,place,*,*,*,*,上都,*,*
上京,0,0,0,N,place,*,*,*,*,上京,*,*
盛京,0,0,0,N,place,*,*,*,*,盛京,*,*
朱提,0,0,0,N,place,*,*,*,*,朱提,*,*
順德,0,0,0,N,place,*,*,*,*,順德,*,*
順天,0,0,0,N,place,*,*,*,*,順天,*,*
熱海,0,0,0,N,place,*,*,*,*,熱海,*,*
鄏,0,0,0,N,place,*,*,*,*,鄏,*,*
鄀,0,0,0,N,place,*,*,*,*,鄀,*,*
瑞芳,0,0,0,N,place,*,*,*,*,瑞芳,*,*
自由城,0,0,0,N,place,*,*,*,*,自由城,*,*
自由市,0,0,0,N,place,*,*,*,*,自由市,*,*
郰,0,0,0,N,place,*,*,*,*,郰,*,*
鄹,0,0,0,N,place,*,*,*,*,鄹,*,*
鄹邑,0,0,0,N,place,*,*,*,*,鄹邑,*,*
藏北高原,0,0,0,N,place,*,*,*,*,藏北高原,*,*
藏南縱谷,0,0,0,N,place,*,*,*,*,藏南縱谷,*,*
左營,0,0,0,N,place,*,*,*,*,左營,*,*
檇李,0,0,0,N,place,*,*,*,*,檇李,*,*
磁,0,0,0,N,place,*,*,*,*,磁,*,*
采石磯,0,0,0,N,place,*,*,*,*,采石磯,*,*
菜市口,0,0,0,N,place,*,*,*,*,菜市口,*,*
漕,0,0,0,N,place,*,*,*,*,漕,*,*
滄浪亭,0,0,0,N,place,*,*,*,*,滄浪亭,*,*
滄海,0,0,0,N,place,*,*,*,*,滄海,*,*
鄫,0,0,0,N,place,*,*,*,*,鄫,*,*
趡,0,0,0,N,place,*,*,*,*,趡,*,*
翠亨村,0,0,0,N,place,*,*,*,*,翠亨村,*,*
四關,0,0,0,N,place,*,*,*,*,四關,*,*
四川盆地,0,0,0,N,place,*,*,*,*,四川盆地,*,*
撒哈拉沙漠,0,0,0,N,place,*,*,*,*,撒哈拉沙漠,*,*
薩爾,0,0,0,N,place,*,*,*,*,薩爾,*,*
塞爾維亞,0,0,0,N,place,*,*,*,*,塞爾維亞,*,*
三門,0,0,0,N,place,*,*,*,*,三門,*,*
三塗,0,0,0,N,place,*,*,*,*,三塗,*,*
三歸,0,0,0,N,place,*,*,*,*,三歸,*,*
三荊,0,0,0,N,place,*,*,*,*,三荊,*,*
三芝,0,0,0,N,place,*,*,*,*,三芝,*,*
三楚,0,0,0,N,place,*,*,*,*,三楚,*,*
三重,0,0,0,N,place,*,*,*,*,三重,*,*
桑田,0,0,0,N,place,*,*,*,*,桑田,*,*
桑乾盆地,0,0,0,N,place,*,*,*,*,桑乾盆地,*,*
蘇格蘭,0,0,0,N,place,*,*,*,*,蘇格蘭,*,*
蘇州,0,0,0,N,place,*,*,*,*,蘇州,*,*
睢陽,0,0,0,N,place,*,*,*,*,睢陽,*,*
松漠,0,0,0,N,place,*,*,*,*,松漠,*,*
阿馬達,0,0,0,N,place,*,*,*,*,阿馬達,*,*
阿坶坪,0,0,0,N,place,*,*,*,*,阿坶坪,*,*
阿里,0,0,0,N,place,*,*,*,*,阿里,*,*
阿爾斯太,0,0,0,N,place,*,*,*,*,阿爾斯太,*,*
阿瓦,0,0,0,N,place,*,*,*,*,阿瓦,*,*
鵝鑾鼻,0,0,0,N,place,*,*,*,*,鵝鑾鼻,*,*
厄臺,0,0,0,N,place,*,*,*,*,厄臺,*,*
鄂,0,0,0,N,place,*,*,*,*,鄂,*,*
愛奧尼亞,0,0,0,N,place,*,*,*,*,愛奧尼亞,*,*
鼇峰,0,0,0,N,place,*,*,*,*,鼇峰,*,*
奧杜伐峽谷,0,0,0,N,place,*,*,*,*,奧杜伐峽谷,*,*
奧林比亞,0,0,0,N,place,*,*,*,*,奧林比亞,*,*
澳,0,0,0,N,place,*,*,*,*,澳,*,*
澳門,0,0,0,N,place,*,*,*,*,澳門,*,*
甌,0,0,0,N,place,*,*,*,*,甌,*,*
安提阿,0,0,0,N,place,*,*,*,*,安提阿,*,*
安南,0,0,0,N,place,*,*,*,*,安南,*,*
安陵,0,0,0,N,place,*,*,*,*,安陵,*,*
安陽小屯村,0,0,0,N,place,*,*,*,*,安陽小屯村,*,*
鞍,0,0,0,N,place,*,*,*,*,鞍,*,*
昂昂溪,0,0,0,N,place,*,*,*,*,昂昂溪,*,*
二京,0,0,0,N,place,*,*,*,*,二京,*,*
貳師,0,0,0,N,place,*,*,*,*,貳師,*,*
伊犁,0,0,0,N,place,*,*,*,*,伊犁,*,*
伊吾,0,0,0,N,place,*,*,*,*,伊吾,*,*
圯橋,0,0,0,N,place,*,*,*,*,圯橋,*,*
益州,0,0,0,N,place,*,*,*,*,益州,*,*
翼,0,0,0,N,place,*,*,*,*,翼,*,*
嶧山,0,0,0,N,place,*,*,*,*,嶧山,*,*
雅庫次克,0,0,0,N,place,*,*,*,*,雅庫次克,*,*
雅加達,0,0,0,N,place,*,*,*,*,雅加達,*,*
野柳,0,0,0,N,place,*,*,*,*,野柳,*,*
鄴,0,0,0,N,place,*,*,*,*,鄴,*,*
厓山,0,0,0,N,place,*,*,*,*,厓山,*,*
崖山,0,0,0,N,place,*,*,*,*,崖山,*,*
腰鋪,0,0,0,N,place,*,*,*,*,腰鋪,*,*
堯山縣,0,0,0,N,place,*,*,*,*,堯山縣,*,*
瑤池,0,0,0,N,place,*,*,*,*,瑤池,*,*
幽都,0,0,0,N,place,*,*,*,*,幽都,*,*
幽州,0,0,0,N,place,*,*,*,*,幽州,*,*
鄾,0,0,0,N,place,*,*,*,*,鄾,*,*
有鼻,0,0,0,N,place,*,*,*,*,有鼻,*,*
有庳,0,0,0,N,place,*,*,*,*,有庳,*,*
有熊,0,0,0,N,place,*,*,*,*,有熊,*,*
羑里,0,0,0,N,place,*,*,*,*,羑里,*,*
牖里,0,0,0,N,place,*,*,*,*,牖里,*,*
煙臺,0,0,0,N,place,*,*,*,*,煙臺,*,*
燕臺,0,0,0,N,place,*,*,*,*,燕臺,*,*
延陵,0,0,0,N,place,*,*,*,*,延陵,*,*
郔,0,0,0,N,place,*,*,*,*,郔,*,*
鹽水,0,0,0,N,place,*,*,*,*,鹽水,*,*
兗州,0,0,0,N,place,*,*,*,*,兗州,*,*
雁門關,0,0,0,N,place,*,*,*,*,雁門關,*,*
燕子磯,0,0,0,N,place,*,*,*,*,燕子磯,*,*
灩澦堆,0,0,0,N,place,*,*,*,*,灩澦堆,*,*
陰平,0,0,0,N,place,*,*,*,*,陰平,*,*
銀座,0,0,0,N,place,*,*,*,*,銀座,*,*
羊城,0,0,0,N,place,*,*,*,*,羊城,*,*
洋涇浜英語,0,0,0,N,place,*,*,*,*,洋涇浜英語,*,*
陽關,0,0,0,N,place,*,*,*,*,陽關,*,*
仰韶,0,0,0,N,place,*,*,*,*,仰韶,*,*
英格蘭,0,0,0,N,place,*,*,*,*,英格蘭,*,*
鶯歌,0,0,0,N,place,*,*,*,*,鶯歌,*,*
甖子口,0,0,0,N,place,*,*,*,*,甖子口,*,*
瀛臺,0,0,0,N,place,*,*,*,*,瀛臺,*,*
郢,0,0,0,N,place,*,*,*,*,郢,*,*
郢都,0,0,0,N,place,*,*,*,*,郢都,*,*
應天府,0,0,0,N,place,*,*,*,*,應天府,*,*
烏來,0,0,0,N,place,*,*,*,*,烏來,*,*
烏里雅蘇臺,0,0,0,N,place,*,*,*,*,烏里雅蘇臺,*,*
烏梁海盆地,0,0,0,N,place,*,*,*,*,烏梁海盆地,*,*
烏日,0,0,0,N,place,*,*,*,*,烏日,*,*
烏衣巷,0,0,0,N,place,*,*,*,*,烏衣巷,*,*
鄔,0,0,0,N,place,*,*,*,*,鄔,*,*
郚,0,0,0,N,place,*,*,*,*,郚,*,*
梧棲,0,0,0,N,place,*,*,*,*,梧棲,*,*
吳,0,0,0,N,place,*,*,*,*,吳,*,*
吳都,0,0,0,N,place,*,*,*,*,吳都,*,*
五股,0,0,0,N,place,*,*,*,*,五股,*,*
霧社,0,0,0,N,place,*,*,*,*,霧社,*,*
臥龍岡,0,0,0,N,place,*,*,*,*,臥龍岡,*,*
外高加索,0,0,0,N,place,*,*,*,*,外高加索,*,*
威尼斯,0,0,0,N,place,*,*,*,*,威尼斯,*,*
威靈頓,0,0,0,N,place,*,*,*,*,威靈頓,*,*
威海衛,0,0,0,N,place,*,*,*,*,威海衛,*,*
鄬,0,0,0,N,place,*,*,*,*,鄬,*,*
維多利亞瀑布,0,0,0,N,place,*,*,*,*,維多利亞瀑布,*,*
維科揚斯克,0,0,0,N,place,*,*,*,*,維科揚斯克,*,*
蒍,0,0,0,N,place,*,*,*,*,蒍,*,*
渭河盆地,0,0,0,N,place,*,*,*,*,渭河盆地,*,*
渭城,0,0,0,N,place,*,*,*,*,渭城,*,*
渭陽,0,0,0,N,place,*,*,*,*,渭陽,*,*
皖北平原,0,0,0,N,place,*,*,*,*,皖北平原,*,*
萬華,0,0,0,N,place,*,*,*,*,萬華,*,*
王官,0,0,0,N,place,*,*,*,*,王官,*,*
于闐,0,0,0,N,place,*,*,*,*,于闐,*,*
盂,0,0,0,N,place,*,*,*,*,盂,*,*
愚公谷,0,0,0,N,place,*,*,*,*,愚公谷,*,*
隃麋,0,0,0,N,place,*,*,*,*,隃麋,*,*
雨花臺,0,0,0,N,place,*,*,*,*,雨花臺,*,*
禹穴,0,0,0,N,place,*,*,*,*,禹穴,*,*
玉井,0,0,0,N,place,*,*,*,*,玉井,*,*
閼與,0,0,0,N,place,*,*,*,*,閼與,*,*
豫州,0,0,0,N,place,*,*,*,*,豫州,*,*
岳陽,0,0,0,N,place,*,*,*,*,岳陽,*,*
邧,0,0,0,N,place,*,*,*,*,邧,*,*
圓山,0,0,0,N,place,*,*,*,*,圓山,*,*
雲林,0,0,0,N,place,*,*,*,*,雲林,*,*
雲岡,0,0,0,N,place,*,*,*,*,雲岡,*,*
雲谷,0,0,0,N,place,*,*,*,*,雲谷,*,*
雲貴高原,0,0,0,N,place,*,*,*,*,雲貴高原,*,*
雲際,0,0,0,N,place,*,*,*,*,雲際,*,*
鄖,0,0,0,N,place,*,*,*,*,鄖,*,*
鄖陽,0,0,0,N,place,*,*,*,*,鄖陽,*,*
鄆,0,0,0,N,place,*,*,*,*,鄆,*,*
雍門,0,0,0,N,place,*,*,*,*,雍門,*,*
永康,0,0,0,N,place,*,*,*,*,永康,*,*
永和,0,0,0,N,place,*,*,*,*,永和,*,*
巴丹半島,0,0,0,N,place,*,*,*,*,巴丹半島,*,*
巴爾幹半島,0,0,0,N,place,*,*,*,*,巴爾幹半島,*,*
伯羅奔尼撒半島,0,0,0,N,place,*,*,*,*,伯羅奔尼撒半島,*,*
馬來,0,0,0,N,place,*,*,*,*,馬來,*,*
馬來半島,0,0,0,N,place,*,*,*,*,馬來半島,*,*
拉布拉多半島,0,0,0,N,place,*,*,*,*,拉布拉多半島,*,*
雷州半島,0,0,0,N,place,*,*,*,*,雷州半島,*,*
遼東半島,0,0,0,N,place,*,*,*,*,遼東半島,*,*
克里米亞半島,0,0,0,N,place,*,*,*,*,克里米亞半島,*,*
堪察加半島,0,0,0,N,place,*,*,*,*,堪察加半島,*,*
恆春半島,0,0,0,N,place,*,*,*,*,恆春半島,*,*
葫蘆島,0,0,0,N,place,*,*,*,*,葫蘆島,*,*
九龍,0,0,0,N,place,*,*,*,*,九龍,*,*
九龍半島,0,0,0,N,place,*,*,*,*,九龍半島,*,*
西奈半島,0,0,0,N,place,*,*,*,*,西奈半島,*,*
小亞細亞,0,0,0,N,place,*,*,*,*,小亞細亞,*,*
直布羅陀,0,0,0,N,place,*,*,*,*,直布羅陀,*,*
中南半島,0,0,0,N,place,*,*,*,*,中南半島,*,*
朝鮮半島,0,0,0,N,place,*,*,*,*,朝鮮半島,*,*
山東半島,0,0,0,N,place,*,*,*,*,山東半島,*,*
日德蘭半島,0,0,0,N,place,*,*,*,*,日德蘭半島,*,*
斯堪的那維亞半島,0,0,0,N,place,*,*,*,*,斯堪的那維亞半島,*,*
阿拉伯,0,0,0,N,place,*,*,*,*,阿拉伯,*,*
阿拉伯半島,0,0,0,N,place,*,*,*,*,阿拉伯半島,*,*
伊比利半島,0,0,0,N,place,*,*,*,*,伊比利半島,*,*
伊豆半島,0,0,0,N,place,*,*,*,*,伊豆半島,*,*
義大利半島,0,0,0,N,place,*,*,*,*,義大利半島,*,*
猶加敦半島,0,0,0,N,place,*,*,*,*,猶加敦半島,*,*
印度半島,0,0,0,N,place,*,*,*,*,印度半島,*,*
巴芬島,0,0,0,N,place,*,*,*,*,巴芬島,*,*
巴里島,0,0,0,N,place,*,*,*,*,巴里島,*,*
波多黎各,0,0,0,N,place,*,*,*,*,波多黎各,*,*
波納爾,0,0,0,N,place,*,*,*,*,波納爾,*,*
白沙島,0,0,0,N,place,*,*,*,*,白沙島,*,*
北島,0,0,0,N,place,*,*,*,*,北島,*,*
北海道,0,0,0,N,place,*,*,*,*,北海道,*,*
北所羅門,0,0,0,N,place,*,*,*,*,北所羅門,*,*
班克斯島,0,0,0,N,place,*,*,*,*,班克斯島,*,*
班艾島,0,0,0,N,place,*,*,*,*,班艾島,*,*
比基尼,0,0,0,N,place,*,*,*,*,比基尼,*,*
比基尼島,0,0,0,N,place,*,*,*,*,比基尼島,*,*
檳榔嶼,0,0,0,N,place,*,*,*,*,檳榔嶼,*,*
婆羅洲,0,0,0,N,place,*,*,*,*,婆羅洲,*,*
彭佳嶼,0,0,0,N,place,*,*,*,*,彭佳嶼,*,*
丕林島,0,0,0,N,place,*,*,*,*,丕林島,*,*
皮島,0,0,0,N,place,*,*,*,*,皮島,*,*
馬祖,0,0,0,N,place,*,*,*,*,馬祖,*,*
馬祖島,0,0,0,N,place,*,*,*,*,馬祖島,*,*
曼哈坦島,0,0,0,N,place,*,*,*,*,曼哈坦島,*,*
大不列顛,0,0,0,N,place,*,*,*,*,大不列顛,*,*
大溪地,0,0,0,N,place,*,*,*,*,大溪地,*,*
大陳島,0,0,0,N,place,*,*,*,*,大陳島,*,*
東沙島,0,0,0,N,place,*,*,*,*,東沙島,*,*
紐芬蘭,0,0,0,N,place,*,*,*,*,紐芬蘭,*,*
蘭嶼,0,0,0,N,place,*,*,*,*,蘭嶼,*,*
呂宋島,0,0,0,N,place,*,*,*,*,呂宋島,*,*
綠島,0,0,0,N,place,*,*,*,*,綠島,*,*
格陵蘭,0,0,0,N,place,*,*,*,*,格陵蘭,*,*
鼓浪嶼,0,0,0,N,place,*,*,*,*,鼓浪嶼,*,*
龜山島,0,0,0,N,place,*,*,*,*,龜山島,*,*
關島,0,0,0,N,place,*,*,*,*,關島,*,*
宮古島,0,0,0,N,place,*,*,*,*,宮古島,*,*
科西嘉,0,0,0,N,place,*,*,*,*,科西嘉,*,*
開普不列敦,0,0,0,N,place,*,*,*,*,開普不列敦,*,*
庫頁島,0,0,0,N,place,*,*,*,*,庫頁島,*,*
海地,0,0,0,N,place,*,*,*,*,海地,*,*
海南島,0,0,0,N,place,*,*,*,*,海南島,*,*
濟州島,0,0,0,N,place,*,*,*,*,濟州島,*,*
九州,0,0,0,N,place,*,*,*,*,九州,*,*
千里達,0,0,0,N,place,*,*,*,*,千里達,*,*
瓊華島,0,0,0,N,place,*,*,*,*,瓊華島,*,*
西拉島,0,0,0,N,place,*,*,*,*,西拉島,*,*
西蘭島,0,0,0,N,place,*,*,*,*,西蘭島,*,*
西西里島,0,0,0,N,place,*,*,*,*,西西里島,*,*
新不列顛,0,0,0,N,place,*,*,*,*,新不列顛,*,*
新幾內亞島,0,0,0,N,place,*,*,*,*,新幾內亞島,*,*
新愛爾蘭島,0,0,0,N,place,*,*,*,*,新愛爾蘭島,*,*
香港,0,0,0,N,place,*,*,*,*,香港,*,*
爪哇,0,0,0,N,place,*,*,*,*,爪哇,*,*
爪哇島,0,0,0,N,place,*,*,*,*,爪哇島,*,*
舟山島,0,0,0,N,place,*,*,*,*,舟山島,*,*
長島,0,0,0,N,place,*,*,*,*,長島,*,*
沖繩島,0,0,0,N,place,*,*,*,*,沖繩島,*,*
沙門島,0,0,0,N,place,*,*,*,*,沙門島,*,*
聖赫勒拿島,0,0,0,N,place,*,*,*,*,聖赫勒拿島,*,*
四國,0,0,0,N,place,*,*,*,*,四國,*,*
薩摩斯島,0,0,0,N,place,*,*,*,*,薩摩斯島,*,*
薩丁尼亞島,0,0,0,N,place,*,*,*,*,薩丁尼亞島,*,*
塞班島,0,0,0,N,place,*,*,*,*,塞班島,*,*
蘇門答臘,0,0,0,N,place,*,*,*,*,蘇門答臘,*,*
蘇拉威西島,0,0,0,N,place,*,*,*,*,蘇拉威西島,*,*
厄爾巴島,0,0,0,N,place,*,*,*,*,厄爾巴島,*,*
愛德華島,0,0,0,N,place,*,*,*,*,愛德華島,*,*
愛爾蘭,0,0,0,N,place,*,*,*,*,愛爾蘭,*,*
愛爾蘭島,0,0,0,N,place,*,*,*,*,愛爾蘭島,*,*
歐胡島,0,0,0,N,place,*,*,*,*,歐胡島,*,*
安汶島,0,0,0,N,place,*,*,*,*,安汶島,*,*
一江山,0,0,0,N,place,*,*,*,*,一江山,*,*
伊斯特島,0,0,0,N,place,*,*,*,*,伊斯特島,*,*
勿里洞島,0,0,0,N,place,*,*,*,*,勿里洞島,*,*
威克島,0,0,0,N,place,*,*,*,*,威克島,*,*
溫哥華,0,0,0,N,place,*,*,*,*,溫哥華,*,*
巴哈馬群島,0,0,0,N,place,*,*,*,*,巴哈馬群島,*,*
波里尼西亞,0,0,0,N,place,*,*,*,*,波里尼西亞,*,*
百慕達群島,0,0,0,N,place,*,*,*,*,百慕達群島,*,*
班達群島,0,0,0,N,place,*,*,*,*,班達群島,*,*
班克斯群島,0,0,0,N,place,*,*,*,*,班克斯群島,*,*
不列顛群島,0,0,0,N,place,*,*,*,*,不列顛群島,*,*
澎湖群島,0,0,0,N,place,*,*,*,*,澎湖群島,*,*
馬來群島,0,0,0,N,place,*,*,*,*,馬來群島,*,*
摩鹿加群島,0,0,0,N,place,*,*,*,*,摩鹿加群島,*,*
美拉尼西亞,0,0,0,N,place,*,*,*,*,美拉尼西亞,*,*
福克蘭群島,0,0,0,N,place,*,*,*,*,福克蘭群島,*,*
大安地列斯群島,0,0,0,N,place,*,*,*,*,大安地列斯群島,*,*
釣魚臺,0,0,0,N,place,*,*,*,*,釣魚臺,*,*
東加群島,0,0,0,N,place,*,*,*,*,東加群島,*,*
東沙群島,0,0,0,N,place,*,*,*,*,東沙群島,*,*
團沙群島,0,0,0,N,place,*,*,*,*,團沙群島,*,*
南沙群島,0,0,0,N,place,*,*,*,*,南沙群島,*,*
南洋,0,0,0,N,place,*,*,*,*,南洋,*,*
琉球群島,0,0,0,N,place,*,*,*,*,琉球群島,*,*
硫磺群島,0,0,0,N,place,*,*,*,*,硫磺群島,*,*
開普威得,0,0,0,N,place,*,*,*,*,開普威得,*,*
海峽群島,0,0,0,N,place,*,*,*,*,海峽群島,*,*
加那列群島,0,0,0,N,place,*,*,*,*,加那列群島,*,*
加拉巴哥群島,0,0,0,N,place,*,*,*,*,加拉巴哥群島,*,*
加羅林群島,0,0,0,N,place,*,*,*,*,加羅林群島,*,*
千島群島,0,0,0,N,place,*,*,*,*,千島群島,*,*
西沙群島,0,0,0,N,place,*,*,*,*,西沙群島,*,*
西印度群島,0,0,0,N,place,*,*,*,*,西印度群島,*,*
希臘群島,0,0,0,N,place,*,*,*,*,希臘群島,*,*
昔得蘭群島,0,0,0,N,place,*,*,*,*,昔得蘭群島,*,*
小笠原群島,0,0,0,N,place,*,*,*,*,小笠原群島,*,*
小安地列斯群島,0,0,0,N,place,*,*,*,*,小安地列斯群島,*,*
香料群島,0,0,0,N,place,*,*,*,*,香料群島,*,*
巽他群島,0,0,0,N,place,*,*,*,*,巽他群島,*,*
舟山群島,0,0,0,N,place,*,*,*,*,舟山群島,*,*
中途島,0,0,0,N,place,*,*,*,*,中途島,*,*
中沙群島,0,0,0,N,place,*,*,*,*,中沙群島,*,*
赤道群島,0,0,0,N,place,*,*,*,*,赤道群島,*,*
社會群島,0,0,0,N,place,*,*,*,*,社會群島,*,*
嵊泗列島,0,0,0,N,place,*,*,*,*,嵊泗列島,*,*
薩摩亞群島,0,0,0,N,place,*,*,*,*,薩摩亞群島,*,*
索羅門群島,0,0,0,N,place,*,*,*,*,索羅門群島,*,*
阿留申群島,0,0,0,N,place,*,*,*,*,阿留申群島,*,*
阿魯,0,0,0,N,place,*,*,*,*,阿魯,*,*
安達曼群島,0,0,0,N,place,*,*,*,*,安達曼群島,*,*
安地列斯群島,0,0,0,N,place,*,*,*,*,安地列斯群島,*,*
亞速群島,0,0,0,N,place,*,*,*,*,亞速群島,*,*
北,0,0,0,N,place,*,*,*,*,北,*,*
北邊,0,0,0,N,place,*,*,*,*,北邊,*,*
北方,0,0,0,N,place,*,*,*,*,北方,*,*
東,0,0,0,N,place,*,*,*,*,東,*,*
東北,0,0,0,N,place,*,*,*,*,東北,*,*
東南,0,0,0,N,place,*,*,*,*,東南,*,*
南,0,0,0,N,place,*,*,*,*,南,*,*
南邊,0,0,0,N,place,*,*,*,*,南邊,*,*
南方,0,0,0,N,place,*,*,*,*,南方,*,*
艮,0,0,0,N,place,*,*,*,*,艮,*,*
西,0,0,0,N,place,*,*,*,*,西,*,*
西北,0,0,0,N,place,*,*,*,*,西北,*,*
西邊,0,0,0,N,place,*,*,*,*,西邊,*,*
西方,0,0,0,N,place,*,*,*,*,西方,*,*
西南,0,0,0,N,place,*,*,*,*,西南,*,*
八達嶺,0,0,0,N,place,*,*,*,*,八達嶺,*,*
八卦山,0,0,0,N,place,*,*,*,*,八卦山,*,*
八公山,0,0,0,N,place,*,*,*,*,八公山,*,*
八仙山,0,0,0,N,place,*,*,*,*,八仙山,*,*
扒拉大山,0,0,0,N,place,*,*,*,*,扒拉大山,*,*
巴里庫廷火山,0,0,0,N,place,*,*,*,*,巴里庫廷火山,*,*
巴陵,0,0,0,N,place,*,*,*,*,巴陵,*,*
巴陵山,0,0,0,N,place,*,*,*,*,巴陵山,*,*
巴丘,0,0,0,N,place,*,*,*,*,巴丘,*,*
巴山,0,0,0,N,place,*,*,*,*,巴山,*,*
拔達嶺,0,0,0,N,place,*,*,*,*,拔達嶺,*,*
嶓冢,0,0,0,N,place,*,*,*,*,嶓冢,*,*
白登,0,0,0,N,place,*,*,*,*,白登,*,*
白狼,0,0,0,N,place,*,*,*,*,白狼,*,*
白山,0,0,0,N,place,*,*,*,*,白山,*,*
白嶽山,0,0,0,N,place,*,*,*,*,白嶽山,*,*
白雲山,0,0,0,N,place,*,*,*,*,白雲山,*,*
百果山,0,0,0,N,place,*,*,*,*,百果山,*,*
北邙山,0,0,0,N,place,*,*,*,*,北邙山,*,*
北塔山,0,0,0,N,place,*,*,*,*,北塔山,*,*
北固山,0,0,0,N,place,*,*,*,*,北固山,*,*
包山,0,0,0,N,place,*,*,*,*,包山,*,*
苞茅,0,0,0,N,place,*,*,*,*,苞茅,*,*
寶蓋山,0,0,0,N,place,*,*,*,*,寶蓋山,*,*
抱犢山,0,0,0,N,place,*,*,*,*,抱犢山,*,*
班都斯山,0,0,0,N,place,*,*,*,*,班都斯山,*,*
半屏山,0,0,0,N,place,*,*,*,*,半屏山,*,*
庇里牛斯山,0,0,0,N,place,*,*,*,*,庇里牛斯山,*,*
豳,0,0,0,N,place,*,*,*,*,豳,*,*
不周,0,0,0,N,place,*,*,*,*,不周,*,*
不周山,0,0,0,N,place,*,*,*,*,不周山,*,*
不死山,0,0,0,N,place,*,*,*,*,不死山,*,*
盤山,0,0,0,N,place,*,*,*,*,盤山,*,*
彭門山,0,0,0,N,place,*,*,*,*,彭門山,*,*
阰,0,0,0,N,place,*,*,*,*,阰,*,*
屏山,0,0,0,N,place,*,*,*,*,屏山,*,*
普陀山,0,0,0,N,place,*,*,*,*,普陀山,*,*
麻姑,0,0,0,N,place,*,*,*,*,麻姑,*,*
麻姑山,0,0,0,N,place,*,*,*,*,麻姑山,*,*
馬鞍山,0,0,0,N,place,*,*,*,*,馬鞍山,*,*
摩天嶺,0,0,0,N,place,*,*,*,*,摩天嶺,*,*
莫干山,0,0,0,N,place,*,*,*,*,莫干山,*,*
磨盤,0,0,0,N,place,*,*,*,*,磨盤,*,*
麥積山,0,0,0,N,place,*,*,*,*,麥積山,*,*
梅嶺,0,0,0,N,place,*,*,*,*,梅嶺,*,*
煤山,0,0,0,N,place,*,*,*,*,煤山,*,*
茅山,0,0,0,N,place,*,*,*,*,茅山,*,*
峚,0,0,0,N,place,*,*,*,*,峚,*,*
綿山,0,0,0,N,place,*,*,*,*,綿山,*,*
鳴沙,0,0,0,N,place,*,*,*,*,鳴沙,*,*
鳴沙山,0,0,0,N,place,*,*,*,*,鳴沙山,*,*
方壺,0,0,0,N,place,*,*,*,*,方壺,*,*
方城,0,0,0,N,place,*,*,*,*,方城,*,*
房山,0,0,0,N,place,*,*,*,*,房山,*,*
富士山,0,0,0,N,place,*,*,*,*,富士山,*,*
大霸尖山,0,0,0,N,place,*,*,*,*,大霸尖山,*,*
大分水山脈,0,0,0,N,place,*,*,*,*,大分水山脈,*,*
大屯山,0,0,0,N,place,*,*,*,*,大屯山,*,*
大黑山,0,0,0,N,place,*,*,*,*,大黑山,*,*
大尖山,0,0,0,N,place,*,*,*,*,大尖山,*,*
大興安嶺,0,0,0,N,place,*,*,*,*,大興安嶺,*,*
大雪山,0,0,0,N,place,*,*,*,*,大雪山,*,*
大庾嶺,0,0,0,N,place,*,*,*,*,大庾嶺,*,*
碭,0,0,0,N,place,*,*,*,*,碭,*,*
砥柱,0,0,0,N,place,*,*,*,*,砥柱,*,*
定軍山,0,0,0,N,place,*,*,*,*,定軍山,*,*
東蒙,0,0,0,N,place,*,*,*,*,東蒙,*,*
太白,0,0,0,N,place,*,*,*,*,太白,*,*
太行山,0,0,0,N,place,*,*,*,*,太行山,*,*
太山,0,0,0,N,place,*,*,*,*,太山,*,*
太一,0,0,0,N,place,*,*,*,*,太一,*,*
太乙,0,0,0,N,place,*,*,*,*,太乙,*,*
太武山,0,0,0,N,place,*,*,*,*,太武山,*,*
泰山,0,0,0,N,place,*,*,*,*,泰山,*,*
潭柘,0,0,0,N,place,*,*,*,*,潭柘,*,*
唐努山,0,0,0,N,place,*,*,*,*,唐努山,*,*
唐古喇山,0,0,0,N,place,*,*,*,*,唐古喇山,*,*
天姥山,0,0,0,N,place,*,*,*,*,天姥山,*,*
天台,0,0,0,N,place,*,*,*,*,天台,*,*
天台山,0,0,0,N,place,*,*,*,*,天台山,*,*
天池,0,0,0,N,place,*,*,*,*,天池,*,*
天壽山,0,0,0,N,place,*,*,*,*,天壽山,*,*
嶀,0,0,0,N,place,*,*,*,*,嶀,*,*
塗山,0,0,0,N,place,*,*,*,*,塗山,*,*
峱,0,0,0,N,place,*,*,*,*,峱,*,*
南明,0,0,0,N,place,*,*,*,*,南明,*,*
南嶽,0,0,0,N,place,*,*,*,*,南嶽,*,*
能高山,0,0,0,N,place,*,*,*,*,能高山,*,*
女床,0,0,0,N,place,*,*,*,*,女床,*,*
崍,0,0,0,N,place,*,*,*,*,崍,*,*
嶗,0,0,0,N,place,*,*,*,*,嶗,*,*
藍田,0,0,0,N,place,*,*,*,*,藍田,*,*
狼居胥山,0,0,0,N,place,*,*,*,*,狼居胥山,*,*
狼山,0,0,0,N,place,*,*,*,*,狼山,*,*
琅邪山,0,0,0,N,place,*,*,*,*,琅邪山,*,*
瑯琊山,0,0,0,N,place,*,*,*,*,瑯琊山,*,*
閬風,0,0,0,N,place,*,*,*,*,閬風,*,*
離堆山,0,0,0,N,place,*,*,*,*,離堆山,*,*
驪山,0,0,0,N,place,*,*,*,*,驪山,*,*
利物浦,0,0,0,N,place,*,*,*,*,利物浦,*,*
歷山,0,0,0,N,place,*,*,*,*,歷山,*,*
麗山,0,0,0,N,place,*,*,*,*,麗山,*,*
梁山,0,0,0,N,place,*,*,*,*,梁山,*,*
靈隱山,0,0,0,N,place,*,*,*,*,靈隱山,*,*
廬山,0,0,0,N,place,*,*,*,*,廬山,*,*
羅浮山,0,0,0,N,place,*,*,*,*,羅浮山,*,*
隆中山,0,0,0,N,place,*,*,*,*,隆中山,*,*
龍門山,0,0,0,N,place,*,*,*,*,龍門山,*,*
龍虎山,0,0,0,N,place,*,*,*,*,龍虎山,*,*
龍山,0,0,0,N,place,*,*,*,*,龍山,*,*
呂梁山,0,0,0,N,place,*,*,*,*,呂梁山,*,*
綠林,0,0,0,N,place,*,*,*,*,綠林,*,*
艮嶽,0,0,0,N,place,*,*,*,*,艮嶽,*,*
孤山,0,0,0,N,place,*,*,*,*,孤山,*,*
牯嶺,0,0,0,N,place,*,*,*,*,牯嶺,*,*
崞山,0,0,0,N,place,*,*,*,*,崞山,*,*
龜山,0,0,0,N,place,*,*,*,*,龜山,*,*
會稽,0,0,0,N,place,*,*,*,*,會稽,*,*
會稽山,0,0,0,N,place,*,*,*,*,會稽山,*,*
觀音山,0,0,0,N,place,*,*,*,*,觀音山,*,*
廣武,0,0,0,N,place,*,*,*,*,廣武,*,*
喀喇崑崙山,0,0,0,N,place,*,*,*,*,喀喇崑崙山,*,*
龕山,0,0,0,N,place,*,*,*,*,龕山,*,*
庫勒山,0,0,0,N,place,*,*,*,*,庫勒山,*,*
崑崙,0,0,0,N,place,*,*,*,*,崑崙,*,*
崑崙山,0,0,0,N,place,*,*,*,*,崑崙山,*,*
崑山,0,0,0,N,place,*,*,*,*,崑山,*,*
空桑,0,0,0,N,place,*,*,*,*,空桑,*,*
崆峒山,0,0,0,N,place,*,*,*,*,崆峒山,*,*
合歡山,0,0,0,N,place,*,*,*,*,合歡山,*,*
賀蘭,0,0,0,N,place,*,*,*,*,賀蘭,*,*
賀蘭山,0,0,0,N,place,*,*,*,*,賀蘭山,*,*
黑山,0,0,0,N,place,*,*,*,*,黑山,*,*
崡,0,0,0,N,place,*,*,*,*,崡,*,*
汗騰格里山,0,0,0,N,place,*,*,*,*,汗騰格里山,*,*
杭愛山,0,0,0,N,place,*,*,*,*,杭愛山,*,*
恆山,0,0,0,N,place,*,*,*,*,恆山,*,*
衡山,0,0,0,N,place,*,*,*,*,衡山,*,*
虎丘,0,0,0,N,place,*,*,*,*,虎丘,*,*
華山,0,0,0,N,place,*,*,*,*,華山,*,*
火焰山,0,0,0,N,place,*,*,*,*,火焰山,*,*
霍,0,0,0,N,place,*,*,*,*,霍,*,*
轘轅,0,0,0,N,place,*,*,*,*,轘轅,*,*
黃蘗山,0,0,0,N,place,*,*,*,*,黃蘗山,*,*
黃陵,0,0,0,N,place,*,*,*,*,黃陵,*,*
黃山,0,0,0,N,place,*,*,*,*,黃山,*,*
箕山,0,0,0,N,place,*,*,*,*,箕山,*,*
吉力馬札羅山,0,0,0,N,place,*,*,*,*,吉力馬札羅山,*,*
蕺山,0,0,0,N,place,*,*,*,*,蕺山,*,*
郟,0,0,0,N,place,*,*,*,*,郟,*,*
介山,0,0,0,N,place,*,*,*,*,介山,*,*
九華山,0,0,0,N,place,*,*,*,*,九華山,*,*
九疑山,0,0,0,N,place,*,*,*,*,九疑山,*,*
劍門山,0,0,0,N,place,*,*,*,*,劍門山,*,*
金牛山,0,0,0,N,place,*,*,*,*,金牛山,*,*
金山,0,0,0,N,place,*,*,*,*,金山,*,*
荊門,0,0,0,N,place,*,*,*,*,荊門,*,*
荊山,0,0,0,N,place,*,*,*,*,荊山,*,*
景山,0,0,0,N,place,*,*,*,*,景山,*,*
敬亭山,0,0,0,N,place,*,*,*,*,敬亭山,*,*
君山,0,0,0,N,place,*,*,*,*,君山,*,*
七星山,0,0,0,N,place,*,*,*,*,七星山,*,*
棲霞,0,0,0,N,place,*,*,*,*,棲霞,*,*
祁連山,0,0,0,N,place,*,*,*,*,祁連山,*,*
岐山,0,0,0,N,place,*,*,*,*,岐山,*,*
鄗,0,0,0,N,place,*,*,*,*,鄗,*,*
橋山,0,0,0,N,place,*,*,*,*,橋山,*,*
千佛山,0,0,0,N,place,*,*,*,*,千佛山,*,*
淺間山,0,0,0,N,place,*,*,*,*,淺間山,*,*
青城山,0,0,0,N,place,*,*,*,*,青城山,*,*
邛崍山,0,0,0,N,place,*,*,*,*,邛崍山,*,*
嶍峨,0,0,0,N,place,*,*,*,*,嶍峨,*,*
錫礦山,0,0,0,N,place,*,*,*,*,錫礦山,*,*
錫安,0,0,0,N,place,*,*,*,*,錫安,*,*
喜馬拉雅山,0,0,0,N,place,*,*,*,*,喜馬拉雅山,*,*
小雪山,0,0,0,N,place,*,*,*,*,小雪山,*,*
小倉山,0,0,0,N,place,*,*,*,*,小倉山,*,*
仙人掌,0,0,0,N,place,*,*,*,*,仙人掌,*,*
鮮卑,0,0,0,N,place,*,*,*,*,鮮卑,*,*
香山,0,0,0,N,place,*,*,*,*,香山,*,*
象山,0,0,0,N,place,*,*,*,*,象山,*,*
陘山,0,0,0,N,place,*,*,*,*,陘山,*,*
須彌山,0,0,0,N,place,*,*,*,*,須彌山,*,*
雪山,0,0,0,N,place,*,*,*,*,雪山,*,*
玄天,0,0,0,N,place,*,*,*,*,玄天,*,*
玄闕,0,0,0,N,place,*,*,*,*,玄闕,*,*
朱提,0,0,0,N,place,*,*,*,*,朱提,*,*
涿鹿,0,0,0,N,place,*,*,*,*,涿鹿,*,*
涿鹿山,0,0,0,N,place,*,*,*,*,涿鹿山,*,*
中條山,0,0,0,N,place,*,*,*,*,中條山,*,*
鍾山,0,0,0,N,place,*,*,*,*,鍾山,*,*
赤壁,0,0,0,N,place,*,*,*,*,赤壁,*,*
赤城,0,0,0,N,place,*,*,*,*,赤城,*,*
插灶,0,0,0,N,place,*,*,*,*,插灶,*,*
長白山,0,0,0,N,place,*,*,*,*,長白山,*,*
圌,0,0,0,N,place,*,*,*,*,圌,*,*
首陽山,0,0,0,N,place,*,*,*,*,首陽山,*,*
壽山,0,0,0,N,place,*,*,*,*,壽山,*,*
瀧岡,0,0,0,N,place,*,*,*,*,瀧岡,*,*
徂徠山,0,0,0,N,place,*,*,*,*,徂徠山,*,*
翠屏山,0,0,0,N,place,*,*,*,*,翠屏山,*,*
翠微山,0,0,0,N,place,*,*,*,*,翠微山,*,*
蔥嶺,0,0,0,N,place,*,*,*,*,蔥嶺,*,*
三山,0,0,0,N,place,*,*,*,*,三山,*,*
肅然,0,0,0,N,place,*,*,*,*,肅然,*,*
松嶺,0,0,0,N,place,*,*,*,*,松嶺,*,*
松山,0,0,0,N,place,*,*,*,*,松山,*,*
嵩山,0,0,0,N,place,*,*,*,*,嵩山,*,*
阿空卡瓜,0,0,0,N,place,*,*,*,*,阿空卡瓜,*,*
阿蘇山,0,0,0,N,place,*,*,*,*,阿蘇山,*,*
阿爾泰山,0,0,0,N,place,*,*,*,*,阿爾泰山,*,*
峨嵋山,0,0,0,N,place,*,*,*,*,峨嵋山,*,*
鵝湖,0,0,0,N,place,*,*,*,*,鵝湖,*,*
埃特納火山,0,0,0,N,place,*,*,*,*,埃特納火山,*,*
鼇山,0,0,0,N,place,*,*,*,*,鼇山,*,*
奧林帕斯山,0,0,0,N,place,*,*,*,*,奧林帕斯山,*,*
伊闕山,0,0,0,N,place,*,*,*,*,伊闕山,*,*
沂山,0,0,0,N,place,*,*,*,*,沂山,*,*
嶷,0,0,0,N,place,*,*,*,*,嶷,*,*
亞拉拉特山,0,0,0,N,place,*,*,*,*,亞拉拉特山,*,*
冶父,0,0,0,N,place,*,*,*,*,冶父,*,*
崤山,0,0,0,N,place,*,*,*,*,崤山,*,*
殽,0,0,0,N,place,*,*,*,*,殽,*,*
崦嵫,0,0,0,N,place,*,*,*,*,崦嵫,*,*
焉支山,0,0,0,N,place,*,*,*,*,焉支山,*,*
燕然山,0,0,0,N,place,*,*,*,*,燕然山,*,*
雁蕩山,0,0,0,N,place,*,*,*,*,雁蕩山,*,*
銀山,0,0,0,N,place,*,*,*,*,銀山,*,*
陽明山,0,0,0,N,place,*,*,*,*,陽明山,*,*
陽臺,0,0,0,N,place,*,*,*,*,陽臺,*,*
巫山,0,0,0,N,place,*,*,*,*,巫山,*,*
烏拉山,0,0,0,N,place,*,*,*,*,烏拉山,*,*
峿山,0,0,0,N,place,*,*,*,*,峿山,*,*
五臺山,0,0,0,N,place,*,*,*,*,五臺山,*,*
五指山,0,0,0,N,place,*,*,*,*,五指山,*,*
武當山,0,0,0,N,place,*,*,*,*,武當山,*,*
武陵,0,0,0,N,place,*,*,*,*,武陵,*,*
武功,0,0,0,N,place,*,*,*,*,武功,*,*
武夷山,0,0,0,N,place,*,*,*,*,武夷山,*,*
維蘇威火山,0,0,0,N,place,*,*,*,*,維蘇威火山,*,*
萬壽山,0,0,0,N,place,*,*,*,*,萬壽山,*,*
虞山,0,0,0,N,place,*,*,*,*,虞山,*,*
雩山,0,0,0,N,place,*,*,*,*,雩山,*,*
羽山,0,0,0,N,place,*,*,*,*,羽山,*,*
庾嶺,0,0,0,N,place,*,*,*,*,庾嶺,*,*
玉帶,0,0,0,N,place,*,*,*,*,玉帶,*,*
玉壘山,0,0,0,N,place,*,*,*,*,玉壘山,*,*
玉山,0,0,0,N,place,*,*,*,*,玉山,*,*
越城嶺,0,0,0,N,place,*,*,*,*,越城嶺,*,*
粵秀山,0,0,0,N,place,*,*,*,*,粵秀山,*,*
鸑鷟,0,0,0,N,place,*,*,*,*,鸑鷟,*,*
員丘山,0,0,0,N,place,*,*,*,*,員丘山,*,*
雲臺山,0,0,0,N,place,*,*,*,*,雲臺山,*,*
雲林,0,0,0,N,place,*,*,*,*,雲林,*,*
雲谷,0,0,0,N,place,*,*,*,*,雲谷,*,*
雲際,0,0,0,N,place,*,*,*,*,雲際,*,*
雲中,0,0,0,N,place,*,*,*,*,雲中,*,*
巴嶺山脈,0,0,0,N,place,*,*,*,*,巴嶺山脈,*,*
巴爾幹山脈,0,0,0,N,place,*,*,*,*,巴爾幹山脈,*,*
巴顏喀喇山,0,0,0,N,place,*,*,*,*,巴顏喀喇山,*,*
伯舒拉嶺,0,0,0,N,place,*,*,*,*,伯舒拉嶺,*,*
北嶺,0,0,0,N,place,*,*,*,*,北嶺,*,*
大巴山,0,0,0,N,place,*,*,*,*,大巴山,*,*
大巴山脈,0,0,0,N,place,*,*,*,*,大巴山脈,*,*
大白山脈,0,0,0,N,place,*,*,*,*,大白山脈,*,*
大別山脈,0,0,0,N,place,*,*,*,*,大別山脈,*,*
大雪山脈,0,0,0,N,place,*,*,*,*,大雪山脈,*,*
天山,0,0,0,N,place,*,*,*,*,天山,*,*
內興安嶺,0,0,0,N,place,*,*,*,*,內興安嶺,*,*
南嶺,0,0,0,N,place,*,*,*,*,南嶺,*,*
婁山,0,0,0,N,place,*,*,*,*,婁山,*,*
落磯山,0,0,0,N,place,*,*,*,*,落磯山,*,*
高加索山脈,0,0,0,N,place,*,*,*,*,高加索山脈,*,*
喀爾巴阡山脈,0,0,0,N,place,*,*,*,*,喀爾巴阡山脈,*,*
崑崙,0,0,0,N,place,*,*,*,*,崑崙,*,*
崑崙山脈,0,0,0,N,place,*,*,*,*,崑崙山脈,*,*
海岸山脈,0,0,0,N,place,*,*,*,*,海岸山脈,*,*
黃山,0,0,0,N,place,*,*,*,*,黃山,*,*
基阿連山脈,0,0,0,N,place,*,*,*,*,基阿連山脈,*,*
鷲峰山脈,0,0,0,N,place,*,*,*,*,鷲峰山脈,*,*
千山山脈,0,0,0,N,place,*,*,*,*,千山山脈,*,*
秦嶺,0,0,0,N,place,*,*,*,*,秦嶺,*,*
西高止山脈,0,0,0,N,place,*,*,*,*,西高止山脈,*,*
小興安嶺,0,0,0,N,place,*,*,*,*,小興安嶺,*,*
仙霞嶺,0,0,0,N,place,*,*,*,*,仙霞嶺,*,*
興都庫什山,0,0,0,N,place,*,*,*,*,興都庫什山,*,*
興安嶺,0,0,0,N,place,*,*,*,*,興安嶺,*,*
雪山,0,0,0,N,place,*,*,*,*,雪山,*,*
侏羅山脈,0,0,0,N,place,*,*,*,*,侏羅山脈,*,*
中央山脈,0,0,0,N,place,*,*,*,*,中央山脈,*,*
終南山,0,0,0,N,place,*,*,*,*,終南山,*,*
杉嶺,0,0,0,N,place,*,*,*,*,杉嶺,*,*
薩彥嶺,0,0,0,N,place,*,*,*,*,薩彥嶺,*,*
阿帕拉契山脈,0,0,0,N,place,*,*,*,*,阿帕拉契山脈,*,*
阿里山山脈,0,0,0,N,place,*,*,*,*,阿里山山脈,*,*
阿爾卑斯山脈,0,0,0,N,place,*,*,*,*,阿爾卑斯山脈,*,*
阿爾金山,0,0,0,N,place,*,*,*,*,阿爾金山,*,*
安地斯山脈,0,0,0,N,place,*,*,*,*,安地斯山脈,*,*
安南山脈,0,0,0,N,place,*,*,*,*,安南山脈,*,*
亞平寧山脈,0,0,0,N,place,*,*,*,*,亞平寧山脈,*,*
亞特拉斯,0,0,0,N,place,*,*,*,*,亞特拉斯,*,*
亞特拉斯山脈,0,0,0,N,place,*,*,*,*,亞特拉斯山脈,*,*
燕山,0,0,0,N,place,*,*,*,*,燕山,*,*
陰山,0,0,0,N,place,*,*,*,*,陰山,*,*
烏鞘嶺,0,0,0,N,place,*,*,*,*,烏鞘嶺,*,*
武陵,0,0,0,N,place,*,*,*,*,武陵,*,*
完達山脈,0,0,0,N,place,*,*,*,*,完達山脈,*,*
雲嶺,0,0,0,N,place,*,*,*,*,雲嶺,*,*
勃朗峰,0,0,0,N,place,*,*,*,*,勃朗峰,*,*
博克達山,0,0,0,N,place,*,*,*,*,博克達山,*,*
白朗峰,0,0,0,N,place,*,*,*,*,白朗峰,*,*
飛來峰,0,0,0,N,place,*,*,*,*,飛來峰,*,*
靈鷲山,0,0,0,N,place,*,*,*,*,靈鷲山,*,*
岣嶁,0,0,0,N,place,*,*,*,*,岣嶁,*,*
華頂峰,0,0,0,N,place,*,*,*,*,華頂峰,*,*
香爐峰,0,0,0,N,place,*,*,*,*,香爐峰,*,*
丈人峰,0,0,0,N,place,*,*,*,*,丈人峰,*,*
聖母峰,0,0,0,N,place,*,*,*,*,聖母峰,*,*
日觀峰,0,0,0,N,place,*,*,*,*,日觀峰,*,*
埃佛勒斯峰,0,0,0,N,place,*,*,*,*,埃佛勒斯峰,*,*
八功德水,0,0,0,N,place,*,*,*,*,八功德水,*,*
八掌溪,0,0,0,N,place,*,*,*,*,八掌溪,*,*
巴拉圭河,0,0,0,N,place,*,*,*,*,巴拉圭河,*,*
巴江,0,0,0,N,place,*,*,*,*,巴江,*,*
巴水,0,0,0,N,place,*,*,*,*,巴水,*,*
霸,0,0,0,N,place,*,*,*,*,霸,*,*
灞,0,0,0,N,place,*,*,*,*,灞,*,*
灞水,0,0,0,N,place,*,*,*,*,灞水,*,*
波河,0,0,0,N,place,*,*,*,*,波河,*,*
玻璃泉,0,0,0,N,place,*,*,*,*,玻璃泉,*,*
白登,0,0,0,N,place,*,*,*,*,白登,*,*
白尼羅河,0,0,0,N,place,*,*,*,*,白尼羅河,*,*
白河,0,0,0,N,place,*,*,*,*,白河,*,*
白紹拉河,0,0,0,N,place,*,*,*,*,白紹拉河,*,*
白水,0,0,0,N,place,*,*,*,*,白水,*,*
百花潭,0,0,0,N,place,*,*,*,*,百花潭,*,*
北杜味納河,0,0,0,N,place,*,*,*,*,北杜味納河,*,*
北河,0,0,0,N,place,*,*,*,*,北河,*,*
瀑,0,0,0,N,place,*,*,*,*,瀑,*,*
沘,0,0,0,N,place,*,*,*,*,沘,*,*
汴,0,0,0,N,place,*,*,*,*,汴,*,*
汴水,0,0,0,N,place,*,*,*,*,汴水,*,*
布拉馬普得拉河,0,0,0,N,place,*,*,*,*,布拉馬普得拉河,*,*
布隆吉爾河,0,0,0,N,place,*,*,*,*,布隆吉爾河,*,*
布格河,0,0,0,N,place,*,*,*,*,布格河,*,*
布喀河,0,0,0,N,place,*,*,*,*,布喀河,*,*
磻溪,0,0,0,N,place,*,*,*,*,磻溪,*,*
噴赤河,0,0,0,N,place,*,*,*,*,噴赤河,*,*
湓,0,0,0,N,place,*,*,*,*,湓,*,*
淠,0,0,0,N,place,*,*,*,*,淠,*,*
濞,0,0,0,N,place,*,*,*,*,濞,*,*
平水,0,0,0,N,place,*,*,*,*,平水,*,*
濮,0,0,0,N,place,*,*,*,*,濮,*,*
普渡河,0,0,0,N,place,*,*,*,*,普渡河,*,*
馬士河,0,0,0,N,place,*,*,*,*,馬士河,*,*
磨針溪,0,0,0,N,place,*,*,*,*,磨針溪,*,*
湄南河,0,0,0,N,place,*,*,*,*,湄南河,*,*
湄公河,0,0,0,N,place,*,*,*,*,湄公河,*,*
泖,0,0,0,N,place,*,*,*,*,泖,*,*
汨羅江,0,0,0,N,place,*,*,*,*,汨羅江,*,*
泌水,0,0,0,N,place,*,*,*,*,泌水,*,*
密西西比河,0,0,0,N,place,*,*,*,*,密西西比河,*,*
密蘇里河,0,0,0,N,place,*,*,*,*,密蘇里河,*,*
沔,0,0,0,N,place,*,*,*,*,沔,*,*
岷江,0,0,0,N,place,*,*,*,*,岷江,*,*
閩江,0,0,0,N,place,*,*,*,*,閩江,*,*
澠池,0,0,0,N,place,*,*,*,*,澠池,*,*
洺河,0,0,0,N,place,*,*,*,*,洺河,*,*
牡丹江,0,0,0,N,place,*,*,*,*,牡丹江,*,*
肥河,0,0,0,N,place,*,*,*,*,肥河,*,*
肥水,0,0,0,N,place,*,*,*,*,肥水,*,*
淝水,0,0,0,N,place,*,*,*,*,淝水,*,*
汾河,0,0,0,N,place,*,*,*,*,汾河,*,*
濆,0,0,0,N,place,*,*,*,*,濆,*,*
灃河,0,0,0,N,place,*,*,*,*,灃河,*,*
灃水,0,0,0,N,place,*,*,*,*,灃水,*,*
涪江,0,0,0,N,place,*,*,*,*,涪江,*,*
滏陽河,0,0,0,N,place,*,*,*,*,滏陽河,*,*
大肚溪,0,0,0,N,place,*,*,*,*,大肚溪,*,*
大通河,0,0,0,N,place,*,*,*,*,大通河,*,*
大淩河,0,0,0,N,place,*,*,*,*,大淩河,*,*
大甲溪,0,0,0,N,place,*,*,*,*,大甲溪,*,*
大金川,0,0,0,N,place,*,*,*,*,大金川,*,*
大清河,0,0,0,N,place,*,*,*,*,大清河,*,*
大安溪,0,0,0,N,place,*,*,*,*,大安溪,*,*
德拉瓦河,0,0,0,N,place,*,*,*,*,德拉瓦河,*,*
淡水河,0,0,0,N,place,*,*,*,*,淡水河,*,*
當曲河,0,0,0,N,place,*,*,*,*,當曲河,*,*
底格里斯河,0,0,0,N,place,*,*,*,*,底格里斯河,*,*
多瑙河,0,0,0,N,place,*,*,*,*,多瑙河,*,*
頓河,0,0,0,N,place,*,*,*,*,頓河,*,*
涷,0,0,0,N,place,*,*,*,*,涷,*,*
塔里木河,0,0,0,N,place,*,*,*,*,塔里木河,*,*
漯,0,0,0,N,place,*,*,*,*,漯,*,*
泰晤士河,0,0,0,N,place,*,*,*,*,泰晤士河,*,*
洮河,0,0,0,N,place,*,*,*,*,洮河,*,*
苕溪,0,0,0,N,place,*,*,*,*,苕溪,*,*
圖們江,0,0,0,N,place,*,*,*,*,圖們江,*,*
土拉河,0,0,0,N,place,*,*,*,*,土拉河,*,*
沱江,0,0,0,N,place,*,*,*,*,沱江,*,*
通天河,0,0,0,N,place,*,*,*,*,通天河,*,*
嫩江,0,0,0,N,place,*,*,*,*,嫩江,*,*
尼羅河,0,0,0,N,place,*,*,*,*,尼羅河,*,*
怒江,0,0,0,N,place,*,*,*,*,怒江,*,*
淶,0,0,0,N,place,*,*,*,*,淶,*,*
萊因河,0,0,0,N,place,*,*,*,*,萊因河,*,*
雷池,0,0,0,N,place,*,*,*,*,雷池,*,*
婁江,0,0,0,N,place,*,*,*,*,婁江,*,*
漊,0,0,0,N,place,*,*,*,*,漊,*,*
瀾滄江,0,0,0,N,place,*,*,*,*,瀾滄江,*,*
蘭陽溪,0,0,0,N,place,*,*,*,*,蘭陽溪,*,*
藍田,0,0,0,N,place,*,*,*,*,藍田,*,*
藍尼羅河,0,0,0,N,place,*,*,*,*,藍尼羅河,*,*
漓江,0,0,0,N,place,*,*,*,*,漓江,*,*
灕江,0,0,0,N,place,*,*,*,*,灕江,*,*
澧,0,0,0,N,place,*,*,*,*,澧,*,*
溧水,0,0,0,N,place,*,*,*,*,溧水,*,*
麗水,0,0,0,N,place,*,*,*,*,麗水,*,*
遼,0,0,0,N,place,*,*,*,*,遼,*,*
遼河,0,0,0,N,place,*,*,*,*,遼河,*,*
廉泉,0,0,0,N,place,*,*,*,*,廉泉,*,*
濂溪,0,0,0,N,place,*,*,*,*,濂溪,*,*
瀘水,0,0,0,N,place,*,*,*,*,瀘水,*,*
魯爾河,0,0,0,N,place,*,*,*,*,魯爾河,*,*
淥,0,0,0,N,place,*,*,*,*,淥,*,*
淥水,0,0,0,N,place,*,*,*,*,淥水,*,*
潞,0,0,0,N,place,*,*,*,*,潞,*,*
羅亞爾河,0,0,0,N,place,*,*,*,*,羅亞爾河,*,*
洛東江,0,0,0,N,place,*,*,*,*,洛東江,*,*
洛水,0,0,0,N,place,*,*,*,*,洛水,*,*
雒,0,0,0,N,place,*,*,*,*,雒,*,*
濼,0,0,0,N,place,*,*,*,*,濼,*,*
灤河,0,0,0,N,place,*,*,*,*,灤河,*,*
隆河,0,0,0,N,place,*,*,*,*,隆河,*,*
甘谷,0,0,0,N,place,*,*,*,*,甘谷,*,*
淦,0,0,0,N,place,*,*,*,*,淦,*,*
贛,0,0,0,N,place,*,*,*,*,贛,*,*
沽河,0,0,0,N,place,*,*,*,*,沽河,*,*
渦河,0,0,0,N,place,*,*,*,*,渦河,*,*
媯河,0,0,0,N,place,*,*,*,*,媯河,*,*
媯汭,0,0,0,N,place,*,*,*,*,媯汭,*,*
桂江,0,0,0,N,place,*,*,*,*,桂江,*,*
桂水,0,0,0,N,place,*,*,*,*,桂水,*,*
貢水,0,0,0,N,place,*,*,*,*,貢水,*,*
喀布爾河,0,0,0,N,place,*,*,*,*,喀布爾河,*,*
科布多河,0,0,0,N,place,*,*,*,*,科布多河,*,*
克魯倫河,0,0,0,N,place,*,*,*,*,克魯倫河,*,*
開江,0,0,0,N,place,*,*,*,*,開江,*,*
苦水,0,0,0,N,place,*,*,*,*,苦水,*,*
庫爾河,0,0,0,N,place,*,*,*,*,庫爾河,*,*
漷,0,0,0,N,place,*,*,*,*,漷,*,*
澮,0,0,0,N,place,*,*,*,*,澮,*,*
洭水,0,0,0,N,place,*,*,*,*,洭水,*,*
海拉爾,0,0,0,N,place,*,*,*,*,海拉爾,*,*
海拉爾河,0,0,0,N,place,*,*,*,*,海拉爾河,*,*
海河,0,0,0,N,place,*,*,*,*,海河,*,*
黑龍江,0,0,0,N,place,*,*,*,*,黑龍江,*,*
滈,0,0,0,N,place,*,*,*,*,滈,*,*
漢,0,0,0,N,place,*,*,*,*,漢,*,*
漢江,0,0,0,N,place,*,*,*,*,漢江,*,*
漢水,0,0,0,N,place,*,*,*,*,漢水,*,*
恆河,0,0,0,N,place,*,*,*,*,恆河,*,*
呼蘭河,0,0,0,N,place,*,*,*,*,呼蘭河,*,*
滹沱河,0,0,0,N,place,*,*,*,*,滹沱河,*,*
淮河,0,0,0,N,place,*,*,*,*,淮河,*,*
洹水,0,0,0,N,place,*,*,*,*,洹水,*,*
浣花溪,0,0,0,N,place,*,*,*,*,浣花溪,*,*
浣紗溪,0,0,0,N,place,*,*,*,*,浣紗溪,*,*
渾河,0,0,0,N,place,*,*,*,*,渾河,*,*
琿春河,0,0,0,N,place,*,*,*,*,琿春河,*,*
混同江,0,0,0,N,place,*,*,*,*,混同江,*,*
湟,0,0,0,N,place,*,*,*,*,湟,*,*
黃浦江,0,0,0,N,place,*,*,*,*,黃浦江,*,*
黃河,0,0,0,N,place,*,*,*,*,黃河,*,*
紅河,0,0,0,N,place,*,*,*,*,紅河,*,*
鴻溝,0,0,0,N,place,*,*,*,*,鴻溝,*,*
基隆河,0,0,0,N,place,*,*,*,*,基隆河,*,*
泲,0,0,0,N,place,*,*,*,*,泲,*,*
濟水,0,0,0,N,place,*,*,*,*,濟水,*,*
加倫河,0,0,0,N,place,*,*,*,*,加倫河,*,*
嘉陵江,0,0,0,N,place,*,*,*,*,嘉陵江,*,*
湔,0,0,0,N,place,*,*,*,*,湔,*,*
劍河,0,0,0,N,place,*,*,*,*,劍河,*,*
金川,0,0,0,N,place,*,*,*,*,金川,*,*
金沙江,0,0,0,N,place,*,*,*,*,金沙江,*,*
錦江,0,0,0,N,place,*,*,*,*,錦江,*,*
晉江,0,0,0,N,place,*,*,*,*,晉江,*,*
濜,0,0,0,N,place,*,*,*,*,濜,*,*
精奇里江,0,0,0,N,place,*,*,*,*,精奇里江,*,*
涇河,0,0,0,N,place,*,*,*,*,涇河,*,*
沮,0,0,0,N,place,*,*,*,*,沮,*,*
湨,0,0,0,N,place,*,*,*,*,湨,*,*
橘河,0,0,0,N,place,*,*,*,*,橘河,*,*
郪江,0,0,0,N,place,*,*,*,*,郪江,*,*
漆,0,0,0,N,place,*,*,*,*,漆,*,*
蘄水,0,0,0,N,place,*,*,*,*,蘄水,*,*
淇水,0,0,0,N,place,*,*,*,*,淇水,*,*
潛,0,0,0,N,place,*,*,*,*,潛,*,*
潛水,0,0,0,N,place,*,*,*,*,潛水,*,*
灊水,0,0,0,N,place,*,*,*,*,灊水,*,*
錢塘江,0,0,0,N,place,*,*,*,*,錢塘江,*,*
秦淮河,0,0,0,N,place,*,*,*,*,秦淮河,*,*
秦川,0,0,0,N,place,*,*,*,*,秦川,*,*
沁,0,0,0,N,place,*,*,*,*,沁,*,*
青弋江,0,0,0,N,place,*,*,*,*,青弋江,*,*
渠江,0,0,0,N,place,*,*,*,*,渠江,*,*
渠水,0,0,0,N,place,*,*,*,*,渠水,*,*
西河,0,0,0,N,place,*,*,*,*,西河,*,*
西江,0,0,0,N,place,*,*,*,*,西江,*,*
浠水,0,0,0,N,place,*,*,*,*,浠水,*,*
戲水,0,0,0,N,place,*,*,*,*,戲水,*,*
下淡水溪,0,0,0,N,place,*,*,*,*,下淡水溪,*,*
瀟水,0,0,0,N,place,*,*,*,*,瀟水,*,*
洨,0,0,0,N,place,*,*,*,*,洨,*,*
秀姑巒溪,0,0,0,N,place,*,*,*,*,秀姑巒溪,*,*
新店溪,0,0,0,N,place,*,*,*,*,新店溪,*,*
信濃川,0,0,0,N,place,*,*,*,*,信濃川,*,*
信江,0,0,0,N,place,*,*,*,*,信江,*,*
湘江,0,0,0,N,place,*,*,*,*,湘江,*,*
襄河,0,0,0,N,place,*,*,*,*,襄河,*,*
漵水,0,0,0,N,place,*,*,*,*,漵水,*,*
澩,0,0,0,N,place,*,*,*,*,澩,*,*
洵,0,0,0,N,place,*,*,*,*,洵,*,*
洵河,0,0,0,N,place,*,*,*,*,洵河,*,*
潯江,0,0,0,N,place,*,*,*,*,潯江,*,*
霅溪,0,0,0,N,place,*,*,*,*,霅溪,*,*
溠,0,0,0,N,place,*,*,*,*,溠,*,*
溠水,0,0,0,N,place,*,*,*,*,溠水,*,*
浙江,0,0,0,N,place,*,*,*,*,浙江,*,*
湞水,0,0,0,N,place,*,*,*,*,湞水,*,*
溱水,0,0,0,N,place,*,*,*,*,溱水,*,*
章水,0,0,0,N,place,*,*,*,*,章水,*,*
漳江,0,0,0,N,place,*,*,*,*,漳江,*,*
漳水,0,0,0,N,place,*,*,*,*,漳水,*,*
洙,0,0,0,N,place,*,*,*,*,洙,*,*
珠江,0,0,0,N,place,*,*,*,*,珠江,*,*
濁水溪,0,0,0,N,place,*,*,*,*,濁水溪,*,*
泜,0,0,0,N,place,*,*,*,*,泜,*,*
柴達木河,0,0,0,N,place,*,*,*,*,柴達木河,*,*
瀍,0,0,0,N,place,*,*,*,*,瀍,*,*
滻水,0,0,0,N,place,*,*,*,*,滻水,*,*
灛,0,0,0,N,place,*,*,*,*,灛,*,*
郴江,0,0,0,N,place,*,*,*,*,郴江,*,*
沉水,0,0,0,N,place,*,*,*,*,沉水,*,*
長江,0,0,0,N,place,*,*,*,*,長江,*,*
滁河,0,0,0,N,place,*,*,*,*,滁河,*,*
澨,0,0,0,N,place,*,*,*,*,澨,*,*
沙水,0,0,0,N,place,*,*,*,*,沙水,*,*
灄,0,0,0,N,place,*,*,*,*,灄,*,*
剡溪,0,0,0,N,place,*,*,*,*,剡溪,*,*
瀋河,0,0,0,N,place,*,*,*,*,瀋河,*,*
澠,0,0,0,N,place,*,*,*,*,澠,*,*
聖羅倫斯河,0,0,0,N,place,*,*,*,*,聖羅倫斯河,*,*
聖水,0,0,0,N,place,*,*,*,*,聖水,*,*
沭河,0,0,0,N,place,*,*,*,*,沭河,*,*
瀧,0,0,0,N,place,*,*,*,*,瀧,*,*
汝水,0,0,0,N,place,*,*,*,*,汝水,*,*
洳河,0,0,0,N,place,*,*,*,*,洳河,*,*
若耶溪,0,0,0,N,place,*,*,*,*,若耶溪,*,*
渃,0,0,0,N,place,*,*,*,*,渃,*,*
弱水,0,0,0,N,place,*,*,*,*,弱水,*,*
汭,0,0,0,N,place,*,*,*,*,汭,*,*
淄水,0,0,0,N,place,*,*,*,*,淄水,*,*
子牙河,0,0,0,N,place,*,*,*,*,子牙河,*,*
牂牁,0,0,0,N,place,*,*,*,*,牂牁,*,*
曾文溪,0,0,0,N,place,*,*,*,*,曾文溪,*,*
左江,0,0,0,N,place,*,*,*,*,左江,*,*
曹娥江,0,0,0,N,place,*,*,*,*,曹娥江,*,*
汜水,0,0,0,N,place,*,*,*,*,汜水,*,*
泗水,0,0,0,N,place,*,*,*,*,泗水,*,*
薩爾河,0,0,0,N,place,*,*,*,*,薩爾河,*,*
薩爾溫江,0,0,0,N,place,*,*,*,*,薩爾溫江,*,*
色楞格河,0,0,0,N,place,*,*,*,*,色楞格河,*,*
塞納河,0,0,0,N,place,*,*,*,*,塞納河,*,*
三比西河,0,0,0,N,place,*,*,*,*,三比西河,*,*
涑水,0,0,0,N,place,*,*,*,*,涑水,*,*
綏芬河,0,0,0,N,place,*,*,*,*,綏芬河,*,*
睢,0,0,0,N,place,*,*,*,*,睢,*,*
睢河,0,0,0,N,place,*,*,*,*,睢河,*,*
松花江,0,0,0,N,place,*,*,*,*,松花江,*,*
淞,0,0,0,N,place,*,*,*,*,淞,*,*
阿姆河,0,0,0,N,place,*,*,*,*,阿姆河,*,*
額濟納河,0,0,0,N,place,*,*,*,*,額濟納河,*,*
額爾古納河,0,0,0,N,place,*,*,*,*,額爾古納河,*,*
額爾濟斯河,0,0,0,N,place,*,*,*,*,額爾濟斯河,*,*
鄂畢河,0,0,0,N,place,*,*,*,*,鄂畢河,*,*
鄂諾河,0,0,0,N,place,*,*,*,*,鄂諾河,*,*
鱷溪,0,0,0,N,place,*,*,*,*,鱷溪,*,*
愛河,0,0,0,N,place,*,*,*,*,愛河,*,*
奧得河,0,0,0,N,place,*,*,*,*,奧得河,*,*
安陽河,0,0,0,N,place,*,*,*,*,安陽河,*,*
恩梅開江,0,0,0,N,place,*,*,*,*,恩梅開江,*,*
伊犁河,0,0,0,N,place,*,*,*,*,伊犁河,*,*
伊洛瓦底江,0,0,0,N,place,*,*,*,*,伊洛瓦底江,*,*
伊川,0,0,0,N,place,*,*,*,*,伊川,*,*
伊水,0,0,0,N,place,*,*,*,*,伊水,*,*
沂河,0,0,0,N,place,*,*,*,*,沂河,*,*
易北河,0,0,0,N,place,*,*,*,*,易北河,*,*
易水,0,0,0,N,place,*,*,*,*,易水,*,*
鴨綠江,0,0,0,N,place,*,*,*,*,鴨綠江,*,*
雅魯藏布江,0,0,0,N,place,*,*,*,*,雅魯藏布江,*,*
亞馬孫河,0,0,0,N,place,*,*,*,*,亞馬孫河,*,*
葉尼塞河,0,0,0,N,place,*,*,*,*,葉尼塞河,*,*
葉爾羌河,0,0,0,N,place,*,*,*,*,葉爾羌河,*,*
姚江,0,0,0,N,place,*,*,*,*,姚江,*,*
沋,0,0,0,N,place,*,*,*,*,沋,*,*
幼發拉底河,0,0,0,N,place,*,*,*,*,幼發拉底河,*,*
鄢水,0,0,0,N,place,*,*,*,*,鄢水,*,*
鹽水,0,0,0,N,place,*,*,*,*,鹽水,*,*
沇,0,0,0,N,place,*,*,*,*,沇,*,*
沇水,0,0,0,N,place,*,*,*,*,沇水,*,*
印度河,0,0,0,N,place,*,*,*,*,印度河,*,*
飲馬河,0,0,0,N,place,*,*,*,*,飲馬河,*,*
洋河,0,0,0,N,place,*,*,*,*,洋河,*,*
揚子江,0,0,0,N,place,*,*,*,*,揚子江,*,*
漾,0,0,0,N,place,*,*,*,*,漾,*,*
潁水,0,0,0,N,place,*,*,*,*,潁水,*,*
烏拉圭河,0,0,0,N,place,*,*,*,*,烏拉圭河,*,*
烏魯克穆河,0,0,0,N,place,*,*,*,*,烏魯克穆河,*,*
烏江,0,0,0,N,place,*,*,*,*,烏江,*,*
烏蘇里江,0,0,0,N,place,*,*,*,*,烏蘇里江,*,*
浯水,0,0,0,N,place,*,*,*,*,浯水,*,*
吳淞江,0,0,0,N,place,*,*,*,*,吳淞江,*,*
無定河,0,0,0,N,place,*,*,*,*,無定河,*,*
窩瓦河,0,0,0,N,place,*,*,*,*,窩瓦河,*,*
斡難河,0,0,0,N,place,*,*,*,*,斡難河,*,*
威悉河,0,0,0,N,place,*,*,*,*,威悉河,*,*
濰河,0,0,0,N,place,*,*,*,*,濰河,*,*
洧河,0,0,0,N,place,*,*,*,*,洧河,*,*
渭河,0,0,0,N,place,*,*,*,*,渭河,*,*
衛河,0,0,0,N,place,*,*,*,*,衛河,*,*
汶水,0,0,0,N,place,*,*,*,*,汶水,*,*
輞川,0,0,0,N,place,*,*,*,*,輞川,*,*
汙水,0,0,0,N,place,*,*,*,*,汙水,*,*
玉帶,0,0,0,N,place,*,*,*,*,玉帶,*,*
玉泉,0,0,0,N,place,*,*,*,*,玉泉,*,*
淯,0,0,0,N,place,*,*,*,*,淯,*,*
御河,0,0,0,N,place,*,*,*,*,御河,*,*
鬱江,0,0,0,N,place,*,*,*,*,鬱江,*,*
約旦河,0,0,0,N,place,*,*,*,*,約旦河,*,*
沅江,0,0,0,N,place,*,*,*,*,沅江,*,*
澭,0,0,0,N,place,*,*,*,*,澭,*,*
永定河,0,0,0,N,place,*,*,*,*,永定河,*,*
巴拉頓湖,0,0,0,N,place,*,*,*,*,巴拉頓湖,*,*
巴爾喀什湖,0,0,0,N,place,*,*,*,*,巴爾喀什湖,*,*
巴油池,0,0,0,N,place,*,*,*,*,巴油池,*,*
博斯騰湖,0,0,0,N,place,*,*,*,*,博斯騰湖,*,*
貝加爾湖,0,0,0,N,place,*,*,*,*,貝加爾湖,*,*
貝爾湖,0,0,0,N,place,*,*,*,*,貝爾湖,*,*
碧潭,0,0,0,N,place,*,*,*,*,碧潭,*,*
布倫托海,0,0,0,N,place,*,*,*,*,布倫托海,*,*
鄱,0,0,0,N,place,*,*,*,*,鄱,*,*
鄱陽湖,0,0,0,N,place,*,*,*,*,鄱陽湖,*,*
彭蠡,0,0,0,N,place,*,*,*,*,彭蠡,*,*
彭蠡湖,0,0,0,N,place,*,*,*,*,彭蠡湖,*,*
彭澤,0,0,0,N,place,*,*,*,*,彭澤,*,*
琵琶湖,0,0,0,N,place,*,*,*,*,琵琶湖,*,*
甓社湖,0,0,0,N,place,*,*,*,*,甓社湖,*,*
魔鬼湖,0,0,0,N,place,*,*,*,*,魔鬼湖,*,*
莫愁湖,0,0,0,N,place,*,*,*,*,莫愁湖,*,*
泖湖,0,0,0,N,place,*,*,*,*,泖湖,*,*
密西根湖,0,0,0,N,place,*,*,*,*,密西根湖,*,*
大明湖,0,0,0,N,place,*,*,*,*,大明湖,*,*
大熊湖,0,0,0,N,place,*,*,*,*,大熊湖,*,*
大鹽湖,0,0,0,N,place,*,*,*,*,大鹽湖,*,*
的的喀喀湖,0,0,0,N,place,*,*,*,*,的的喀喀湖,*,*
滇,0,0,0,N,place,*,*,*,*,滇,*,*
滇池,0,0,0,N,place,*,*,*,*,滇池,*,*
洞庭,0,0,0,N,place,*,*,*,*,洞庭,*,*
洞庭湖,0,0,0,N,place,*,*,*,*,洞庭湖,*,*
他瑪羅池,0,0,0,N,place,*,*,*,*,他瑪羅池,*,*
太湖,0,0,0,N,place,*,*,*,*,太湖,*,*
騰格里湖,0,0,0,N,place,*,*,*,*,騰格里湖,*,*
天池,0,0,0,N,place,*,*,*,*,天池,*,*
拉多加湖,0,0,0,N,place,*,*,*,*,拉多加湖,*,*
浪泊,0,0,0,N,place,*,*,*,*,浪泊,*,*
酃湖,0,0,0,N,place,*,*,*,*,酃湖,*,*
羅布泊,0,0,0,N,place,*,*,*,*,羅布泊,*,*
龍目,0,0,0,N,place,*,*,*,*,龍目,*,*
龍池,0,0,0,N,place,*,*,*,*,龍池,*,*
鈷鉧潭,0,0,0,N,place,*,*,*,*,鈷鉧潭,*,*
庫蘇古爾湖,0,0,0,N,place,*,*,*,*,庫蘇古爾湖,*,*
昆明湖,0,0,0,N,place,*,*,*,*,昆明湖,*,*
昆明池,0,0,0,N,place,*,*,*,*,昆明池,*,*
呼倫池,0,0,0,N,place,*,*,*,*,呼倫池,*,*
洪澤湖,0,0,0,N,place,*,*,*,*,洪澤湖,*,*
加爾達湖,0,0,0,N,place,*,*,*,*,加爾達湖,*,*
劍潭,0,0,0,N,place,*,*,*,*,劍潭,*,*
劍池,0,0,0,N,place,*,*,*,*,劍池,*,*
鏡泊湖,0,0,0,N,place,*,*,*,*,鏡泊湖,*,*
鏡湖,0,0,0,N,place,*,*,*,*,鏡湖,*,*
居延海,0,0,0,N,place,*,*,*,*,居延海,*,*
青草湖,0,0,0,N,place,*,*,*,*,青草湖,*,*
西湖,0,0,0,N,place,*,*,*,*,西湖,*,*
解池,0,0,0,N,place,*,*,*,*,解池,*,*
休崙湖,0,0,0,N,place,*,*,*,*,休崙湖,*,*
休屠,0,0,0,N,place,*,*,*,*,休屠,*,*
鹹海,0,0,0,N,place,*,*,*,*,鹹海,*,*
星宿海,0,0,0,N,place,*,*,*,*,星宿海,*,*
興凱湖,0,0,0,N,place,*,*,*,*,興凱湖,*,*
玄武湖,0,0,0,N,place,*,*,*,*,玄武湖,*,*
巢湖,0,0,0,N,place,*,*,*,*,巢湖,*,*
漅,0,0,0,N,place,*,*,*,*,漅,*,*
澄清湖,0,0,0,N,place,*,*,*,*,澄清湖,*,*
瘦西湖,0,0,0,N,place,*,*,*,*,瘦西湖,*,*
日月潭,0,0,0,N,place,*,*,*,*,日月潭,*,*
慈湖,0,0,0,N,place,*,*,*,*,慈湖,*,*
死海,0,0,0,N,place,*,*,*,*,死海,*,*
蘇必略湖,0,0,0,N,place,*,*,*,*,蘇必略湖,*,*
愛德華湖,0,0,0,N,place,*,*,*,*,愛德華湖,*,*
安大略湖,0,0,0,N,place,*,*,*,*,安大略湖,*,*
洱海,0,0,0,N,place,*,*,*,*,洱海,*,*
伊利湖,0,0,0,N,place,*,*,*,*,伊利湖,*,*
洮,0,0,0,N,place,*,*,*,*,洮,*,*
羊卓雍湖,0,0,0,N,place,*,*,*,*,羊卓雍湖,*,*
蕪湖,0,0,0,N,place,*,*,*,*,蕪湖,*,*
五湖,0,0,0,N,place,*,*,*,*,五湖,*,*
維多力亞湖,0,0,0,N,place,*,*,*,*,維多力亞湖,*,*
鴛鴦湖,0,0,0,N,place,*,*,*,*,鴛鴦湖,*,*
巴倫支海,0,0,0,N,place,*,*,*,*,巴倫支海,*,*
波羅的海,0,0,0,N,place,*,*,*,*,波羅的海,*,*
渤海,0,0,0,N,place,*,*,*,*,渤海,*,*
白令海,0,0,0,N,place,*,*,*,*,白令海,*,*
北冰洋,0,0,0,N,place,*,*,*,*,北冰洋,*,*
北海,0,0,0,N,place,*,*,*,*,北海,*,*
北極海,0,0,0,N,place,*,*,*,*,北極海,*,*
班達海,0,0,0,N,place,*,*,*,*,班達海,*,*
大西洋,0,0,0,N,place,*,*,*,*,大西洋,*,*
地中海,0,0,0,N,place,*,*,*,*,地中海,*,*
東海,0,0,0,N,place,*,*,*,*,東海,*,*
太平洋,0,0,0,N,place,*,*,*,*,太平洋,*,*
南冰洋,0,0,0,N,place,*,*,*,*,南冰洋,*,*
南海,0,0,0,N,place,*,*,*,*,南海,*,*
瀨戶內海,0,0,0,N,place,*,*,*,*,瀨戶內海,*,*
裡海,0,0,0,N,place,*,*,*,*,裡海,*,*
伶仃洋,0,0,0,N,place,*,*,*,*,伶仃洋,*,*
零丁洋,0,0,0,N,place,*,*,*,*,零丁洋,*,*
黑海,0,0,0,N,place,*,*,*,*,黑海,*,*
黃海,0,0,0,N,place,*,*,*,*,黃海,*,*
紅海,0,0,0,N,place,*,*,*,*,紅海,*,*
加勒比海,0,0,0,N,place,*,*,*,*,加勒比海,*,*
日本海,0,0,0,N,place,*,*,*,*,日本海,*,*
鄂霍次克海,0,0,0,N,place,*,*,*,*,鄂霍次克海,*,*
愛琴海,0,0,0,N,place,*,*,*,*,愛琴海,*,*
愛爾蘭海,0,0,0,N,place,*,*,*,*,愛爾蘭海,*,*
亞得里亞海,0,0,0,N,place,*,*,*,*,亞得里亞海,*,*
巴曼得海峽,0,0,0,N,place,*,*,*,*,巴曼得海峽,*,*
巴士海峽,0,0,0,N,place,*,*,*,*,巴士海峽,*,*
渤海海峽,0,0,0,N,place,*,*,*,*,渤海海峽,*,*
博斯普魯斯海峽,0,0,0,N,place,*,*,*,*,博斯普魯斯海峽,*,*
白令海峽,0,0,0,N,place,*,*,*,*,白令海峽,*,*
麻六甲,0,0,0,N,place,*,*,*,*,麻六甲,*,*
麻六甲海峽,0,0,0,N,place,*,*,*,*,麻六甲海峽,*,*
麥哲倫海峽,0,0,0,N,place,*,*,*,*,麥哲倫海峽,*,*
達達尼爾海峽,0,0,0,N,place,*,*,*,*,達達尼爾海峽,*,*
韃靼海峽,0,0,0,N,place,*,*,*,*,韃靼海峽,*,*
臺灣海峽,0,0,0,N,place,*,*,*,*,臺灣海峽,*,*
荷莫茲海峽,0,0,0,N,place,*,*,*,*,荷莫茲海峽,*,*
瓊州海峽,0,0,0,N,place,*,*,*,*,瓊州海峽,*,*
巽他海峽,0,0,0,N,place,*,*,*,*,巽他海峽,*,*
直布羅陀海峽,0,0,0,N,place,*,*,*,*,直布羅陀海峽,*,*
朝鮮海峽,0,0,0,N,place,*,*,*,*,朝鮮海峽,*,*
猶加敦海峽,0,0,0,N,place,*,*,*,*,猶加敦海峽,*,*
英吉利海峽,0,0,0,N,place,*,*,*,*,英吉利海峽,*,*
波斯灣,0,0,0,N,place,*,*,*,*,波斯灣,*,*
白海,0,0,0,N,place,*,*,*,*,白海,*,*
墨西哥灣,0,0,0,N,place,*,*,*,*,墨西哥灣,*,*
孟加拉,0,0,0,N,place,*,*,*,*,孟加拉,*,*
大連灣,0,0,0,N,place,*,*,*,*,大連灣,*,*
東京灣,0,0,0,N,place,*,*,*,*,東京灣,*,*
遼東灣,0,0,0,N,place,*,*,*,*,遼東灣,*,*
料羅灣,0,0,0,N,place,*,*,*,*,料羅灣,*,*
廣東灣,0,0,0,N,place,*,*,*,*,廣東灣,*,*
廣州灣,0,0,0,N,place,*,*,*,*,廣州灣,*,*
杭州灣,0,0,0,N,place,*,*,*,*,杭州灣,*,*
幾內亞,0,0,0,N,place,*,*,*,*,幾內亞,*,*
幾內亞灣,0,0,0,N,place,*,*,*,*,幾內亞灣,*,*
加利福尼亞灣,0,0,0,N,place,*,*,*,*,加利福尼亞灣,*,*
膠州灣,0,0,0,N,place,*,*,*,*,膠州灣,*,*
金蘭灣,0,0,0,N,place,*,*,*,*,金蘭灣,*,*
秦皇島,0,0,0,N,place,*,*,*,*,秦皇島,*,*
席特拉灣,0,0,0,N,place,*,*,*,*,席特拉灣,*,*
暹羅灣,0,0,0,N,place,*,*,*,*,暹羅灣,*,*
聖羅倫斯灣,0,0,0,N,place,*,*,*,*,聖羅倫斯灣,*,*
亞丁,0,0,0,N,place,*,*,*,*,亞丁,*,*
亞丁灣,0,0,0,N,place,*,*,*,*,亞丁灣,*,*
巴拿馬運河,0,0,0,N,place,*,*,*,*,巴拿馬運河,*,*
北運河,0,0,0,N,place,*,*,*,*,北運河,*,*
通濟渠,0,0,0,N,place,*,*,*,*,通濟渠,*,*
南運河,0,0,0,N,place,*,*,*,*,南運河,*,*
靈渠,0,0,0,N,place,*,*,*,*,靈渠,*,*
廣通渠,0,0,0,N,place,*,*,*,*,廣通渠,*,*
邗溝,0,0,0,N,place,*,*,*,*,邗溝,*,*
江南河,0,0,0,N,place,*,*,*,*,江南河,*,*
蘇伊士運河,0,0,0,N,place,*,*,*,*,蘇伊士運河,*,*
翡翠水庫,0,0,0,N,place,*,*,*,*,翡翠水庫,*,*
德基水庫,0,0,0,N,place,*,*,*,*,德基水庫,*,*
石門水庫,0,0,0,N,place,*,*,*,*,石門水庫,*,*
曾文水庫,0,0,0,N,place,*,*,*,*,曾文水庫,*,*
北達科他州,0,0,0,N,place,*,*,*,*,北達科他州,*,*
北卡羅萊納州,0,0,0,N,place,*,*,*,*,北卡羅萊納州,*,*
保安,0,0,0,N,place,*,*,*,*,保安,*,*
賓夕法尼亞州,0,0,0,N,place,*,*,*,*,賓夕法尼亞州,*,*
檳榔嶼,0,0,0,N,place,*,*,*,*,檳榔嶼,*,*
米蘭,0,0,0,N,place,*,*,*,*,米蘭,*,*
密西根州,0,0,0,N,place,*,*,*,*,密西根州,*,*
密西西比州,0,0,0,N,place,*,*,*,*,密西西比州,*,*
密蘇里州,0,0,0,N,place,*,*,*,*,密蘇里州,*,*
佛蒙特州,0,0,0,N,place,*,*,*,*,佛蒙特州,*,*
佛羅里達州,0,0,0,N,place,*,*,*,*,佛羅里達州,*,*
德克薩斯州,0,0,0,N,place,*,*,*,*,德克薩斯州,*,*
田納西州,0,0,0,N,place,*,*,*,*,田納西州,*,*
紐約州,0,0,0,N,place,*,*,*,*,紐約州,*,*
蘭開夏,0,0,0,N,place,*,*,*,*,蘭開夏,*,*
梁州,0,0,0,N,place,*,*,*,*,梁州,*,*
路易西安那州,0,0,0,N,place,*,*,*,*,路易西安那州,*,*
科羅拉多州,0,0,0,N,place,*,*,*,*,科羅拉多州,*,*
堪薩斯州,0,0,0,N,place,*,*,*,*,堪薩斯州,*,*
肯塔基州,0,0,0,N,place,*,*,*,*,肯塔基州,*,*
康乃狄克州,0,0,0,N,place,*,*,*,*,康乃狄克州,*,*
昆士蘭,0,0,0,N,place,*,*,*,*,昆士蘭,*,*
華盛頓,0,0,0,N,place,*,*,*,*,華盛頓,*,*
懷俄明州,0,0,0,N,place,*,*,*,*,懷俄明州,*,*
基輔,0,0,0,N,place,*,*,*,*,基輔,*,*
加利福尼亞州,0,0,0,N,place,*,*,*,*,加利福尼亞州,*,*
荊,0,0,0,N,place,*,*,*,*,荊,*,*
西維吉尼亞州,0,0,0,N,place,*,*,*,*,西維吉尼亞州,*,*
夏威夷州,0,0,0,N,place,*,*,*,*,夏威夷州,*,*
新墨西哥州,0,0,0,N,place,*,*,*,*,新墨西哥州,*,*
新罕布什爾州,0,0,0,N,place,*,*,*,*,新罕布什爾州,*,*
新澤西州,0,0,0,N,place,*,*,*,*,新澤西州,*,*
聖保羅州,0,0,0,N,place,*,*,*,*,聖保羅州,*,*
日內瓦,0,0,0,N,place,*,*,*,*,日內瓦,*,*
阿拉巴馬州,0,0,0,N,place,*,*,*,*,阿拉巴馬州,*,*
阿拉斯加州,0,0,0,N,place,*,*,*,*,阿拉斯加州,*,*
阿肯色州,0,0,0,N,place,*,*,*,*,阿肯色州,*,*
俄亥俄州,0,0,0,N,place,*,*,*,*,俄亥俄州,*,*
愛達荷州,0,0,0,N,place,*,*,*,*,愛達荷州,*,*
愛荷華州,0,0,0,N,place,*,*,*,*,愛荷華州,*,*
奧勒岡州,0,0,0,N,place,*,*,*,*,奧勒岡州,*,*
奧克拉荷馬州,0,0,0,N,place,*,*,*,*,奧克拉荷馬州,*,*
伊利諾州,0,0,0,N,place,*,*,*,*,伊利諾州,*,*
亞利桑那州,0,0,0,N,place,*,*,*,*,亞利桑那州,*,*
亞爾薩斯,0,0,0,N,place,*,*,*,*,亞爾薩斯,*,*
猶他州,0,0,0,N,place,*,*,*,*,猶他州,*,*
印第安那州,0,0,0,N,place,*,*,*,*,印第安那州,*,*
威斯康辛州,0,0,0,N,place,*,*,*,*,威斯康辛州,*,*
維吉尼亞州,0,0,0,N,place,*,*,*,*,維吉尼亞州,*,*
福建省,0,0,0,N,place,*,*,*,*,福建省,*,*
臺灣省,0,0,0,N,place,*,*,*,*,臺灣省,*,*
嫩江,0,0,0,N,place,*,*,*,*,嫩江,*,*
嫩江省,0,0,0,N,place,*,*,*,*,嫩江省,*,*
寧夏,0,0,0,N,place,*,*,*,*,寧夏,*,*
寧夏省,0,0,0,N,place,*,*,*,*,寧夏省,*,*
遼北省,0,0,0,N,place,*,*,*,*,遼北省,*,*
遼寧省,0,0,0,N,place,*,*,*,*,遼寧省,*,*
洛林,0,0,0,N,place,*,*,*,*,洛林,*,*
甘肅省,0,0,0,N,place,*,*,*,*,甘肅省,*,*
貴州省,0,0,0,N,place,*,*,*,*,貴州省,*,*
廣東省,0,0,0,N,place,*,*,*,*,廣東省,*,*
廣西省,0,0,0,N,place,*,*,*,*,廣西省,*,*
合江省,0,0,0,N,place,*,*,*,*,合江省,*,*
河北,0,0,0,N,place,*,*,*,*,河北,*,*
河北省,0,0,0,N,place,*,*,*,*,河北省,*,*
河南,0,0,0,N,place,*,*,*,*,河南,*,*
河南省,0,0,0,N,place,*,*,*,*,河南省,*,*
黑龍江,0,0,0,N,place,*,*,*,*,黑龍江,*,*
黑龍江省,0,0,0,N,place,*,*,*,*,黑龍江省,*,*
湖北省,0,0,0,N,place,*,*,*,*,湖北省,*,*
湖南省,0,0,0,N,place,*,*,*,*,湖南省,*,*
吉林,0,0,0,N,place,*,*,*,*,吉林,*,*
吉林省,0,0,0,N,place,*,*,*,*,吉林省,*,*
江西省,0,0,0,N,place,*,*,*,*,江西省,*,*
江蘇省,0,0,0,N,place,*,*,*,*,江蘇省,*,*
青海,0,0,0,N,place,*,*,*,*,青海,*,*
青海省,0,0,0,N,place,*,*,*,*,青海省,*,*
西康省,0,0,0,N,place,*,*,*,*,西康省,*,*
新疆,0,0,0,N,place,*,*,*,*,新疆,*,*
新疆省,0,0,0,N,place,*,*,*,*,新疆省,*,*
興安省,0,0,0,N,place,*,*,*,*,興安省,*,*
浙江,0,0,0,N,place,*,*,*,*,浙江,*,*
浙江省,0,0,0,N,place,*,*,*,*,浙江省,*,*
察哈爾省,0,0,0,N,place,*,*,*,*,察哈爾省,*,*
山東,0,0,0,N,place,*,*,*,*,山東,*,*
山東省,0,0,0,N,place,*,*,*,*,山東省,*,*
山西,0,0,0,N,place,*,*,*,*,山西,*,*
山西省,0,0,0,N,place,*,*,*,*,山西省,*,*
陝西省,0,0,0,N,place,*,*,*,*,陝西省,*,*
熱河省,0,0,0,N,place,*,*,*,*,熱河省,*,*
四川省,0,0,0,N,place,*,*,*,*,四川省,*,*
綏遠,0,0,0,N,place,*,*,*,*,綏遠,*,*
綏遠省,0,0,0,N,place,*,*,*,*,綏遠省,*,*
松江省,0,0,0,N,place,*,*,*,*,松江省,*,*
安東省,0,0,0,N,place,*,*,*,*,安東省,*,*
安徽省,0,0,0,N,place,*,*,*,*,安徽省,*,*
雲南省,0,0,0,N,place,*,*,*,*,雲南省,*,*
八莫,0,0,0,N,place,*,*,*,*,八莫,*,*
巴貝克,0,0,0,N,place,*,*,*,*,巴貝克,*,*
巴比倫,0,0,0,N,place,*,*,*,*,巴比倫,*,*
巴特那,0,0,0,N,place,*,*,*,*,巴特那,*,*
巴統,0,0,0,N,place,*,*,*,*,巴統,*,*
巴拿馬,0,0,0,N,place,*,*,*,*,巴拿馬,*,*
巴拿馬市,0,0,0,N,place,*,*,*,*,巴拿馬市,*,*
巴拉馬利波市,0,0,0,N,place,*,*,*,*,巴拉馬利波市,*,*
巴勒摩,0,0,0,N,place,*,*,*,*,巴勒摩,*,*
巴黎,0,0,0,N,place,*,*,*,*,巴黎,*,*
巴利,0,0,0,N,place,*,*,*,*,巴利,*,*
巴格達,0,0,0,N,place,*,*,*,*,巴格達,*,*
巴庫,0,0,0,N,place,*,*,*,*,巴庫,*,*
巴西利亞,0,0,0,N,place,*,*,*,*,巴西利亞,*,*
巴斯,0,0,0,N,place,*,*,*,*,巴斯,*,*
巴塞隆納,0,0,0,N,place,*,*,*,*,巴塞隆納,*,*
巴塞爾,0,0,0,N,place,*,*,*,*,巴塞爾,*,*
巴爾的摩,0,0,0,N,place,*,*,*,*,巴爾的摩,*,*
波隆那,0,0,0,N,place,*,*,*,*,波隆那,*,*
波哥大,0,0,0,N,place,*,*,*,*,波哥大,*,*
波士頓,0,0,0,N,place,*,*,*,*,波士頓,*,*
波茨坦,0,0,0,N,place,*,*,*,*,波茨坦,*,*
波昂,0,0,0,N,place,*,*,*,*,波昂,*,*
波微,0,0,0,N,place,*,*,*,*,波微,*,*
伯明罕,0,0,0,N,place,*,*,*,*,伯明罕,*,*
伯力,0,0,0,N,place,*,*,*,*,伯力,*,*
伯利恆,0,0,0,N,place,*,*,*,*,伯利恆,*,*
伯克來,0,0,0,N,place,*,*,*,*,伯克來,*,*
伯斯,0,0,0,N,place,*,*,*,*,伯斯,*,*
伯恩,0,0,0,N,place,*,*,*,*,伯恩,*,*
伯爾發斯特,0,0,0,N,place,*,*,*,*,伯爾發斯特,*,*
柏特斯加登,0,0,0,N,place,*,*,*,*,柏特斯加登,*,*
柏林,0,0,0,N,place,*,*,*,*,柏林,*,*
百里,0,0,0,N,place,*,*,*,*,百里,*,*
百靈廟,0,0,0,N,place,*,*,*,*,百靈廟,*,*
卑爾根,0,0,0,N,place,*,*,*,*,卑爾根,*,*
北平市,0,0,0,N,place,*,*,*,*,北平市,*,*
北九州,0,0,0,N,place,*,*,*,*,北九州,*,*
北安市,0,0,0,N,place,*,*,*,*,北安市,*,*
貝那芬托,0,0,0,N,place,*,*,*,*,貝那芬托,*,*
貝魯特,0,0,0,N,place,*,*,*,*,貝魯特,*,*
貝赤,0,0,0,N,place,*,*,*,*,貝赤,*,*
貝爾格勒,0,0,0,N,place,*,*,*,*,貝爾格勒,*,*
包頭,0,0,0,N,place,*,*,*,*,包頭,*,*
包頭市,0,0,0,N,place,*,*,*,*,包頭市,*,*
班基,0,0,0,N,place,*,*,*,*,班基,*,*
班竹,0,0,0,N,place,*,*,*,*,班竹,*,*
板橋,0,0,0,N,place,*,*,*,*,板橋,*,*
蚌埠市,0,0,0,N,place,*,*,*,*,蚌埠市,*,*
比薩,0,0,0,N,place,*,*,*,*,比薩,*,*
比索,0,0,0,N,place,*,*,*,*,比索,*,*
碧瑤,0,0,0,N,place,*,*,*,*,碧瑤,*,*
檳城,0,0,0,N,place,*,*,*,*,檳城,*,*
布法羅,0,0,0,N,place,*,*,*,*,布法羅,*,*
布達佩斯,0,0,0,N,place,*,*,*,*,布達佩斯,*,*
布那喀,0,0,0,N,place,*,*,*,*,布那喀,*,*
布拉格,0,0,0,N,place,*,*,*,*,布拉格,*,*
布拉薩市,0,0,0,N,place,*,*,*,*,布拉薩市,*,*
布勒斯特,0,0,0,N,place,*,*,*,*,布勒斯特,*,*
布雷爾港,0,0,0,N,place,*,*,*,*,布雷爾港,*,*
布里斯托,0,0,0,N,place,*,*,*,*,布里斯托,*,*
布利斯班,0,0,0,N,place,*,*,*,*,布利斯班,*,*
布魯日,0,0,0,N,place,*,*,*,*,布魯日,*,*
布魯塞爾,0,0,0,N,place,*,*,*,*,布魯塞爾,*,*
布綸堡,0,0,0,N,place,*,*,*,*,布綸堡,*,*
布卡拉,0,0,0,N,place,*,*,*,*,布卡拉,*,*
布加勒斯特,0,0,0,N,place,*,*,*,*,布加勒斯特,*,*
布爾諾,0,0,0,N,place,*,*,*,*,布爾諾,*,*
布爾茲,0,0,0,N,place,*,*,*,*,布爾茲,*,*
布宜諾,0,0,0,N,place,*,*,*,*,布宜諾,*,*
布宜諾斯艾利斯,0,0,0,N,place,*,*,*,*,布宜諾斯艾利斯,*,*
朴資茅斯,0,0,0,N,place,*,*,*,*,朴資茅斯,*,*
匹茲堡,0,0,0,N,place,*,*,*,*,匹茲堡,*,*
平鎮市,0,0,0,N,place,*,*,*,*,平鎮市,*,*
平壤,0,0,0,N,place,*,*,*,*,平壤,*,*
屏東市,0,0,0,N,place,*,*,*,*,屏東市,*,*
朴子市,0,0,0,N,place,*,*,*,*,朴子市,*,*
麻六甲,0,0,0,N,place,*,*,*,*,麻六甲,*,*
馬德堡,0,0,0,N,place,*,*,*,*,馬德堡,*,*
馬德里,0,0,0,N,place,*,*,*,*,馬德里,*,*
馬拿瓜,0,0,0,N,place,*,*,*,*,馬拿瓜,*,*
馬尼拉,0,0,0,N,place,*,*,*,*,馬尼拉,*,*
馬公市,0,0,0,N,place,*,*,*,*,馬公市,*,*
馬江,0,0,0,N,place,*,*,*,*,馬江,*,*
馬賽港,0,0,0,N,place,*,*,*,*,馬賽港,*,*
莫曼斯克,0,0,0,N,place,*,*,*,*,莫曼斯克,*,*
莫斯科,0,0,0,N,place,*,*,*,*,莫斯科,*,*
墨西哥城,0,0,0,N,place,*,*,*,*,墨西哥城,*,*
墨爾本,0,0,0,N,place,*,*,*,*,墨爾本,*,*
麥地那,0,0,0,N,place,*,*,*,*,麥地那,*,*
麥加,0,0,0,N,place,*,*,*,*,麥加,*,*
邁錫尼城,0,0,0,N,place,*,*,*,*,邁錫尼城,*,*
邁阿密,0,0,0,N,place,*,*,*,*,邁阿密,*,*
曼谷,0,0,0,N,place,*,*,*,*,曼谷,*,*
曼徹斯特,0,0,0,N,place,*,*,*,*,曼徹斯特,*,*
蒙地卡羅,0,0,0,N,place,*,*,*,*,蒙地卡羅,*,*
米蘭,0,0,0,N,place,*,*,*,*,米蘭,*,*
苗栗市,0,0,0,N,place,*,*,*,*,苗栗市,*,*
名古屋,0,0,0,N,place,*,*,*,*,名古屋,*,*
木浦,0,0,0,N,place,*,*,*,*,木浦,*,*
法蘭克福,0,0,0,N,place,*,*,*,*,法蘭克福,*,*
費城,0,0,0,N,place,*,*,*,*,費城,*,*
凡爾賽,0,0,0,N,place,*,*,*,*,凡爾賽,*,*
梵蒂岡,0,0,0,N,place,*,*,*,*,梵蒂岡,*,*
福州市,0,0,0,N,place,*,*,*,*,福州市,*,*
達拉斯,0,0,0,N,place,*,*,*,*,達拉斯,*,*
達卡,0,0,0,N,place,*,*,*,*,達卡,*,*
達喀爾,0,0,0,N,place,*,*,*,*,達喀爾,*,*
大阪,0,0,0,N,place,*,*,*,*,大阪,*,*
大馬士革,0,0,0,N,place,*,*,*,*,大馬士革,*,*
大連,0,0,0,N,place,*,*,*,*,大連,*,*
大沽,0,0,0,N,place,*,*,*,*,大沽,*,*
大邱,0,0,0,N,place,*,*,*,*,大邱,*,*
德里,0,0,0,N,place,*,*,*,*,德里,*,*
德黑蘭,0,0,0,N,place,*,*,*,*,德黑蘭,*,*
德爾班,0,0,0,N,place,*,*,*,*,德爾班,*,*
斗六市,0,0,0,N,place,*,*,*,*,斗六市,*,*
丹佛,0,0,0,N,place,*,*,*,*,丹佛,*,*
但澤,0,0,0,N,place,*,*,*,*,但澤,*,*
迪化市,0,0,0,N,place,*,*,*,*,迪化市,*,*
底特律,0,0,0,N,place,*,*,*,*,底特律,*,*
的黎波里,0,0,0,N,place,*,*,*,*,的黎波里,*,*
都柏林,0,0,0,N,place,*,*,*,*,都柏林,*,*
多倫多,0,0,0,N,place,*,*,*,*,多倫多,*,*
東柏林,0,0,0,N,place,*,*,*,*,東柏林,*,*
東京,0,0,0,N,place,*,*,*,*,東京,*,*
臺北市,0,0,0,N,place,*,*,*,*,臺北市,*,*
臺南市,0,0,0,N,place,*,*,*,*,臺南市,*,*
臺中,0,0,0,N,place,*,*,*,*,臺中,*,*
臺中市,0,0,0,N,place,*,*,*,*,臺中市,*,*
太子港,0,0,0,N,place,*,*,*,*,太子港,*,*
太原,0,0,0,N,place,*,*,*,*,太原,*,*
太原市,0,0,0,N,place,*,*,*,*,太原市,*,*
桃園,0,0,0,N,place,*,*,*,*,桃園,*,*
桃園市,0,0,0,N,place,*,*,*,*,桃園市,*,*
檀香山,0,0,0,N,place,*,*,*,*,檀香山,*,*
唐山,0,0,0,N,place,*,*,*,*,唐山,*,*
唐山市,0,0,0,N,place,*,*,*,*,唐山市,*,*
塘沽,0,0,0,N,place,*,*,*,*,塘沽,*,*
堤岸,0,0,0,N,place,*,*,*,*,堤岸,*,*
堤岸市,0,0,0,N,place,*,*,*,*,堤岸市,*,*
天津,0,0,0,N,place,*,*,*,*,天津,*,*
天津市,0,0,0,N,place,*,*,*,*,天津市,*,*
突尼斯,0,0,0,N,place,*,*,*,*,突尼斯,*,*
土庫,0,0,0,N,place,*,*,*,*,土庫,*,*
菟裘,0,0,0,N,place,*,*,*,*,菟裘,*,*
通化市,0,0,0,N,place,*,*,*,*,通化市,*,*
那不勒斯,0,0,0,N,place,*,*,*,*,那不勒斯,*,*
南京,0,0,0,N,place,*,*,*,*,南京,*,*
南京市,0,0,0,N,place,*,*,*,*,南京市,*,*
南昌,0,0,0,N,place,*,*,*,*,南昌,*,*
紐約,0,0,0,N,place,*,*,*,*,紐約,*,*
寧波市,0,0,0,N,place,*,*,*,*,寧波市,*,*
拉巴特,0,0,0,N,place,*,*,*,*,拉巴特,*,*
拉巴斯,0,0,0,N,place,*,*,*,*,拉巴斯,*,*
拉合爾,0,0,0,N,place,*,*,*,*,拉合爾,*,*
拉斯維加,0,0,0,N,place,*,*,*,*,拉斯維加,*,*
拉薩,0,0,0,N,place,*,*,*,*,拉薩,*,*
來比錫,0,0,0,N,place,*,*,*,*,來比錫,*,*
雷克雅維克,0,0,0,N,place,*,*,*,*,雷克雅維克,*,*
蘭州市,0,0,0,N,place,*,*,*,*,蘭州市,*,*
里斯本,0,0,0,N,place,*,*,*,*,里斯本,*,*
里昂,0,0,0,N,place,*,*,*,*,里昂,*,*
里約熱內盧,0,0,0,N,place,*,*,*,*,里約熱內盧,*,*
利瑪,0,0,0,N,place,*,*,*,*,利瑪,*,*
利雅德,0,0,0,N,place,*,*,*,*,利雅德,*,*
利物浦,0,0,0,N,place,*,*,*,*,利物浦,*,*
列寧格勒,0,0,0,N,place,*,*,*,*,列寧格勒,*,*
列日,0,0,0,N,place,*,*,*,*,列日,*,*
遼源市,0,0,0,N,place,*,*,*,*,遼源市,*,*
柳州市,0,0,0,N,place,*,*,*,*,柳州市,*,*
鐮倉,0,0,0,N,place,*,*,*,*,鐮倉,*,*
盧森堡,0,0,0,N,place,*,*,*,*,盧森堡,*,*
鹿特丹,0,0,0,N,place,*,*,*,*,鹿特丹,*,*
鹿兒島,0,0,0,N,place,*,*,*,*,鹿兒島,*,*
羅馬,0,0,0,N,place,*,*,*,*,羅馬,*,*
洛梅,0,0,0,N,place,*,*,*,*,洛梅,*,*
洛杉磯,0,0,0,N,place,*,*,*,*,洛杉磯,*,*
洛次,0,0,0,N,place,*,*,*,*,洛次,*,*
洛桑,0,0,0,N,place,*,*,*,*,洛桑,*,*
洛陽,0,0,0,N,place,*,*,*,*,洛陽,*,*
漯,0,0,0,N,place,*,*,*,*,漯,*,*
灤京,0,0,0,N,place,*,*,*,*,灤京,*,*
倫敦,0,0,0,N,place,*,*,*,*,倫敦,*,*
旅順,0,0,0,N,place,*,*,*,*,旅順,*,*
格但斯克,0,0,0,N,place,*,*,*,*,格但斯克,*,*
格林威治,0,0,0,N,place,*,*,*,*,格林威治,*,*
噶大克,0,0,0,N,place,*,*,*,*,噶大克,*,*
高雄市,0,0,0,N,place,*,*,*,*,高雄市,*,*
鋼城,0,0,0,N,place,*,*,*,*,鋼城,*,*
古晉,0,0,0,N,place,*,*,*,*,古晉,*,*
瓜地馬拉市,0,0,0,N,place,*,*,*,*,瓜地馬拉市,*,*
歸綏,0,0,0,N,place,*,*,*,*,歸綏,*,*
歸綏市,0,0,0,N,place,*,*,*,*,歸綏市,*,*
桂林,0,0,0,N,place,*,*,*,*,桂林,*,*
桂林市,0,0,0,N,place,*,*,*,*,桂林市,*,*
貴陽,0,0,0,N,place,*,*,*,*,貴陽,*,*
貴陽市,0,0,0,N,place,*,*,*,*,貴陽市,*,*
廣島,0,0,0,N,place,*,*,*,*,廣島,*,*
廣州市,0,0,0,N,place,*,*,*,*,廣州市,*,*
卡土穆,0,0,0,N,place,*,*,*,*,卡土穆,*,*
卡拉卡斯,0,0,0,N,place,*,*,*,*,卡拉卡斯,*,*
喀布爾,0,0,0,N,place,*,*,*,*,喀布爾,*,*
喀拉蚩,0,0,0,N,place,*,*,*,*,喀拉蚩,*,*
科布多,0,0,0,N,place,*,*,*,*,科布多,*,*
科威特市,0,0,0,N,place,*,*,*,*,科威特市,*,*
可倫坡,0,0,0,N,place,*,*,*,*,可倫坡,*,*
克利夫蘭,0,0,0,N,place,*,*,*,*,克利夫蘭,*,*
開普敦,0,0,0,N,place,*,*,*,*,開普敦,*,*
開封市,0,0,0,N,place,*,*,*,*,開封市,*,*
開羅,0,0,0,N,place,*,*,*,*,開羅,*,*
坎帕拉,0,0,0,N,place,*,*,*,*,坎帕拉,*,*
坎培拉,0,0,0,N,place,*,*,*,*,坎培拉,*,*
庫倫,0,0,0,N,place,*,*,*,*,庫倫,*,*
魁北克,0,0,0,N,place,*,*,*,*,魁北克,*,*
昆明市,0,0,0,N,place,*,*,*,*,昆明市,*,*
孔坡,0,0,0,N,place,*,*,*,*,孔坡,*,*
哈爾濱市,0,0,0,N,place,*,*,*,*,哈爾濱市,*,*
哈爾列姆市,0,0,0,N,place,*,*,*,*,哈爾列姆市,*,*
哈瓦那市,0,0,0,N,place,*,*,*,*,哈瓦那市,*,*
河內,0,0,0,N,place,*,*,*,*,河內,*,*
赫爾辛基,0,0,0,N,place,*,*,*,*,赫爾辛基,*,*
海法,0,0,0,N,place,*,*,*,*,海法,*,*
海德堡,0,0,0,N,place,*,*,*,*,海德堡,*,*
海拉爾,0,0,0,N,place,*,*,*,*,海拉爾,*,*
海口,0,0,0,N,place,*,*,*,*,海口,*,*
海口市,0,0,0,N,place,*,*,*,*,海口市,*,*
海參崴,0,0,0,N,place,*,*,*,*,海參崴,*,*
海牙,0,0,0,N,place,*,*,*,*,海牙,*,*
函館,0,0,0,N,place,*,*,*,*,函館,*,*
漢堡,0,0,0,N,place,*,*,*,*,漢堡,*,*
漢口市,0,0,0,N,place,*,*,*,*,漢口市,*,*
漢城,0,0,0,N,place,*,*,*,*,漢城,*,*
杭州市,0,0,0,N,place,*,*,*,*,杭州市,*,*
橫濱,0,0,0,N,place,*,*,*,*,橫濱,*,*
衡陽,0,0,0,N,place,*,*,*,*,衡陽,*,*
衡陽市,0,0,0,N,place,*,*,*,*,衡陽市,*,*
胡志明市,0,0,0,N,place,*,*,*,*,胡志明市,*,*
湖州市,0,0,0,N,place,*,*,*,*,湖州市,*,*
華府,0,0,0,N,place,*,*,*,*,華府,*,*
華沙,0,0,0,N,place,*,*,*,*,華沙,*,*
華盛頓,0,0,0,N,place,*,*,*,*,華盛頓,*,*
華盛頓哥倫比亞特區,0,0,0,N,place,*,*,*,*,華盛頓哥倫比亞特區,*,*
火奴魯魯,0,0,0,N,place,*,*,*,*,火奴魯魯,*,*
黃州,0,0,0,N,place,*,*,*,*,黃州,*,*
基輔,0,0,0,N,place,*,*,*,*,基輔,*,*
基多,0,0,0,N,place,*,*,*,*,基多,*,*
基隆市,0,0,0,N,place,*,*,*,*,基隆市,*,*
吉達,0,0,0,N,place,*,*,*,*,吉達,*,*
吉林,0,0,0,N,place,*,*,*,*,吉林,*,*
吉林市,0,0,0,N,place,*,*,*,*,吉林市,*,*
吉隆坡,0,0,0,N,place,*,*,*,*,吉隆坡,*,*
吉爾庫克,0,0,0,N,place,*,*,*,*,吉爾庫克,*,*
濟南市,0,0,0,N,place,*,*,*,*,濟南市,*,*
加德滿都,0,0,0,N,place,*,*,*,*,加德滿都,*,*
加拉干達,0,0,0,N,place,*,*,*,*,加拉干達,*,*
加利波里,0,0,0,N,place,*,*,*,*,加利波里,*,*
加爾各答,0,0,0,N,place,*,*,*,*,加爾各答,*,*
嘉義,0,0,0,N,place,*,*,*,*,嘉義,*,*
嘉義市,0,0,0,N,place,*,*,*,*,嘉義市,*,*
佳木斯市,0,0,0,N,place,*,*,*,*,佳木斯市,*,*
九江市,0,0,0,N,place,*,*,*,*,九江市,*,*
酒泉,0,0,0,N,place,*,*,*,*,酒泉,*,*
舊金山,0,0,0,N,place,*,*,*,*,舊金山,*,*
劍橋,0,0,0,N,place,*,*,*,*,劍橋,*,*
金邊,0,0,0,N,place,*,*,*,*,金邊,*,*
金夏沙,0,0,0,N,place,*,*,*,*,金夏沙,*,*
錦州市,0,0,0,N,place,*,*,*,*,錦州市,*,*
京斯敦,0,0,0,N,place,*,*,*,*,京斯敦,*,*
靜岡,0,0,0,N,place,*,*,*,*,靜岡,*,*
巨港,0,0,0,N,place,*,*,*,*,巨港,*,*
齊齊哈爾,0,0,0,N,place,*,*,*,*,齊齊哈爾,*,*
青島市,0,0,0,N,place,*,*,*,*,青島市,*,*
清津,0,0,0,N,place,*,*,*,*,清津,*,*
慶伯利,0,0,0,N,place,*,*,*,*,慶伯利,*,*
泉州,0,0,0,N,place,*,*,*,*,泉州,*,*
西柏林,0,0,0,N,place,*,*,*,*,西柏林,*,*
西班牙港,0,0,0,N,place,*,*,*,*,西班牙港,*,*
西寧市,0,0,0,N,place,*,*,*,*,西寧市,*,*
西貢,0,0,0,N,place,*,*,*,*,西貢,*,*
西安市,0,0,0,N,place,*,*,*,*,西安市,*,*
西雅圖,0,0,0,N,place,*,*,*,*,西雅圖,*,*
下關,0,0,0,N,place,*,*,*,*,下關,*,*
廈門市,0,0,0,N,place,*,*,*,*,廈門市,*,*
休士頓市,0,0,0,N,place,*,*,*,*,休士頓市,*,*
辛辛那提,0,0,0,N,place,*,*,*,*,辛辛那提,*,*
新北市,0,0,0,N,place,*,*,*,*,新北市,*,*
新德里,0,0,0,N,place,*,*,*,*,新德里,*,*
新加坡,0,0,0,N,place,*,*,*,*,新加坡,*,*
新潟,0,0,0,N,place,*,*,*,*,新潟,*,*
新竹市,0,0,0,N,place,*,*,*,*,新竹市,*,*
新奧爾良,0,0,0,N,place,*,*,*,*,新奧爾良,*,*
箱根,0,0,0,N,place,*,*,*,*,箱根,*,*
襄樊市,0,0,0,N,place,*,*,*,*,襄樊市,*,*
徐州市,0,0,0,N,place,*,*,*,*,徐州市,*,*
雪菲耳,0,0,0,N,place,*,*,*,*,雪菲耳,*,*
雪梨,0,0,0,N,place,*,*,*,*,雪梨,*,*
芝加哥,0,0,0,N,place,*,*,*,*,芝加哥,*,*
札賚諾爾,0,0,0,N,place,*,*,*,*,札賚諾爾,*,*
札幌,0,0,0,N,place,*,*,*,*,札幌,*,*
鎮江市,0,0,0,N,place,*,*,*,*,鎮江市,*,*
彰化市,0,0,0,N,place,*,*,*,*,彰化市,*,*
張垣市,0,0,0,N,place,*,*,*,*,張垣市,*,*
鄭州市,0,0,0,N,place,*,*,*,*,鄭州市,*,*
中京,0,0,0,N,place,*,*,*,*,中京,*,*
赤塔,0,0,0,N,place,*,*,*,*,赤塔,*,*
長灘,0,0,0,N,place,*,*,*,*,長灘,*,*
長崎市,0,0,0,N,place,*,*,*,*,長崎市,*,*
長春市,0,0,0,N,place,*,*,*,*,長春市,*,*
長沙市,0,0,0,N,place,*,*,*,*,長沙市,*,*
成都市,0,0,0,N,place,*,*,*,*,成都市,*,*
川崎,0,0,0,N,place,*,*,*,*,川崎,*,*
重慶,0,0,0,N,place,*,*,*,*,重慶,*,*
重慶市,0,0,0,N,place,*,*,*,*,重慶市,*,*
獅城,0,0,0,N,place,*,*,*,*,獅城,*,*
石頭城,0,0,0,N,place,*,*,*,*,石頭城,*,*
沙隆,0,0,0,N,place,*,*,*,*,沙隆,*,*
沙市,0,0,0,N,place,*,*,*,*,沙市,*,*
逤,0,0,0,N,place,*,*,*,*,逤,*,*
山打根,0,0,0,N,place,*,*,*,*,山打根,*,*
汕頭市,0,0,0,N,place,*,*,*,*,汕頭市,*,*
瀋陽市,0,0,0,N,place,*,*,*,*,瀋陽市,*,*
上海市,0,0,0,N,place,*,*,*,*,上海市,*,*
聖保羅,0,0,0,N,place,*,*,*,*,聖保羅,*,*
聖彼得堡,0,0,0,N,place,*,*,*,*,聖彼得堡,*,*
聖馬利諾,0,0,0,N,place,*,*,*,*,聖馬利諾,*,*
聖德田,0,0,0,N,place,*,*,*,*,聖德田,*,*
聖地牙哥,0,0,0,N,place,*,*,*,*,聖地牙哥,*,*
聖多斯,0,0,0,N,place,*,*,*,*,聖多斯,*,*
聖路易,0,0,0,N,place,*,*,*,*,聖路易,*,*
日內瓦,0,0,0,N,place,*,*,*,*,日內瓦,*,*
日喀則,0,0,0,N,place,*,*,*,*,日喀則,*,*
熱那亞,0,0,0,N,place,*,*,*,*,熱那亞,*,*
任囂,0,0,0,N,place,*,*,*,*,任囂,*,*
自貢市,0,0,0,N,place,*,*,*,*,自貢市,*,*
斯巴達,0,0,0,N,place,*,*,*,*,斯巴達,*,*
斯德哥爾摩,0,0,0,N,place,*,*,*,*,斯德哥爾摩,*,*
四平市,0,0,0,N,place,*,*,*,*,四平市,*,*
塞得港,0,0,0,N,place,*,*,*,*,塞得港,*,*
蘇黎士,0,0,0,N,place,*,*,*,*,蘇黎士,*,*
蘇伊士,0,0,0,N,place,*,*,*,*,蘇伊士,*,*
蘇瓦,0,0,0,N,place,*,*,*,*,蘇瓦,*,*
宿霧,0,0,0,N,place,*,*,*,*,宿霧,*,*
綏遠,0,0,0,N,place,*,*,*,*,綏遠,*,*
阿必尚,0,0,0,N,place,*,*,*,*,阿必尚,*,*
阿布達比,0,0,0,N,place,*,*,*,*,阿布達比,*,*
阿姆斯特丹,0,0,0,N,place,*,*,*,*,阿姆斯特丹,*,*
阿迪斯阿貝巴,0,0,0,N,place,*,*,*,*,阿迪斯阿貝巴,*,*
阿爾及爾,0,0,0,N,place,*,*,*,*,阿爾及爾,*,*
愛丁堡,0,0,0,N,place,*,*,*,*,愛丁堡,*,*
敖得薩,0,0,0,N,place,*,*,*,*,敖得薩,*,*
奧登塞,0,0,0,N,place,*,*,*,*,奧登塞,*,*
奧克蘭,0,0,0,N,place,*,*,*,*,奧克蘭,*,*
奧斯陸,0,0,0,N,place,*,*,*,*,奧斯陸,*,*
奧爾良,0,0,0,N,place,*,*,*,*,奧爾良,*,*
安曼,0,0,0,N,place,*,*,*,*,安曼,*,*
安多法加斯大,0,0,0,N,place,*,*,*,*,安多法加斯大,*,*
安東市,0,0,0,N,place,*,*,*,*,安東市,*,*
安哥拉,0,0,0,N,place,*,*,*,*,安哥拉,*,*
安卡拉,0,0,0,N,place,*,*,*,*,安卡拉,*,*
安克拉治,0,0,0,N,place,*,*,*,*,安克拉治,*,*
鞍山,0,0,0,N,place,*,*,*,*,鞍山,*,*
伊斯巴罕,0,0,0,N,place,*,*,*,*,伊斯巴罕,*,*
伊斯坦堡,0,0,0,N,place,*,*,*,*,伊斯坦堡,*,*
伊斯蘭馬巴德,0,0,0,N,place,*,*,*,*,伊斯蘭馬巴德,*,*
伊爾庫次克,0,0,0,N,place,*,*,*,*,伊爾庫次克,*,*
宜蘭市,0,0,0,N,place,*,*,*,*,宜蘭市,*,*
易加卡,0,0,0,N,place,*,*,*,*,易加卡,*,*
雅典,0,0,0,N,place,*,*,*,*,雅典,*,*
亞丁,0,0,0,N,place,*,*,*,*,亞丁,*,*
亞東,0,0,0,N,place,*,*,*,*,亞東,*,*
亞特蘭大,0,0,0,N,place,*,*,*,*,亞特蘭大,*,*
亞格拉,0,0,0,N,place,*,*,*,*,亞格拉,*,*
亞松森,0,0,0,N,place,*,*,*,*,亞松森,*,*
耶路撒冷,0,0,0,N,place,*,*,*,*,耶路撒冷,*,*
冶父,0,0,0,N,place,*,*,*,*,冶父,*,*
煙臺,0,0,0,N,place,*,*,*,*,煙臺,*,*
煙臺市,0,0,0,N,place,*,*,*,*,煙臺市,*,*
鹽湖城,0,0,0,N,place,*,*,*,*,鹽湖城,*,*
銀川市,0,0,0,N,place,*,*,*,*,銀川市,*,*
仰光,0,0,0,N,place,*,*,*,*,仰光,*,*
營口市,0,0,0,N,place,*,*,*,*,營口市,*,*
梧州市,0,0,0,N,place,*,*,*,*,梧州市,*,*
武昌市,0,0,0,N,place,*,*,*,*,武昌市,*,*
渥太華,0,0,0,N,place,*,*,*,*,渥太華,*,*
維也納,0,0,0,N,place,*,*,*,*,維也納,*,*
溫布頓,0,0,0,N,place,*,*,*,*,溫布頓,*,*
溫尼伯,0,0,0,N,place,*,*,*,*,溫尼伯,*,*
溫哥華,0,0,0,N,place,*,*,*,*,溫哥華,*,*
約翰尼斯堡,0,0,0,N,place,*,*,*,*,約翰尼斯堡,*,*
永珍,0,0,0,N,place,*,*,*,*,永珍,*,*
巴東,0,0,0,N,place,*,*,*,*,巴東,*,*
巴東縣,0,0,0,N,place,*,*,*,*,巴東縣,*,*
巴丘,0,0,0,N,place,*,*,*,*,巴丘,*,*
巴縣,0,0,0,N,place,*,*,*,*,巴縣,*,*
巴楚縣,0,0,0,N,place,*,*,*,*,巴楚縣,*,*
巴山,0,0,0,N,place,*,*,*,*,巴山,*,*
巴山縣,0,0,0,N,place,*,*,*,*,巴山縣,*,*
巴安縣,0,0,0,N,place,*,*,*,*,巴安縣,*,*
霸陵縣,0,0,0,N,place,*,*,*,*,霸陵縣,*,*
霸縣,0,0,0,N,place,*,*,*,*,霸縣,*,*
灞陵縣,0,0,0,N,place,*,*,*,*,灞陵縣,*,*
百色縣,0,0,0,N,place,*,*,*,*,百色縣,*,*
柏鄉縣,0,0,0,N,place,*,*,*,*,柏鄉縣,*,*
博白縣,0,0,0,N,place,*,*,*,*,博白縣,*,*
博平縣,0,0,0,N,place,*,*,*,*,博平縣,*,*
博樂縣,0,0,0,N,place,*,*,*,*,博樂縣,*,*
博興,0,0,0,N,place,*,*,*,*,博興,*,*
博山縣,0,0,0,N,place,*,*,*,*,博山縣,*,*
博野縣,0,0,0,N,place,*,*,*,*,博野縣,*,*
博望縣,0,0,0,N,place,*,*,*,*,博望縣,*,*
白河,0,0,0,N,place,*,*,*,*,白河,*,*
白河縣,0,0,0,N,place,*,*,*,*,白河縣,*,*
拜泉縣,0,0,0,N,place,*,*,*,*,拜泉縣,*,*
鞞,0,0,0,N,place,*,*,*,*,鞞,*,*
包頭,0,0,0,N,place,*,*,*,*,包頭,*,*
包頭縣,0,0,0,N,place,*,*,*,*,包頭縣,*,*
褒城縣,0,0,0,N,place,*,*,*,*,褒城縣,*,*
保德縣,0,0,0,N,place,*,*,*,*,保德縣,*,*
保亭縣,0,0,0,N,place,*,*,*,*,保亭縣,*,*
保康縣,0,0,0,N,place,*,*,*,*,保康縣,*,*
保山,0,0,0,N,place,*,*,*,*,保山,*,*
保山縣,0,0,0,N,place,*,*,*,*,保山縣,*,*
寶坻縣,0,0,0,N,place,*,*,*,*,寶坻縣,*,*
寶雞,0,0,0,N,place,*,*,*,*,寶雞,*,*
寶雞縣,0,0,0,N,place,*,*,*,*,寶雞縣,*,*
寶興縣,0,0,0,N,place,*,*,*,*,寶興縣,*,*
寶昌縣,0,0,0,N,place,*,*,*,*,寶昌縣,*,*
寶山,0,0,0,N,place,*,*,*,*,寶山,*,*
寶安縣,0,0,0,N,place,*,*,*,*,寶安縣,*,*
寶應,0,0,0,N,place,*,*,*,*,寶應,*,*
寶應縣,0,0,0,N,place,*,*,*,*,寶應縣,*,*
比景,0,0,0,N,place,*,*,*,*,比景,*,*
邠縣,0,0,0,N,place,*,*,*,*,邠縣,*,*
不夜城,0,0,0,N,place,*,*,*,*,不夜城,*,*
鄱,0,0,0,N,place,*,*,*,*,鄱,*,*
邳縣,0,0,0,N,place,*,*,*,*,邳縣,*,*
番禺縣,0,0,0,N,place,*,*,*,*,番禺縣,*,*
磐石,0,0,0,N,place,*,*,*,*,磐石,*,*
磐石縣,0,0,0,N,place,*,*,*,*,磐石縣,*,*
蓬萊,0,0,0,N,place,*,*,*,*,蓬萊,*,*
蓬萊縣,0,0,0,N,place,*,*,*,*,蓬萊縣,*,*
蓬溪縣,0,0,0,N,place,*,*,*,*,蓬溪縣,*,*
彭縣,0,0,0,N,place,*,*,*,*,彭縣,*,*
彭城,0,0,0,N,place,*,*,*,*,彭城,*,*
彭山縣,0,0,0,N,place,*,*,*,*,彭山縣,*,*
彭水縣,0,0,0,N,place,*,*,*,*,彭水縣,*,*
彭澤,0,0,0,N,place,*,*,*,*,彭澤,*,*
彭澤縣,0,0,0,N,place,*,*,*,*,彭澤縣,*,*
澎湖縣,0,0,0,N,place,*,*,*,*,澎湖縣,*,*
毗陵,0,0,0,N,place,*,*,*,*,毗陵,*,*
郫縣,0,0,0,N,place,*,*,*,*,郫縣,*,*
偏關縣,0,0,0,N,place,*,*,*,*,偏關縣,*,*
平等,0,0,0,N,place,*,*,*,*,平等,*,*
平定,0,0,0,N,place,*,*,*,*,平定,*,*
平定縣,0,0,0,N,place,*,*,*,*,平定縣,*,*
萍鄉縣,0,0,0,N,place,*,*,*,*,萍鄉縣,*,*
屏東縣,0,0,0,N,place,*,*,*,*,屏東縣,*,*
莆田縣,0,0,0,N,place,*,*,*,*,莆田縣,*,*
蒲江縣,0,0,0,N,place,*,*,*,*,蒲江縣,*,*
濮,0,0,0,N,place,*,*,*,*,濮,*,*
濮陽縣,0,0,0,N,place,*,*,*,*,濮陽縣,*,*
浦城縣,0,0,0,N,place,*,*,*,*,浦城縣,*,*
普洱,0,0,0,N,place,*,*,*,*,普洱,*,*
墨玉,0,0,0,N,place,*,*,*,*,墨玉,*,*
墨玉縣,0,0,0,N,place,*,*,*,*,墨玉縣,*,*
梅縣,0,0,0,N,place,*,*,*,*,梅縣,*,*
眉山,0,0,0,N,place,*,*,*,*,眉山,*,*
郿縣,0,0,0,N,place,*,*,*,*,郿縣,*,*
鄮,0,0,0,N,place,*,*,*,*,鄮,*,*
鄮縣,0,0,0,N,place,*,*,*,*,鄮縣,*,*
鄳,0,0,0,N,place,*,*,*,*,鄳,*,*
孟津縣,0,0,0,N,place,*,*,*,*,孟津縣,*,*
苗栗縣,0,0,0,N,place,*,*,*,*,苗栗縣,*,*
澠池,0,0,0,N,place,*,*,*,*,澠池,*,*
澠池縣,0,0,0,N,place,*,*,*,*,澠池縣,*,*
鳴沙,0,0,0,N,place,*,*,*,*,鳴沙,*,*
鳴沙縣,0,0,0,N,place,*,*,*,*,鳴沙縣,*,*
法庫縣,0,0,0,N,place,*,*,*,*,法庫縣,*,*
汾陽縣,0,0,0,N,place,*,*,*,*,汾陽縣,*,*
邡,0,0,0,N,place,*,*,*,*,邡,*,*
扶風縣,0,0,0,N,place,*,*,*,*,扶風縣,*,*
酆都,0,0,0,N,place,*,*,*,*,酆都,*,*
鳳凰,0,0,0,N,place,*,*,*,*,鳳凰,*,*
鄜縣,0,0,0,N,place,*,*,*,*,鄜縣,*,*
扶風,0,0,0,N,place,*,*,*,*,扶風,*,*
撫遠縣,0,0,0,N,place,*,*,*,*,撫遠縣,*,*
傅會,0,0,0,N,place,*,*,*,*,傅會,*,*
大同,0,0,0,N,place,*,*,*,*,大同,*,*
大理,0,0,0,N,place,*,*,*,*,大理,*,*
大理縣,0,0,0,N,place,*,*,*,*,大理縣,*,*
儋,0,0,0,N,place,*,*,*,*,儋,*,*
當塗,0,0,0,N,place,*,*,*,*,當塗,*,*
當塗縣,0,0,0,N,place,*,*,*,*,當塗縣,*,*
滇池,0,0,0,N,place,*,*,*,*,滇池,*,*
滇池縣,0,0,0,N,place,*,*,*,*,滇池縣,*,*
多倫縣,0,0,0,N,place,*,*,*,*,多倫縣,*,*
臺北縣,0,0,0,N,place,*,*,*,*,臺北縣,*,*
臺東縣,0,0,0,N,place,*,*,*,*,臺東縣,*,*
臺南縣,0,0,0,N,place,*,*,*,*,臺南縣,*,*
臺中縣,0,0,0,N,place,*,*,*,*,臺中縣,*,*
桃園,0,0,0,N,place,*,*,*,*,桃園,*,*
桃園縣,0,0,0,N,place,*,*,*,*,桃園縣,*,*
郯城縣,0,0,0,N,place,*,*,*,*,郯城縣,*,*
天台,0,0,0,N,place,*,*,*,*,天台,*,*
天台縣,0,0,0,N,place,*,*,*,*,天台縣,*,*
吐魯番,0,0,0,N,place,*,*,*,*,吐魯番,*,*
同仁,0,0,0,N,place,*,*,*,*,同仁,*,*
桐城縣,0,0,0,N,place,*,*,*,*,桐城縣,*,*
潼關縣,0,0,0,N,place,*,*,*,*,潼關縣,*,*
南投縣,0,0,0,N,place,*,*,*,*,南投縣,*,*
南海,0,0,0,N,place,*,*,*,*,南海,*,*
南鄭,0,0,0,N,place,*,*,*,*,南鄭,*,*
南鄭縣,0,0,0,N,place,*,*,*,*,南鄭縣,*,*
南山,0,0,0,N,place,*,*,*,*,南山,*,*
南樂,0,0,0,N,place,*,*,*,*,南樂,*,*
拉孜縣,0,0,0,N,place,*,*,*,*,拉孜縣,*,*
萊陽縣,0,0,0,N,place,*,*,*,*,萊陽縣,*,*
蘭陵,0,0,0,N,place,*,*,*,*,蘭陵,*,*
藍田,0,0,0,N,place,*,*,*,*,藍田,*,*
狼山,0,0,0,N,place,*,*,*,*,狼山,*,*
閬中縣,0,0,0,N,place,*,*,*,*,閬中縣,*,*
蒗蕖,0,0,0,N,place,*,*,*,*,蒗蕖,*,*
理化,0,0,0,N,place,*,*,*,*,理化,*,*
蠡縣,0,0,0,N,place,*,*,*,*,蠡縣,*,*
溧陽縣,0,0,0,N,place,*,*,*,*,溧陽縣,*,*
歷城縣,0,0,0,N,place,*,*,*,*,歷城縣,*,*
麗水,0,0,0,N,place,*,*,*,*,麗水,*,*
麗水縣,0,0,0,N,place,*,*,*,*,麗水縣,*,*
聊城縣,0,0,0,N,place,*,*,*,*,聊城縣,*,*
遼陽縣,0,0,0,N,place,*,*,*,*,遼陽縣,*,*
六安縣,0,0,0,N,place,*,*,*,*,六安縣,*,*
連江縣,0,0,0,N,place,*,*,*,*,連江縣,*,*
連城,0,0,0,N,place,*,*,*,*,連城,*,*
連城縣,0,0,0,N,place,*,*,*,*,連城縣,*,*
臨邛縣,0,0,0,N,place,*,*,*,*,臨邛縣,*,*
臨榆縣,0,0,0,N,place,*,*,*,*,臨榆縣,*,*
酃縣,0,0,0,N,place,*,*,*,*,酃縣,*,*
靈武縣,0,0,0,N,place,*,*,*,*,靈武縣,*,*
臚濱縣,0,0,0,N,place,*,*,*,*,臚濱縣,*,*
灤縣,0,0,0,N,place,*,*,*,*,灤縣,*,*
輪臺,0,0,0,N,place,*,*,*,*,輪臺,*,*
輪臺縣,0,0,0,N,place,*,*,*,*,輪臺縣,*,*
龍溪縣,0,0,0,N,place,*,*,*,*,龍溪縣,*,*
郃陽縣,0,0,0,N,place,*,*,*,*,郃陽縣,*,*
箇舊縣,0,0,0,N,place,*,*,*,*,箇舊縣,*,*
高平,0,0,0,N,place,*,*,*,*,高平,*,*
高明,0,0,0,N,place,*,*,*,*,高明,*,*
高雄縣,0,0,0,N,place,*,*,*,*,高雄縣,*,*
甘谷,0,0,0,N,place,*,*,*,*,甘谷,*,*
甘泉,0,0,0,N,place,*,*,*,*,甘泉,*,*
感恩,0,0,0,N,place,*,*,*,*,感恩,*,*
贛,0,0,0,N,place,*,*,*,*,贛,*,*
崞縣,0,0,0,N,place,*,*,*,*,崞縣,*,*
邽,0,0,0,N,place,*,*,*,*,邽,*,*
桂陽,0,0,0,N,place,*,*,*,*,桂陽,*,*
桂陽縣,0,0,0,N,place,*,*,*,*,桂陽縣,*,*
貴德,0,0,0,N,place,*,*,*,*,貴德,*,*
關嶺,0,0,0,N,place,*,*,*,*,關嶺,*,*
關嶺縣,0,0,0,N,place,*,*,*,*,關嶺縣,*,*
莞,0,0,0,N,place,*,*,*,*,莞,*,*
光澤,0,0,0,N,place,*,*,*,*,光澤,*,*
廣德,0,0,0,N,place,*,*,*,*,廣德,*,*
廣武,0,0,0,N,place,*,*,*,*,廣武,*,*
公安,0,0,0,N,place,*,*,*,*,公安,*,*
岢嵐縣,0,0,0,N,place,*,*,*,*,岢嵐縣,*,*
康定縣,0,0,0,N,place,*,*,*,*,康定縣,*,*
哈密縣,0,0,0,N,place,*,*,*,*,哈密縣,*,*
和闐縣,0,0,0,N,place,*,*,*,*,和闐縣,*,*
合浦縣,0,0,0,N,place,*,*,*,*,合浦縣,*,*
合肥縣,0,0,0,N,place,*,*,*,*,合肥縣,*,*
河間縣,0,0,0,N,place,*,*,*,*,河間縣,*,*
海門,0,0,0,N,place,*,*,*,*,海門,*,*
海豐縣,0,0,0,N,place,*,*,*,*,海豐縣,*,*
海寧,0,0,0,N,place,*,*,*,*,海寧,*,*
海鹽,0,0,0,N,place,*,*,*,*,海鹽,*,*
邯鄲,0,0,0,N,place,*,*,*,*,邯鄲,*,*
衡陽,0,0,0,N,place,*,*,*,*,衡陽,*,*
衡陽縣,0,0,0,N,place,*,*,*,*,衡陽縣,*,*
呼蘭縣,0,0,0,N,place,*,*,*,*,呼蘭縣,*,*
鄠,0,0,0,N,place,*,*,*,*,鄠,*,*
花蓮縣,0,0,0,N,place,*,*,*,*,花蓮縣,*,*
華陽縣,0,0,0,N,place,*,*,*,*,華陽縣,*,*
華陰縣,0,0,0,N,place,*,*,*,*,華陰縣,*,*
淮安縣,0,0,0,N,place,*,*,*,*,淮安縣,*,*
淮陰縣,0,0,0,N,place,*,*,*,*,淮陰縣,*,*
淮陽縣,0,0,0,N,place,*,*,*,*,淮陽縣,*,*
獲鹿縣,0,0,0,N,place,*,*,*,*,獲鹿縣,*,*
惠安縣,0,0,0,N,place,*,*,*,*,惠安縣,*,*
惠陽縣,0,0,0,N,place,*,*,*,*,惠陽縣,*,*
會昌縣,0,0,0,N,place,*,*,*,*,會昌縣,*,*
琿春縣,0,0,0,N,place,*,*,*,*,琿春縣,*,*
洪洞縣,0,0,0,N,place,*,*,*,*,洪洞縣,*,*
吉安縣,0,0,0,N,place,*,*,*,*,吉安縣,*,*
即墨縣,0,0,0,N,place,*,*,*,*,即墨縣,*,*
濟寧縣,0,0,0,N,place,*,*,*,*,濟寧縣,*,*
嘉興,0,0,0,N,place,*,*,*,*,嘉興,*,*
嘉義,0,0,0,N,place,*,*,*,*,嘉義,*,*
嘉義縣,0,0,0,N,place,*,*,*,*,嘉義縣,*,*
嘉魚,0,0,0,N,place,*,*,*,*,嘉魚,*,*
郟,0,0,0,N,place,*,*,*,*,郟,*,*
蕉嶺縣,0,0,0,N,place,*,*,*,*,蕉嶺縣,*,*
金門,0,0,0,N,place,*,*,*,*,金門,*,*
金門縣,0,0,0,N,place,*,*,*,*,金門縣,*,*
金華縣,0,0,0,N,place,*,*,*,*,金華縣,*,*
晉江縣,0,0,0,N,place,*,*,*,*,晉江縣,*,*
江北縣,0,0,0,N,place,*,*,*,*,江北縣,*,*
江都縣,0,0,0,N,place,*,*,*,*,江都縣,*,*
江寧縣,0,0,0,N,place,*,*,*,*,江寧縣,*,*
江陵縣,0,0,0,N,place,*,*,*,*,江陵縣,*,*
江陰縣,0,0,0,N,place,*,*,*,*,江陰縣,*,*
絳縣,0,0,0,N,place,*,*,*,*,絳縣,*,*
涇川縣,0,0,0,N,place,*,*,*,*,涇川縣,*,*
荊門,0,0,0,N,place,*,*,*,*,荊門,*,*
井陘縣,0,0,0,N,place,*,*,*,*,井陘縣,*,*
景泰,0,0,0,N,place,*,*,*,*,景泰,*,*
靖邊縣,0,0,0,N,place,*,*,*,*,靖邊縣,*,*
鄄城,0,0,0,N,place,*,*,*,*,鄄城,*,*
棲霞,0,0,0,N,place,*,*,*,*,棲霞,*,*
祁陽縣,0,0,0,N,place,*,*,*,*,祁陽縣,*,*
岐山縣,0,0,0,N,place,*,*,*,*,岐山縣,*,*
鄡,0,0,0,N,place,*,*,*,*,鄡,*,*
灊,0,0,0,N,place,*,*,*,*,灊,*,*
清苑縣,0,0,0,N,place,*,*,*,*,清苑縣,*,*
曲阜縣,0,0,0,N,place,*,*,*,*,曲阜縣,*,*
曲江縣,0,0,0,N,place,*,*,*,*,曲江縣,*,*
邛崍縣,0,0,0,N,place,*,*,*,*,邛崍縣,*,*
瓊山縣,0,0,0,N,place,*,*,*,*,瓊山縣,*,*
浠水,0,0,0,N,place,*,*,*,*,浠水,*,*
浠水縣,0,0,0,N,place,*,*,*,*,浠水縣,*,*
鰼水縣,0,0,0,N,place,*,*,*,*,鰼水縣,*,*
夏河縣,0,0,0,N,place,*,*,*,*,夏河縣,*,*
解縣,0,0,0,N,place,*,*,*,*,解縣,*,*
洨,0,0,0,N,place,*,*,*,*,洨,*,*
修文,0,0,0,N,place,*,*,*,*,修文,*,*
仙遊,0,0,0,N,place,*,*,*,*,仙遊,*,*
新民縣,0,0,0,N,place,*,*,*,*,新民縣,*,*
新豐縣,0,0,0,N,place,*,*,*,*,新豐縣,*,*
新鎮縣,0,0,0,N,place,*,*,*,*,新鎮縣,*,*
新鄭縣,0,0,0,N,place,*,*,*,*,新鄭縣,*,*
新竹縣,0,0,0,N,place,*,*,*,*,新竹縣,*,*
新蔡縣,0,0,0,N,place,*,*,*,*,新蔡縣,*,*
湘潭縣,0,0,0,N,place,*,*,*,*,湘潭縣,*,*
襄城縣,0,0,0,N,place,*,*,*,*,襄城縣,*,*
襄陽縣,0,0,0,N,place,*,*,*,*,襄陽縣,*,*
襄垣縣,0,0,0,N,place,*,*,*,*,襄垣縣,*,*
祥雲縣,0,0,0,N,place,*,*,*,*,祥雲縣,*,*
滎陽縣,0,0,0,N,place,*,*,*,*,滎陽縣,*,*
盱眙,0,0,0,N,place,*,*,*,*,盱眙,*,*
徐聞縣,0,0,0,N,place,*,*,*,*,徐聞縣,*,*
漵浦縣,0,0,0,N,place,*,*,*,*,漵浦縣,*,*
宣化縣,0,0,0,N,place,*,*,*,*,宣化縣,*,*
宣城縣,0,0,0,N,place,*,*,*,*,宣城縣,*,*
宣威,0,0,0,N,place,*,*,*,*,宣威,*,*
宣威縣,0,0,0,N,place,*,*,*,*,宣威縣,*,*
芷江縣,0,0,0,N,place,*,*,*,*,芷江縣,*,*
詔安縣,0,0,0,N,place,*,*,*,*,詔安縣,*,*
盩厔縣,0,0,0,N,place,*,*,*,*,盩厔縣,*,*
震澤,0,0,0,N,place,*,*,*,*,震澤,*,*
鎮海縣,0,0,0,N,place,*,*,*,*,鎮海縣,*,*
鎮遠縣,0,0,0,N,place,*,*,*,*,鎮遠縣,*,*
漳浦縣,0,0,0,N,place,*,*,*,*,漳浦縣,*,*
彰化縣,0,0,0,N,place,*,*,*,*,彰化縣,*,*
張掖縣,0,0,0,N,place,*,*,*,*,張掖縣,*,*
正陽縣,0,0,0,N,place,*,*,*,*,正陽縣,*,*
諸暨縣,0,0,0,N,place,*,*,*,*,諸暨縣,*,*
涿鹿,0,0,0,N,place,*,*,*,*,涿鹿,*,*
涿鹿縣,0,0,0,N,place,*,*,*,*,涿鹿縣,*,*
屯,0,0,0,N,place,*,*,*,*,屯,*,*
中山,0,0,0,N,place,*,*,*,*,中山,*,*
中山縣,0,0,0,N,place,*,*,*,*,中山縣,*,*
鍾山,0,0,0,N,place,*,*,*,*,鍾山,*,*
鍾山縣,0,0,0,N,place,*,*,*,*,鍾山縣,*,*
茌平,0,0,0,N,place,*,*,*,*,茌平,*,*
赤峰縣,0,0,0,N,place,*,*,*,*,赤峰縣,*,*
赤城,0,0,0,N,place,*,*,*,*,赤城,*,*
朝陽,0,0,0,N,place,*,*,*,*,朝陽,*,*
朝陽縣,0,0,0,N,place,*,*,*,*,朝陽縣,*,*
潮安縣,0,0,0,N,place,*,*,*,*,潮安縣,*,*
陳留,0,0,0,N,place,*,*,*,*,陳留,*,*
昌平,0,0,0,N,place,*,*,*,*,昌平,*,*
昌平縣,0,0,0,N,place,*,*,*,*,昌平縣,*,*
昌都縣,0,0,0,N,place,*,*,*,*,昌都縣,*,*
昌圖縣,0,0,0,N,place,*,*,*,*,昌圖縣,*,*
昌黎,0,0,0,N,place,*,*,*,*,昌黎,*,*
昌黎縣,0,0,0,N,place,*,*,*,*,昌黎縣,*,*
長子,0,0,0,N,place,*,*,*,*,長子,*,*
長安,0,0,0,N,place,*,*,*,*,長安,*,*
常德縣,0,0,0,N,place,*,*,*,*,常德縣,*,*
常熟縣,0,0,0,N,place,*,*,*,*,常熟縣,*,*
承德縣,0,0,0,N,place,*,*,*,*,承德縣,*,*
澂江縣,0,0,0,N,place,*,*,*,*,澂江縣,*,*
澄邁縣,0,0,0,N,place,*,*,*,*,澄邁縣,*,*
滁縣,0,0,0,N,place,*,*,*,*,滁縣,*,*
淳化,0,0,0,N,place,*,*,*,*,淳化,*,*
崇明縣,0,0,0,N,place,*,*,*,*,崇明縣,*,*
崇德,0,0,0,N,place,*,*,*,*,崇德,*,*
崇寧,0,0,0,N,place,*,*,*,*,崇寧,*,*
石門,0,0,0,N,place,*,*,*,*,石門,*,*
石砫縣,0,0,0,N,place,*,*,*,*,石砫縣,*,*
莎車縣,0,0,0,N,place,*,*,*,*,莎車縣,*,*
歙縣,0,0,0,N,place,*,*,*,*,歙縣,*,*
紹興,0,0,0,N,place,*,*,*,*,紹興,*,*
紹興縣,0,0,0,N,place,*,*,*,*,紹興縣,*,*
山陰縣,0,0,0,N,place,*,*,*,*,山陰縣,*,*
單縣,0,0,0,N,place,*,*,*,*,單縣,*,*
神木,0,0,0,N,place,*,*,*,*,神木,*,*
商丘縣,0,0,0,N,place,*,*,*,*,商丘縣,*,*
嵊縣,0,0,0,N,place,*,*,*,*,嵊縣,*,*
疏勒縣,0,0,0,N,place,*,*,*,*,疏勒縣,*,*
婼羌,0,0,0,N,place,*,*,*,*,婼羌,*,*
酇,0,0,0,N,place,*,*,*,*,酇,*,*
磁縣,0,0,0,N,place,*,*,*,*,磁縣,*,*
蒼梧,0,0,0,N,place,*,*,*,*,蒼梧,*,*
蒼梧縣,0,0,0,N,place,*,*,*,*,蒼梧縣,*,*
三水縣,0,0,0,N,place,*,*,*,*,三水縣,*,*
綏來縣,0,0,0,N,place,*,*,*,*,綏來縣,*,*
阿克蘇,0,0,0,N,place,*,*,*,*,阿克蘇,*,*
璦琿縣,0,0,0,N,place,*,*,*,*,璦琿縣,*,*
安寧,0,0,0,N,place,*,*,*,*,安寧,*,*
安陽縣,0,0,0,N,place,*,*,*,*,安陽縣,*,*
伊寧縣,0,0,0,N,place,*,*,*,*,伊寧縣,*,*
伊川,0,0,0,N,place,*,*,*,*,伊川,*,*
夷陵,0,0,0,N,place,*,*,*,*,夷陵,*,*
沂水縣,0,0,0,N,place,*,*,*,*,沂水縣,*,*
宜賓縣,0,0,0,N,place,*,*,*,*,宜賓縣,*,*
宜蘭縣,0,0,0,N,place,*,*,*,*,宜蘭縣,*,*
宜黃縣,0,0,0,N,place,*,*,*,*,宜黃縣,*,*
宜興縣,0,0,0,N,place,*,*,*,*,宜興縣,*,*
宜昌縣,0,0,0,N,place,*,*,*,*,宜昌縣,*,*
宜春縣,0,0,0,N,place,*,*,*,*,宜春縣,*,*
掖縣,0,0,0,N,place,*,*,*,*,掖縣,*,*
葉城縣,0,0,0,N,place,*,*,*,*,葉城縣,*,*
崖縣,0,0,0,N,place,*,*,*,*,崖縣,*,*
幽都,0,0,0,N,place,*,*,*,*,幽都,*,*
焉耆縣,0,0,0,N,place,*,*,*,*,焉耆縣,*,*
鄢陵縣,0,0,0,N,place,*,*,*,*,鄢陵縣,*,*
延吉縣,0,0,0,N,place,*,*,*,*,延吉縣,*,*
延安縣,0,0,0,N,place,*,*,*,*,延安縣,*,*
鹽井,0,0,0,N,place,*,*,*,*,鹽井,*,*
偃師縣,0,0,0,N,place,*,*,*,*,偃師縣,*,*
郾城縣,0,0,0,N,place,*,*,*,*,郾城縣,*,*
鄞縣,0,0,0,N,place,*,*,*,*,鄞縣,*,*
陽羨,0,0,0,N,place,*,*,*,*,陽羨,*,*
陽朔,0,0,0,N,place,*,*,*,*,陽朔,*,*
滎經縣,0,0,0,N,place,*,*,*,*,滎經縣,*,*
應山縣,0,0,0,N,place,*,*,*,*,應山縣,*,*
巫山,0,0,0,N,place,*,*,*,*,巫山,*,*
吳縣,0,0,0,N,place,*,*,*,*,吳縣,*,*
吳興縣,0,0,0,N,place,*,*,*,*,吳興縣,*,*
無極,0,0,0,N,place,*,*,*,*,無極,*,*
無錫縣,0,0,0,N,place,*,*,*,*,無錫縣,*,*
無為,0,0,0,N,place,*,*,*,*,無為,*,*
蕪湖,0,0,0,N,place,*,*,*,*,蕪湖,*,*
蕪湖縣,0,0,0,N,place,*,*,*,*,蕪湖縣,*,*
武功,0,0,0,N,place,*,*,*,*,武功,*,*
武威縣,0,0,0,N,place,*,*,*,*,武威縣,*,*
婺川縣,0,0,0,N,place,*,*,*,*,婺川縣,*,*
濰縣,0,0,0,N,place,*,*,*,*,濰縣,*,*
閿鄉,0,0,0,N,place,*,*,*,*,閿鄉,*,*
餘杭縣,0,0,0,N,place,*,*,*,*,餘杭縣,*,*
餘姚縣,0,0,0,N,place,*,*,*,*,餘姚縣,*,*
於潛縣,0,0,0,N,place,*,*,*,*,於潛縣,*,*
榆林縣,0,0,0,N,place,*,*,*,*,榆林縣,*,*
榆次縣,0,0,0,N,place,*,*,*,*,榆次縣,*,*
玉門,0,0,0,N,place,*,*,*,*,玉門,*,*
玉山,0,0,0,N,place,*,*,*,*,玉山,*,*
玉樹,0,0,0,N,place,*,*,*,*,玉樹,*,*
尉犁縣,0,0,0,N,place,*,*,*,*,尉犁縣,*,*
約克夏,0,0,0,N,place,*,*,*,*,約克夏,*,*
岳陽,0,0,0,N,place,*,*,*,*,岳陽,*,*
岳陽縣,0,0,0,N,place,*,*,*,*,岳陽縣,*,*
雲夢縣,0,0,0,N,place,*,*,*,*,雲夢縣,*,*
雲林,0,0,0,N,place,*,*,*,*,雲林,*,*
雲林縣,0,0,0,N,place,*,*,*,*,雲林縣,*,*
鄖縣,0,0,0,N,place,*,*,*,*,鄖縣,*,*
永嘉,0,0,0,N,place,*,*,*,*,永嘉,*,*
永嘉縣,0,0,0,N,place,*,*,*,*,永嘉縣,*,*
白沙,0,0,0,N,place,*,*,*,*,白沙,*,*
白沙鄉,0,0,0,N,place,*,*,*,*,白沙鄉,*,*
卑南鄉,0,0,0,N,place,*,*,*,*,卑南鄉,*,*
北埔鄉,0,0,0,N,place,*,*,*,*,北埔鄉,*,*
北斗鎮,0,0,0,N,place,*,*,*,*,北斗鎮,*,*
北港鎮,0,0,0,N,place,*,*,*,*,北港鎮,*,*
褒忠鄉,0,0,0,N,place,*,*,*,*,褒忠鄉,*,*
布袋,0,0,0,N,place,*,*,*,*,布袋,*,*
布袋鎮,0,0,0,N,place,*,*,*,*,布袋鎮,*,*
彭城,0,0,0,N,place,*,*,*,*,彭城,*,*
埤頭鄉,0,0,0,N,place,*,*,*,*,埤頭鄉,*,*
埔里鎮,0,0,0,N,place,*,*,*,*,埔里鎮,*,*
埔心鄉,0,0,0,N,place,*,*,*,*,埔心鄉,*,*
馬廠,0,0,0,N,place,*,*,*,*,馬廠,*,*
麥寮鄉,0,0,0,N,place,*,*,*,*,麥寮鄉,*,*
梅山鄉,0,0,0,N,place,*,*,*,*,梅山鄉,*,*
滿州鄉,0,0,0,N,place,*,*,*,*,滿州鄉,*,*
枋寮鄉,0,0,0,N,place,*,*,*,*,枋寮鄉,*,*
枋山鄉,0,0,0,N,place,*,*,*,*,枋山鄉,*,*
復興鄉,0,0,0,N,place,*,*,*,*,復興鄉,*,*
大溪鎮,0,0,0,N,place,*,*,*,*,大溪鎮,*,*
頭份鎮,0,0,0,N,place,*,*,*,*,頭份鎮,*,*
頭城鎮,0,0,0,N,place,*,*,*,*,頭城鎮,*,*
田中鎮,0,0,0,N,place,*,*,*,*,田中鎮,*,*
田尾鄉,0,0,0,N,place,*,*,*,*,田尾鄉,*,*
土庫鎮,0,0,0,N,place,*,*,*,*,土庫鎮,*,*
土橋,0,0,0,N,place,*,*,*,*,土橋,*,*
林邊鄉,0,0,0,N,place,*,*,*,*,林邊鄉,*,*
林內鄉,0,0,0,N,place,*,*,*,*,林內鄉,*,*
蘆竹鄉,0,0,0,N,place,*,*,*,*,蘆竹鄉,*,*
鹿港鎮,0,0,0,N,place,*,*,*,*,鹿港鎮,*,*
鹿谷鄉,0,0,0,N,place,*,*,*,*,鹿谷鄉,*,*
鹿草鄉,0,0,0,N,place,*,*,*,*,鹿草鄉,*,*
鹿野鄉,0,0,0,N,place,*,*,*,*,鹿野鄉,*,*
羅東鎮,0,0,0,N,place,*,*,*,*,羅東鎮,*,*
崙背鄉,0,0,0,N,place,*,*,*,*,崙背鄉,*,*
龍潭,0,0,0,N,place,*,*,*,*,龍潭,*,*
龍潭鄉,0,0,0,N,place,*,*,*,*,龍潭鄉,*,*
龍山鎮,0,0,0,N,place,*,*,*,*,龍山鎮,*,*
澉浦,0,0,0,N,place,*,*,*,*,澉浦,*,*
古坑鄉,0,0,0,N,place,*,*,*,*,古坑鄉,*,*
瓜洲,0,0,0,N,place,*,*,*,*,瓜洲,*,*
國姓鄉,0,0,0,N,place,*,*,*,*,國姓鄉,*,*
龜山,0,0,0,N,place,*,*,*,*,龜山,*,*
廣武,0,0,0,N,place,*,*,*,*,廣武,*,*
漷,0,0,0,N,place,*,*,*,*,漷,*,*
鶴岡,0,0,0,N,place,*,*,*,*,鶴岡,*,*
海門,0,0,0,N,place,*,*,*,*,海門,*,*
後龍鎮,0,0,0,N,place,*,*,*,*,後龍鎮,*,*
恆春鎮,0,0,0,N,place,*,*,*,*,恆春鎮,*,*
橫渠,0,0,0,N,place,*,*,*,*,橫渠,*,*
虎尾鎮,0,0,0,N,place,*,*,*,*,虎尾鎮,*,*
花壇,0,0,0,N,place,*,*,*,*,花壇,*,*
花壇鄉,0,0,0,N,place,*,*,*,*,花壇鄉,*,*
黃埔鎮,0,0,0,N,place,*,*,*,*,黃埔鎮,*,*
吉安鄉,0,0,0,N,place,*,*,*,*,吉安鄉,*,*
集集鎮,0,0,0,N,place,*,*,*,*,集集鎮,*,*
佳冬鄉,0,0,0,N,place,*,*,*,*,佳冬鄉,*,*
礁溪鄉,0,0,0,N,place,*,*,*,*,礁溪鄉,*,*
九如鄉,0,0,0,N,place,*,*,*,*,九如鄉,*,*
景德鎮,0,0,0,N,place,*,*,*,*,景德鎮,*,*
靖安,0,0,0,N,place,*,*,*,*,靖安,*,*
乞拉朋吉,0,0,0,N,place,*,*,*,*,乞拉朋吉,*,*
西螺鎮,0,0,0,N,place,*,*,*,*,西螺鎮,*,*
硤石鎮,0,0,0,N,place,*,*,*,*,硤石鎮,*,*
瀟湘,0,0,0,N,place,*,*,*,*,瀟湘,*,*
仙女廟,0,0,0,N,place,*,*,*,*,仙女廟,*,*
新港鄉,0,0,0,N,place,*,*,*,*,新港鄉,*,*
新城鄉,0,0,0,N,place,*,*,*,*,新城鄉,*,*
新屋,0,0,0,N,place,*,*,*,*,新屋,*,*
香山鄉,0,0,0,N,place,*,*,*,*,香山鄉,*,*
余吾鎮,0,0,0,N,place,*,*,*,*,余吾鎮,*,*
周口店,0,0,0,N,place,*,*,*,*,周口店,*,*
震澤,0,0,0,N,place,*,*,*,*,震澤,*,*
卓蘭鎮,0,0,0,N,place,*,*,*,*,卓蘭鎮,*,*
潮州,0,0,0,N,place,*,*,*,*,潮州,*,*
陳橋,0,0,0,N,place,*,*,*,*,陳橋,*,*
成功鎮,0,0,0,N,place,*,*,*,*,成功鎮,*,*
深坑鄉,0,0,0,N,place,*,*,*,*,深坑鄉,*,*
瑞穗鄉,0,0,0,N,place,*,*,*,*,瑞穗鄉,*,*
草屯鎮,0,0,0,N,place,*,*,*,*,草屯鎮,*,*
蘇澳,0,0,0,N,place,*,*,*,*,蘇澳,*,*
涑水,0,0,0,N,place,*,*,*,*,涑水,*,*
阿巴丹,0,0,0,N,place,*,*,*,*,阿巴丹,*,*
二林鎮,0,0,0,N,place,*,*,*,*,二林鎮,*,*
二崙鄉,0,0,0,N,place,*,*,*,*,二崙鄉,*,*
二水鄉,0,0,0,N,place,*,*,*,*,二水鄉,*,*
楊梅,0,0,0,N,place,*,*,*,*,楊梅,*,*
楊梅鎮,0,0,0,N,place,*,*,*,*,楊梅鎮,*,*
吳鳳鄉,0,0,0,N,place,*,*,*,*,吳鳳鄉,*,*
萬巒鄉,0,0,0,N,place,*,*,*,*,萬巒鄉,*,*
魚池鄉,0,0,0,N,place,*,*,*,*,魚池鄉,*,*
員林鎮,0,0,0,N,place,*,*,*,*,員林鎮,*,*
苑裡鎮,0,0,0,N,place,*,*,*,*,苑裡鎮,*,*
巴東,0,0,0,N,place,*,*,*,*,巴東,*,*
巴陵,0,0,0,N,place,*,*,*,*,巴陵,*,*
巴陵郡,0,0,0,N,place,*,*,*,*,巴陵郡,*,*
渤海,0,0,0,N,place,*,*,*,*,渤海,*,*
樂浪,0,0,0,N,place,*,*,*,*,樂浪,*,*
蘭陵,0,0,0,N,place,*,*,*,*,蘭陵,*,*
琅邪,0,0,0,N,place,*,*,*,*,琅邪,*,*
瑯琊,0,0,0,N,place,*,*,*,*,瑯琊,*,*
遼東,0,0,0,N,place,*,*,*,*,遼東,*,*
遼西,0,0,0,N,place,*,*,*,*,遼西,*,*
龍山,0,0,0,N,place,*,*,*,*,龍山,*,*
江夏,0,0,0,N,place,*,*,*,*,江夏,*,*
西海,0,0,0,N,place,*,*,*,*,西海,*,*
象郡,0,0,0,N,place,*,*,*,*,象郡,*,*
珠崖,0,0,0,N,place,*,*,*,*,珠崖,*,*
涿郡,0,0,0,N,place,*,*,*,*,涿郡,*,*
蜀郡,0,0,0,N,place,*,*,*,*,蜀郡,*,*
朔方,0,0,0,N,place,*,*,*,*,朔方,*,*
日南,0,0,0,N,place,*,*,*,*,日南,*,*
牂牁,0,0,0,N,place,*,*,*,*,牂牁,*,*
泗水,0,0,0,N,place,*,*,*,*,泗水,*,*
三川,0,0,0,N,place,*,*,*,*,三川,*,*
陽平,0,0,0,N,place,*,*,*,*,陽平,*,*
潁川,0,0,0,N,place,*,*,*,*,潁川,*,*
雲中,0,0,0,N,place,*,*,*,*,雲中,*,*
