八角蓮,0,0,0,N,plants,*,*,*,*,八角蓮,*,*
八角茴香,0,0,0,N,plants,*,*,*,*,八角茴香,*,*
八角金盤,0,0,0,N,plants,*,*,*,*,八角金盤,*,*
八仙花,0,0,0,N,plants,*,*,*,*,八仙花,*,*
巴豆,0,0,0,N,plants,*,*,*,*,巴豆,*,*
巴旦杏,0,0,0,N,plants,*,*,*,*,巴旦杏,*,*
巴戟天,0,0,0,N,plants,*,*,*,*,巴戟天,*,*
芭芒,0,0,0,N,plants,*,*,*,*,芭芒,*,*
芭蕉,0,0,0,N,plants,*,*,*,*,芭蕉,*,*
菝,0,0,0,N,plants,*,*,*,*,菝,*,*
霸王鞭,0,0,0,N,plants,*,*,*,*,霸王鞭,*,*
波髮藻,0,0,0,N,plants,*,*,*,*,波髮藻,*,*
波羅蜜,0,0,0,N,plants,*,*,*,*,波羅蜜,*,*
波斯菊,0,0,0,N,plants,*,*,*,*,波斯菊,*,*
菠菜,0,0,0,N,plants,*,*,*,*,菠菜,*,*
柏木,0,0,0,N,plants,*,*,*,*,柏木,*,*
薄荷,0,0,0,N,plants,*,*,*,*,薄荷,*,*
白皮松,0,0,0,N,plants,*,*,*,*,白皮松,*,*
白蘋,0,0,0,N,plants,*,*,*,*,白蘋,*,*
白麻,0,0,0,N,plants,*,*,*,*,白麻,*,*
白茅,0,0,0,N,plants,*,*,*,*,白茅,*,*
白木耳,0,0,0,N,plants,*,*,*,*,白木耳,*,*
白附子,0,0,0,N,plants,*,*,*,*,白附子,*,*
白豆蔻,0,0,0,N,plants,*,*,*,*,白豆蔻,*,*
白頭翁,0,0,0,N,plants,*,*,*,*,白頭翁,*,*
白檀,0,0,0,N,plants,*,*,*,*,白檀,*,*
白藤,0,0,0,N,plants,*,*,*,*,白藤,*,*
白桐,0,0,0,N,plants,*,*,*,*,白桐,*,*
白蠟樹,0,0,0,N,plants,*,*,*,*,白蠟樹,*,*
白蘭花,0,0,0,N,plants,*,*,*,*,白蘭花,*,*
白梨,0,0,0,N,plants,*,*,*,*,白梨,*,*
白楝,0,0,0,N,plants,*,*,*,*,白楝,*,*
白蘞,0,0,0,N,plants,*,*,*,*,白蘞,*,*
白古蘇花,0,0,0,N,plants,*,*,*,*,白古蘇花,*,*
白荷蘭翹搖,0,0,0,N,plants,*,*,*,*,白荷蘭翹搖,*,*
白蒿,0,0,0,N,plants,*,*,*,*,白蒿,*,*
白花八角,0,0,0,N,plants,*,*,*,*,白花八角,*,*
白花菜,0,0,0,N,plants,*,*,*,*,白花菜,*,*
白芨,0,0,0,N,plants,*,*,*,*,白芨,*,*
白千層,0,0,0,N,plants,*,*,*,*,白千層,*,*
白前,0,0,0,N,plants,*,*,*,*,白前,*,*
白屈菜,0,0,0,N,plants,*,*,*,*,白屈菜,*,*
白喜草,0,0,0,N,plants,*,*,*,*,白喜草,*,*
白小豆,0,0,0,N,plants,*,*,*,*,白小豆,*,*
白蘚,0,0,0,N,plants,*,*,*,*,白蘚,*,*
白辛樹,0,0,0,N,plants,*,*,*,*,白辛樹,*,*
白芷,0,0,0,N,plants,*,*,*,*,白芷,*,*
白朮,0,0,0,N,plants,*,*,*,*,白朮,*,*
白菖,0,0,0,N,plants,*,*,*,*,白菖,*,*
白桵,0,0,0,N,plants,*,*,*,*,白桵,*,*
白菜,0,0,0,N,plants,*,*,*,*,白菜,*,*
白塞木,0,0,0,N,plants,*,*,*,*,白塞木,*,*
白蘇,0,0,0,N,plants,*,*,*,*,白蘇,*,*
白松,0,0,0,N,plants,*,*,*,*,白松,*,*
白艾,0,0,0,N,plants,*,*,*,*,白艾,*,*
白楊,0,0,0,N,plants,*,*,*,*,白楊,*,*
白英,0,0,0,N,plants,*,*,*,*,白英,*,*
白薇,0,0,0,N,plants,*,*,*,*,白薇,*,*
白榆,0,0,0,N,plants,*,*,*,*,白榆,*,*
白玉蘭,0,0,0,N,plants,*,*,*,*,白玉蘭,*,*
白芋,0,0,0,N,plants,*,*,*,*,白芋,*,*
百部,0,0,0,N,plants,*,*,*,*,百部,*,*
百脈根,0,0,0,N,plants,*,*,*,*,百脈根,*,*
百里香,0,0,0,N,plants,*,*,*,*,百里香,*,*
百合,0,0,0,N,plants,*,*,*,*,百合,*,*
百香果,0,0,0,N,plants,*,*,*,*,百香果,*,*
百日草,0,0,0,N,plants,*,*,*,*,百日草,*,*
百子蓮,0,0,0,N,plants,*,*,*,*,百子蓮,*,*
敗醬,0,0,0,N,plants,*,*,*,*,敗醬,*,*
稗,0,0,0,N,plants,*,*,*,*,稗,*,*
貝母,0,0,0,N,plants,*,*,*,*,貝母,*,*
貝多樹,0,0,0,N,plants,*,*,*,*,貝多樹,*,*
貝殼杉,0,0,0,N,plants,*,*,*,*,貝殼杉,*,*
𣖾,0,0,0,N,plants,*,*,*,*,𣖾,*,*
枹木,0,0,0,N,plants,*,*,*,*,枹木,*,*
寶相,0,0,0,N,plants,*,*,*,*,寶相,*,*
寶珠茶,0,0,0,N,plants,*,*,*,*,寶珠茶,*,*
鮑魚菇,0,0,0,N,plants,*,*,*,*,鮑魚菇,*,*
報歲蘭,0,0,0,N,plants,*,*,*,*,報歲蘭,*,*
斑竹,0,0,0,N,plants,*,*,*,*,斑竹,*,*
板栗,0,0,0,N,plants,*,*,*,*,板栗,*,*
半邊蓮,0,0,0,N,plants,*,*,*,*,半邊蓮,*,*
半夏,0,0,0,N,plants,*,*,*,*,半夏,*,*
荸薺,0,0,0,N,plants,*,*,*,*,荸薺,*,*
筆筒樹,0,0,0,N,plants,*,*,*,*,筆筒樹,*,*
筆龍膽,0,0,0,N,plants,*,*,*,*,筆龍膽,*,*
蓖麻,0,0,0,N,plants,*,*,*,*,蓖麻,*,*
萆薢,0,0,0,N,plants,*,*,*,*,萆薢,*,*
蓽茇,0,0,0,N,plants,*,*,*,*,蓽茇,*,*
薜荔,0,0,0,N,plants,*,*,*,*,薜荔,*,*
藨,0,0,0,N,plants,*,*,*,*,藨,*,*
扁柏,0,0,0,N,plants,*,*,*,*,扁柏,*,*
扁豆,0,0,0,N,plants,*,*,*,*,扁豆,*,*
扁桃,0,0,0,N,plants,*,*,*,*,扁桃,*,*
萹,0,0,0,N,plants,*,*,*,*,萹,*,*
稨,0,0,0,N,plants,*,*,*,*,稨,*,*
濱豇豆,0,0,0,N,plants,*,*,*,*,濱豇豆,*,*
檳榔,0,0,0,N,plants,*,*,*,*,檳榔,*,*
栟柑,0,0,0,N,plants,*,*,*,*,栟柑,*,*
捕蟲堇菜,0,0,0,N,plants,*,*,*,*,捕蟲堇菜,*,*
捕蠅草,0,0,0,N,plants,*,*,*,*,捕蠅草,*,*
布袋蓮,0,0,0,N,plants,*,*,*,*,布袋蓮,*,*
朴,0,0,0,N,plants,*,*,*,*,朴,*,*
破布子,0,0,0,N,plants,*,*,*,*,破布子,*,*
蒪,0,0,0,N,plants,*,*,*,*,蒪,*,*
排香草,0,0,0,N,plants,*,*,*,*,排香草,*,*
牌錢樹,0,0,0,N,plants,*,*,*,*,牌錢樹,*,*
佩蘭,0,0,0,N,plants,*,*,*,*,佩蘭,*,*
匏,0,0,0,N,plants,*,*,*,*,匏,*,*
泡桐,0,0,0,N,plants,*,*,*,*,泡桐,*,*
炮竹紅,0,0,0,N,plants,*,*,*,*,炮竹紅,*,*
盤固草,0,0,0,N,plants,*,*,*,*,盤固草,*,*
蟠桃,0,0,0,N,plants,*,*,*,*,蟠桃,*,*
胖大海,0,0,0,N,plants,*,*,*,*,胖大海,*,*
蓬,0,0,0,N,plants,*,*,*,*,蓬,*,*
蓬葆,0,0,0,N,plants,*,*,*,*,蓬葆,*,*
蓬虆,0,0,0,N,plants,*,*,*,*,蓬虆,*,*
椪柑,0,0,0,N,plants,*,*,*,*,椪柑,*,*
枇杷,0,0,0,N,plants,*,*,*,*,枇杷,*,*
芘,0,0,0,N,plants,*,*,*,*,芘,*,*
皮果,0,0,0,N,plants,*,*,*,*,皮果,*,*
啤酒花,0,0,0,N,plants,*,*,*,*,啤酒花,*,*
萹蓄,0,0,0,N,plants,*,*,*,*,萹蓄,*,*
楩楠,0,0,0,N,plants,*,*,*,*,楩楠,*,*
蘋,0,0,0,N,plants,*,*,*,*,蘋,*,*
萍,0,0,0,N,plants,*,*,*,*,萍,*,*
荓,0,0,0,N,plants,*,*,*,*,荓,*,*
瓶爾小草,0,0,0,N,plants,*,*,*,*,瓶爾小草,*,*
蘋婆,0,0,0,N,plants,*,*,*,*,蘋婆,*,*
蘋果,0,0,0,N,plants,*,*,*,*,蘋果,*,*
葡萄,0,0,0,N,plants,*,*,*,*,葡萄,*,*
葡萄葉銀蓮花,0,0,0,N,plants,*,*,*,*,葡萄葉銀蓮花,*,*
葡萄柚,0,0,0,N,plants,*,*,*,*,葡萄柚,*,*
蒲,0,0,0,N,plants,*,*,*,*,蒲,*,*
蒲桃,0,0,0,N,plants,*,*,*,*,蒲桃,*,*
蒲公英,0,0,0,N,plants,*,*,*,*,蒲公英,*,*
蒲葵,0,0,0,N,plants,*,*,*,*,蒲葵,*,*
菩提樹,0,0,0,N,plants,*,*,*,*,菩提樹,*,*
麻黃,0,0,0,N,plants,*,*,*,*,麻黃,*,*
麻竹,0,0,0,N,plants,*,*,*,*,麻竹,*,*
馬勃,0,0,0,N,plants,*,*,*,*,馬勃,*,*
馬蹄金,0,0,0,N,plants,*,*,*,*,馬蹄金,*,*
馬尼拉麻,0,0,0,N,plants,*,*,*,*,馬尼拉麻,*,*
馬拉巴栗,0,0,0,N,plants,*,*,*,*,馬拉巴栗,*,*
馬鬣松,0,0,0,N,plants,*,*,*,*,馬鬣松,*,*
馬鈴瓜,0,0,0,N,plants,*,*,*,*,馬鈴瓜,*,*
馬鈴薯,0,0,0,N,plants,*,*,*,*,馬鈴薯,*,*
馬甲子,0,0,0,N,plants,*,*,*,*,馬甲子,*,*
馬錢子,0,0,0,N,plants,*,*,*,*,馬錢子,*,*
馬齒莧,0,0,0,N,plants,*,*,*,*,馬齒莧,*,*
馬醉木,0,0,0,N,plants,*,*,*,*,馬醉木,*,*
馬鞍藤,0,0,0,N,plants,*,*,*,*,馬鞍藤,*,*
馬纓丹,0,0,0,N,plants,*,*,*,*,馬纓丹,*,*
馬尾,0,0,0,N,plants,*,*,*,*,馬尾,*,*
馬尾藻,0,0,0,N,plants,*,*,*,*,馬尾藻,*,*
馬尾松,0,0,0,N,plants,*,*,*,*,馬尾松,*,*
蘑菇,0,0,0,N,plants,*,*,*,*,蘑菇,*,*
茉莉,0,0,0,N,plants,*,*,*,*,茉莉,*,*
沒藥,0,0,0,N,plants,*,*,*,*,沒藥,*,*
麥冬,0,0,0,N,plants,*,*,*,*,麥冬,*,*
玫瑰,0,0,0,N,plants,*,*,*,*,玫瑰,*,*
梅,0,0,0,N,plants,*,*,*,*,梅,*,*
美人蕉,0,0,0,N,plants,*,*,*,*,美人蕉,*,*
美人樹,0,0,0,N,plants,*,*,*,*,美人樹,*,*
貓尾紅,0,0,0,N,plants,*,*,*,*,貓尾紅,*,*
毛地黃,0,0,0,N,plants,*,*,*,*,毛地黃,*,*
毛氈苔,0,0,0,N,plants,*,*,*,*,毛氈苔,*,*
毛竹,0,0,0,N,plants,*,*,*,*,毛竹,*,*
茅,0,0,0,N,plants,*,*,*,*,茅,*,*
茅莓,0,0,0,N,plants,*,*,*,*,茅莓,*,*
茅膏菜,0,0,0,N,plants,*,*,*,*,茅膏菜,*,*
茆,0,0,0,N,plants,*,*,*,*,茆,*,*
楙,0,0,0,N,plants,*,*,*,*,楙,*,*
蔓菁,0,0,0,N,plants,*,*,*,*,蔓菁,*,*
饅頭果,0,0,0,N,plants,*,*,*,*,饅頭果,*,*
樠,0,0,0,N,plants,*,*,*,*,樠,*,*
滿天星,0,0,0,N,plants,*,*,*,*,滿天星,*,*
曼陀羅,0,0,0,N,plants,*,*,*,*,曼陀羅,*,*
蔓綠絨,0,0,0,N,plants,*,*,*,*,蔓綠絨,*,*
蔓荊,0,0,0,N,plants,*,*,*,*,蔓荊,*,*
芒,0,0,0,N,plants,*,*,*,*,芒,*,*
芒果,0,0,0,N,plants,*,*,*,*,芒果,*,*
芒稷,0,0,0,N,plants,*,*,*,*,芒稷,*,*
芒草,0,0,0,N,plants,*,*,*,*,芒草,*,*
牻牛兒苗,0,0,0,N,plants,*,*,*,*,牻牛兒苗,*,*
莽,0,0,0,N,plants,*,*,*,*,莽,*,*
莽草,0,0,0,N,plants,*,*,*,*,莽草,*,*
𣙷,0,0,0,N,plants,*,*,*,*,𣙷,*,*
莔,0,0,0,N,plants,*,*,*,*,莔,*,*
迷迭香,0,0,0,N,plants,*,*,*,*,迷迭香,*,*
蘪,0,0,0,N,plants,*,*,*,*,蘪,*,*
獼猴桃,0,0,0,N,plants,*,*,*,*,獼猴桃,*,*
蘼蕪,0,0,0,N,plants,*,*,*,*,蘼蕪,*,*
葞,0,0,0,N,plants,*,*,*,*,葞,*,*
蜜柑,0,0,0,N,plants,*,*,*,*,蜜柑,*,*
棉花,0,0,0,N,plants,*,*,*,*,棉花,*,*
緬梔,0,0,0,N,plants,*,*,*,*,緬梔,*,*
麵包樹,0,0,0,N,plants,*,*,*,*,麵包樹,*,*
牡丹,0,0,0,N,plants,*,*,*,*,牡丹,*,*
木麻黃,0,0,0,N,plants,*,*,*,*,木麻黃,*,*
木棉,0,0,0,N,plants,*,*,*,*,木棉,*,*
木通,0,0,0,N,plants,*,*,*,*,木通,*,*
木瓜,0,0,0,N,plants,*,*,*,*,木瓜,*,*
木槿,0,0,0,N,plants,*,*,*,*,木槿,*,*
木犀,0,0,0,N,plants,*,*,*,*,木犀,*,*
木香,0,0,0,N,plants,*,*,*,*,木香,*,*
木賊,0,0,0,N,plants,*,*,*,*,木賊,*,*
木耳,0,0,0,N,plants,*,*,*,*,木耳,*,*
苜蓿,0,0,0,N,plants,*,*,*,*,苜蓿,*,*
髮菜,0,0,0,N,plants,*,*,*,*,髮菜,*,*
佛指甲,0,0,0,N,plants,*,*,*,*,佛指甲,*,*
佛手柑,0,0,0,N,plants,*,*,*,*,佛手柑,*,*
佛手瓜,0,0,0,N,plants,*,*,*,*,佛手瓜,*,*
非洲菫,0,0,0,N,plants,*,*,*,*,非洲菫,*,*
非洲菊,0,0,0,N,plants,*,*,*,*,非洲菊,*,*
飛蓬,0,0,0,N,plants,*,*,*,*,飛蓬,*,*
肥皂莢,0,0,0,N,plants,*,*,*,*,肥皂莢,*,*
榧,0,0,0,N,plants,*,*,*,*,榧,*,*
番荔枝,0,0,0,N,plants,*,*,*,*,番荔枝,*,*
番瓜,0,0,0,N,plants,*,*,*,*,番瓜,*,*
番茄,0,0,0,N,plants,*,*,*,*,番茄,*,*
番石榴,0,0,0,N,plants,*,*,*,*,番石榴,*,*
番薯,0,0,0,N,plants,*,*,*,*,番薯,*,*
蘩,0,0,0,N,plants,*,*,*,*,蘩,*,*
分蔥,0,0,0,N,plants,*,*,*,*,分蔥,*,*
枌,0,0,0,N,plants,*,*,*,*,枌,*,*
芳苓,0,0,0,N,plants,*,*,*,*,芳苓,*,*
防風,0,0,0,N,plants,*,*,*,*,防風,*,*
葑,0,0,0,N,plants,*,*,*,*,葑,*,*
風鈴花,0,0,0,N,plants,*,*,*,*,風鈴花,*,*
風信子,0,0,0,N,plants,*,*,*,*,風信子,*,*
楓,0,0,0,N,plants,*,*,*,*,楓,*,*
楓香,0,0,0,N,plants,*,*,*,*,楓香,*,*
鳳梨,0,0,0,N,plants,*,*,*,*,鳳梨,*,*
鳳凰木,0,0,0,N,plants,*,*,*,*,鳳凰木,*,*
鳳凰竹,0,0,0,N,plants,*,*,*,*,鳳凰竹,*,*
鳳仙花,0,0,0,N,plants,*,*,*,*,鳳仙花,*,*
鳳尾草,0,0,0,N,plants,*,*,*,*,鳳尾草,*,*
芙蓉,0,0,0,N,plants,*,*,*,*,芙蓉,*,*
茯苓,0,0,0,N,plants,*,*,*,*,茯苓,*,*
茯苓菜,0,0,0,N,plants,*,*,*,*,茯苓菜,*,*
浮萍,0,0,0,N,plants,*,*,*,*,浮萍,*,*
莩,0,0,0,N,plants,*,*,*,*,莩,*,*
苻,0,0,0,N,plants,*,*,*,*,苻,*,*
附子,0,0,0,N,plants,*,*,*,*,附子,*,*
大麻,0,0,0,N,plants,*,*,*,*,大麻,*,*
大麻竹,0,0,0,N,plants,*,*,*,*,大麻竹,*,*
大麥,0,0,0,N,plants,*,*,*,*,大麥,*,*
大豆,0,0,0,N,plants,*,*,*,*,大豆,*,*
大麗花,0,0,0,N,plants,*,*,*,*,大麗花,*,*
大陸棉,0,0,0,N,plants,*,*,*,*,大陸棉,*,*
大花曼陀羅,0,0,0,N,plants,*,*,*,*,大花曼陀羅,*,*
大青,0,0,0,N,plants,*,*,*,*,大青,*,*
大蒜,0,0,0,N,plants,*,*,*,*,大蒜,*,*
大葉合歡,0,0,0,N,plants,*,*,*,*,大葉合歡,*,*
大葉野百合,0,0,0,N,plants,*,*,*,*,大葉野百合,*,*
大岩桐,0,0,0,N,plants,*,*,*,*,大岩桐,*,*
大王椰子,0,0,0,N,plants,*,*,*,*,大王椰子,*,*
黛粉葉,0,0,0,N,plants,*,*,*,*,黛粉葉,*,*
稻,0,0,0,N,plants,*,*,*,*,稻,*,*
豆蔻,0,0,0,N,plants,*,*,*,*,豆蔻,*,*
豆槐,0,0,0,N,plants,*,*,*,*,豆槐,*,*
豆薯,0,0,0,N,plants,*,*,*,*,豆薯,*,*
荳蔻,0,0,0,N,plants,*,*,*,*,荳蔻,*,*
丹參,0,0,0,N,plants,*,*,*,*,丹參,*,*
淡竹,0,0,0,N,plants,*,*,*,*,淡竹,*,*
當歸,0,0,0,N,plants,*,*,*,*,當歸,*,*
燈心草,0,0,0,N,plants,*,*,*,*,燈心草,*,*
荻,0,0,0,N,plants,*,*,*,*,荻,*,*
苖,0,0,0,N,plants,*,*,*,*,苖,*,*
地黃,0,0,0,N,plants,*,*,*,*,地黃,*,*
地衣,0,0,0,N,plants,*,*,*,*,地衣,*,*
棣,0,0,0,N,plants,*,*,*,*,棣,*,*
顛蕀,0,0,0,N,plants,*,*,*,*,顛蕀,*,*
丁香,0,0,0,N,plants,*,*,*,*,丁香,*,*
釘頭果,0,0,0,N,plants,*,*,*,*,釘頭果,*,*
杜,0,0,0,N,plants,*,*,*,*,杜,*,*
杜蘅,0,0,0,N,plants,*,*,*,*,杜蘅,*,*
杜鵑,0,0,0,N,plants,*,*,*,*,杜鵑,*,*
多羅,0,0,0,N,plants,*,*,*,*,多羅,*,*
冬瓜,0,0,0,N,plants,*,*,*,*,冬瓜,*,*
苔,0,0,0,N,plants,*,*,*,*,苔,*,*
臺灣獼猴桃,0,0,0,N,plants,*,*,*,*,臺灣獼猴桃,*,*
臺灣杜鵑,0,0,0,N,plants,*,*,*,*,臺灣杜鵑,*,*
薹,0,0,0,N,plants,*,*,*,*,薹,*,*
太平花,0,0,0,N,plants,*,*,*,*,太平花,*,*
太陽麻,0,0,0,N,plants,*,*,*,*,太陽麻,*,*
桃,0,0,0,N,plants,*,*,*,*,桃,*,*
桃花心木,0,0,0,N,plants,*,*,*,*,桃花心木,*,*
桃葉珊瑚,0,0,0,N,plants,*,*,*,*,桃葉珊瑚,*,*
藫,0,0,0,N,plants,*,*,*,*,藫,*,*
檀,0,0,0,N,plants,*,*,*,*,檀,*,*
檀香,0,0,0,N,plants,*,*,*,*,檀香,*,*
蕁,0,0,0,N,plants,*,*,*,*,蕁,*,*
曇花,0,0,0,N,plants,*,*,*,*,曇花,*,*
唐菖蒲,0,0,0,N,plants,*,*,*,*,唐菖蒲,*,*
蓎,0,0,0,N,plants,*,*,*,*,蓎,*,*
棠,0,0,0,N,plants,*,*,*,*,棠,*,*
棠梨,0,0,0,N,plants,*,*,*,*,棠梨,*,*
藤,0,0,0,N,plants,*,*,*,*,藤,*,*
鐵線蕨,0,0,0,N,plants,*,*,*,*,鐵線蕨,*,*
鐵杉,0,0,0,N,plants,*,*,*,*,鐵杉,*,*
鐵掃帚,0,0,0,N,plants,*,*,*,*,鐵掃帚,*,*
苕,0,0,0,N,plants,*,*,*,*,苕,*,*
苕子,0,0,0,N,plants,*,*,*,*,苕子,*,*
天門冬,0,0,0,N,plants,*,*,*,*,天門冬,*,*
天堂鳥,0,0,0,N,plants,*,*,*,*,天堂鳥,*,*
天南星,0,0,0,N,plants,*,*,*,*,天南星,*,*
天竺葵,0,0,0,N,plants,*,*,*,*,天竺葵,*,*
天人菊,0,0,0,N,plants,*,*,*,*,天人菊,*,*
田菁,0,0,0,N,plants,*,*,*,*,田菁,*,*
甜蘿蔔,0,0,0,N,plants,*,*,*,*,甜蘿蔔,*,*
甜根子草,0,0,0,N,plants,*,*,*,*,甜根子草,*,*
葶藶,0,0,0,N,plants,*,*,*,*,葶藶,*,*
葖,0,0,0,N,plants,*,*,*,*,葖,*,*
荼,0,0,0,N,plants,*,*,*,*,荼,*,*
荼蘼,0,0,0,N,plants,*,*,*,*,荼蘼,*,*
稌,0,0,0,N,plants,*,*,*,*,稌,*,*
土馬騣,0,0,0,N,plants,*,*,*,*,土馬騣,*,*
土香,0,0,0,N,plants,*,*,*,*,土香,*,*
土參,0,0,0,N,plants,*,*,*,*,土參,*,*
吐根,0,0,0,N,plants,*,*,*,*,吐根,*,*
芏,0,0,0,N,plants,*,*,*,*,芏,*,*
兔絲燕麥,0,0,0,N,plants,*,*,*,*,兔絲燕麥,*,*
菟葵,0,0,0,N,plants,*,*,*,*,菟葵,*,*
菟絲,0,0,0,N,plants,*,*,*,*,菟絲,*,*
菟絲子,0,0,0,N,plants,*,*,*,*,菟絲子,*,*
蓷,0,0,0,N,plants,*,*,*,*,蓷,*,*
通條樹,0,0,0,N,plants,*,*,*,*,通條樹,*,*
通脫木,0,0,0,N,plants,*,*,*,*,通脫木,*,*
通草,0,0,0,N,plants,*,*,*,*,通草,*,*
茼蒿,0,0,0,N,plants,*,*,*,*,茼蒿,*,*
柰,0,0,0,N,plants,*,*,*,*,柰,*,*
柟,0,0,0,N,plants,*,*,*,*,柟,*,*
南瓜,0,0,0,N,plants,*,*,*,*,南瓜,*,*
楠,0,0,0,N,plants,*,*,*,*,楠,*,*
楠木,0,0,0,N,plants,*,*,*,*,楠木,*,*
鳥梨,0,0,0,N,plants,*,*,*,*,鳥梨,*,*
蔦,0,0,0,N,plants,*,*,*,*,蔦,*,*
牛蒡,0,0,0,N,plants,*,*,*,*,牛蒡,*,*
杻,0,0,0,N,plants,*,*,*,*,杻,*,*
檸檬,0,0,0,N,plants,*,*,*,*,檸檬,*,*
辣椒,0,0,0,N,plants,*,*,*,*,辣椒,*,*
臘腸樹,0,0,0,N,plants,*,*,*,*,臘腸樹,*,*
蠟梅,0,0,0,N,plants,*,*,*,*,蠟梅,*,*
棶,0,0,0,N,plants,*,*,*,*,棶,*,*
萊,0,0,0,N,plants,*,*,*,*,萊,*,*
雷公藤,0,0,0,N,plants,*,*,*,*,雷公藤,*,*
栳樟,0,0,0,N,plants,*,*,*,*,栳樟,*,*
蔞蒿,0,0,0,N,plants,*,*,*,*,蔞蒿,*,*
蘭,0,0,0,N,plants,*,*,*,*,蘭,*,*
蘭草,0,0,0,N,plants,*,*,*,*,蘭草,*,*
藍,0,0,0,N,plants,*,*,*,*,藍,*,*
藍鼓藻,0,0,0,N,plants,*,*,*,*,藍鼓藻,*,*
藍藻,0,0,0,N,plants,*,*,*,*,藍藻,*,*
欖仁樹,0,0,0,N,plants,*,*,*,*,欖仁樹,*,*
狼毒,0,0,0,N,plants,*,*,*,*,狼毒,*,*
狼牙,0,0,0,N,plants,*,*,*,*,狼牙,*,*
狼尾草,0,0,0,N,plants,*,*,*,*,狼尾草,*,*
榔榆,0,0,0,N,plants,*,*,*,*,榔榆,*,*
冷杉,0,0,0,N,plants,*,*,*,*,冷杉,*,*
狸藻,0,0,0,N,plants,*,*,*,*,狸藻,*,*
梨,0,0,0,N,plants,*,*,*,*,梨,*,*
梨樹,0,0,0,N,plants,*,*,*,*,梨樹,*,*
藜,0,0,0,N,plants,*,*,*,*,藜,*,*
藜蘆,0,0,0,N,plants,*,*,*,*,藜蘆,*,*
李,0,0,0,N,plants,*,*,*,*,李,*,*
裡白,0,0,0,N,plants,*,*,*,*,裡白,*,*
鱧腸,0,0,0,N,plants,*,*,*,*,鱧腸,*,*
荔,0,0,0,N,plants,*,*,*,*,荔,*,*
荔枝,0,0,0,N,plants,*,*,*,*,荔枝,*,*
苙,0,0,0,N,plants,*,*,*,*,苙,*,*
栵,0,0,0,N,plants,*,*,*,*,栵,*,*
栗,0,0,0,N,plants,*,*,*,*,栗,*,*
櫟,0,0,0,N,plants,*,*,*,*,櫟,*,*
麗格海棠,0,0,0,N,plants,*,*,*,*,麗格海棠,*,*
麗春花,0,0,0,N,plants,*,*,*,*,麗春花,*,*
列當,0,0,0,N,plants,*,*,*,*,列當,*,*
蓼,0,0,0,N,plants,*,*,*,*,蓼,*,*
留蘭香,0,0,0,N,plants,*,*,*,*,留蘭香,*,*
榴槤,0,0,0,N,plants,*,*,*,*,榴槤,*,*
劉寄奴,0,0,0,N,plants,*,*,*,*,劉寄奴,*,*
柳,0,0,0,N,plants,*,*,*,*,柳,*,*
柳橙,0,0,0,N,plants,*,*,*,*,柳橙,*,*
柳杉,0,0,0,N,plants,*,*,*,*,柳杉,*,*
柳樹,0,0,0,N,plants,*,*,*,*,柳樹,*,*
柳安,0,0,0,N,plants,*,*,*,*,柳安,*,*
連翹,0,0,0,N,plants,*,*,*,*,連翹,*,*
連錢,0,0,0,N,plants,*,*,*,*,連錢,*,*
連錢草,0,0,0,N,plants,*,*,*,*,連錢草,*,*
蓮,0,0,0,N,plants,*,*,*,*,蓮,*,*
蓮霧,0,0,0,N,plants,*,*,*,*,蓮霧,*,*
楝,0,0,0,N,plants,*,*,*,*,楝,*,*
林投,0,0,0,N,plants,*,*,*,*,林投,*,*
藺,0,0,0,N,plants,*,*,*,*,藺,*,*
涼薯,0,0,0,N,plants,*,*,*,*,涼薯,*,*
粱,0,0,0,N,plants,*,*,*,*,粱,*,*
菱,0,0,0,N,plants,*,*,*,*,菱,*,*
蘦,0,0,0,N,plants,*,*,*,*,蘦,*,*
靈芝,0,0,0,N,plants,*,*,*,*,靈芝,*,*
令箭荷花,0,0,0,N,plants,*,*,*,*,令箭荷花,*,*
櫨,0,0,0,N,plants,*,*,*,*,櫨,*,*
蘆薈,0,0,0,N,plants,*,*,*,*,蘆薈,*,*
蘆粟,0,0,0,N,plants,*,*,*,*,蘆粟,*,*
蘆筍,0,0,0,N,plants,*,*,*,*,蘆筍,*,*
蘆葦,0,0,0,N,plants,*,*,*,*,蘆葦,*,*
鹿藿,0,0,0,N,plants,*,*,*,*,鹿藿,*,*
鹿角菜,0,0,0,N,plants,*,*,*,*,鹿角菜,*,*
陸稻,0,0,0,N,plants,*,*,*,*,陸稻,*,*
露葵,0,0,0,N,plants,*,*,*,*,露葵,*,*
羅勒,0,0,0,N,plants,*,*,*,*,羅勒,*,*
羅漢柏,0,0,0,N,plants,*,*,*,*,羅漢柏,*,*
羅漢松,0,0,0,N,plants,*,*,*,*,羅漢松,*,*
羅望子,0,0,0,N,plants,*,*,*,*,羅望子,*,*
蘿蔔,0,0,0,N,plants,*,*,*,*,蘿蔔,*,*
蘿芙木,0,0,0,N,plants,*,*,*,*,蘿芙木,*,*
裸麥,0,0,0,N,plants,*,*,*,*,裸麥,*,*
洛神葵,0,0,0,N,plants,*,*,*,*,洛神葵,*,*
酪梨,0,0,0,N,plants,*,*,*,*,酪梨,*,*
落地生根,0,0,0,N,plants,*,*,*,*,落地生根,*,*
落葵,0,0,0,N,plants,*,*,*,*,落葵,*,*
落花生,0,0,0,N,plants,*,*,*,*,落花生,*,*
落葉松,0,0,0,N,plants,*,*,*,*,落葉松,*,*
欒,0,0,0,N,plants,*,*,*,*,欒,*,*
欒樹,0,0,0,N,plants,*,*,*,*,欒樹,*,*
龍柏,0,0,0,N,plants,*,*,*,*,龍柏,*,*
龍膽,0,0,0,N,plants,*,*,*,*,龍膽,*,*
龍吐珠,0,0,0,N,plants,*,*,*,*,龍吐珠,*,*
龍腦樹,0,0,0,N,plants,*,*,*,*,龍腦樹,*,*
龍骨木,0,0,0,N,plants,*,*,*,*,龍骨木,*,*
龍葵,0,0,0,N,plants,*,*,*,*,龍葵,*,*
龍鬚,0,0,0,N,plants,*,*,*,*,龍鬚,*,*
龍鬚菜,0,0,0,N,plants,*,*,*,*,龍鬚菜,*,*
龍血樹,0,0,0,N,plants,*,*,*,*,龍血樹,*,*
龍珠,0,0,0,N,plants,*,*,*,*,龍珠,*,*
龍船花,0,0,0,N,plants,*,*,*,*,龍船花,*,*
龍舌蘭,0,0,0,N,plants,*,*,*,*,龍舌蘭,*,*
龍牙草,0,0,0,N,plants,*,*,*,*,龍牙草,*,*
龍眼,0,0,0,N,plants,*,*,*,*,龍眼,*,*
蘢,0,0,0,N,plants,*,*,*,*,蘢,*,*
旅人蕉,0,0,0,N,plants,*,*,*,*,旅人蕉,*,*
菉,0,0,0,N,plants,*,*,*,*,菉,*,*
綠豆,0,0,0,N,plants,*,*,*,*,綠豆,*,*
綠珊瑚,0,0,0,N,plants,*,*,*,*,綠珊瑚,*,*
茖蔥,0,0,0,N,plants,*,*,*,*,茖蔥,*,*
葛,0,0,0,N,plants,*,*,*,*,葛,*,*
葛藤,0,0,0,N,plants,*,*,*,*,葛藤,*,*
葛藟,0,0,0,N,plants,*,*,*,*,葛藟,*,*
葛仙米,0,0,0,N,plants,*,*,*,*,葛仙米,*,*
蓋柿,0,0,0,N,plants,*,*,*,*,蓋柿,*,*
蓋菜,0,0,0,N,plants,*,*,*,*,蓋菜,*,*
高粱,0,0,0,N,plants,*,*,*,*,高粱,*,*
鉤藤,0,0,0,N,plants,*,*,*,*,鉤藤,*,*
鉤吻,0,0,0,N,plants,*,*,*,*,鉤吻,*,*
狗尾草,0,0,0,N,plants,*,*,*,*,狗尾草,*,*
枸骨,0,0,0,N,plants,*,*,*,*,枸骨,*,*
枸杞,0,0,0,N,plants,*,*,*,*,枸杞,*,*
甘藍,0,0,0,N,plants,*,*,*,*,甘藍,*,*
甘菊,0,0,0,N,plants,*,*,*,*,甘菊,*,*
甘蔗,0,0,0,N,plants,*,*,*,*,甘蔗,*,*
甘草,0,0,0,N,plants,*,*,*,*,甘草,*,*
柑,0,0,0,N,plants,*,*,*,*,柑,*,*
乾苔,0,0,0,N,plants,*,*,*,*,乾苔,*,*
橄欖,0,0,0,N,plants,*,*,*,*,橄欖,*,*
茛,0,0,0,N,plants,*,*,*,*,茛,*,*
姑婆芋,0,0,0,N,plants,*,*,*,*,姑婆芋,*,*
孤挺花,0,0,0,N,plants,*,*,*,*,孤挺花,*,*
菰,0,0,0,N,plants,*,*,*,*,菰,*,*
菰菜,0,0,0,N,plants,*,*,*,*,菰菜,*,*
古柯,0,0,0,N,plants,*,*,*,*,古柯,*,*
骨碎補,0,0,0,N,plants,*,*,*,*,骨碎補,*,*
鼓藻,0,0,0,N,plants,*,*,*,*,鼓藻,*,*
榖,0,0,0,N,plants,*,*,*,*,榖,*,*
穀子,0,0,0,N,plants,*,*,*,*,穀子,*,*
瓜子金,0,0,0,N,plants,*,*,*,*,瓜子金,*,*
栝樓,0,0,0,N,plants,*,*,*,*,栝樓,*,*
栝矢亞,0,0,0,N,plants,*,*,*,*,栝矢亞,*,*
槻,0,0,0,N,plants,*,*,*,*,槻,*,*
龜背芋,0,0,0,N,plants,*,*,*,*,龜背芋,*,*
鬼筆,0,0,0,N,plants,*,*,*,*,鬼筆,*,*
鬼見愁,0,0,0,N,plants,*,*,*,*,鬼見愁,*,*
鬼針草,0,0,0,N,plants,*,*,*,*,鬼針草,*,*
桂皮,0,0,0,N,plants,*,*,*,*,桂皮,*,*
桂竹,0,0,0,N,plants,*,*,*,*,桂竹,*,*
桂竹香,0,0,0,N,plants,*,*,*,*,桂竹香,*,*
莞,0,0,0,N,plants,*,*,*,*,莞,*,*
觀音蓮,0,0,0,N,plants,*,*,*,*,觀音蓮,*,*
觀音座蓮,0,0,0,N,plants,*,*,*,*,觀音座蓮,*,*
觀音棕竹,0,0,0,N,plants,*,*,*,*,觀音棕竹,*,*
光苔,0,0,0,N,plants,*,*,*,*,光苔,*,*
光藻,0,0,0,N,plants,*,*,*,*,光藻,*,*
桄榔,0,0,0,N,plants,*,*,*,*,桄榔,*,*
茪,0,0,0,N,plants,*,*,*,*,茪,*,*
廣東油桐,0,0,0,N,plants,*,*,*,*,廣東油桐,*,*
珙桐,0,0,0,N,plants,*,*,*,*,珙桐,*,*
咖啡,0,0,0,N,plants,*,*,*,*,咖啡,*,*
卡利撒,0,0,0,N,plants,*,*,*,*,卡利撒,*,*
可可,0,0,0,N,plants,*,*,*,*,可可,*,*
楷,0,0,0,N,plants,*,*,*,*,楷,*,*
栲,0,0,0,N,plants,*,*,*,*,栲,*,*
看麥娘,0,0,0,N,plants,*,*,*,*,看麥娘,*,*
康乃馨,0,0,0,N,plants,*,*,*,*,康乃馨,*,*
糠穗,0,0,0,N,plants,*,*,*,*,糠穗,*,*
苦楝子,0,0,0,N,plants,*,*,*,*,苦楝子,*,*
苦瓜,0,0,0,N,plants,*,*,*,*,苦瓜,*,*
苦苣苔,0,0,0,N,plants,*,*,*,*,苦苣苔,*,*
苦竹,0,0,0,N,plants,*,*,*,*,苦竹,*,*
苦參,0,0,0,N,plants,*,*,*,*,苦參,*,*
苦菜,0,0,0,N,plants,*,*,*,*,苦菜,*,*
蒯,0,0,0,N,plants,*,*,*,*,蒯,*,*
檜,0,0,0,N,plants,*,*,*,*,檜,*,*
檜柏,0,0,0,N,plants,*,*,*,*,檜柏,*,*
檜木,0,0,0,N,plants,*,*,*,*,檜木,*,*
款冬,0,0,0,N,plants,*,*,*,*,款冬,*,*
昆布,0,0,0,N,plants,*,*,*,*,昆布,*,*
空桐樹,0,0,0,N,plants,*,*,*,*,空桐樹,*,*
空心菜,0,0,0,N,plants,*,*,*,*,空心菜,*,*
哈密瓜,0,0,0,N,plants,*,*,*,*,哈密瓜,*,*
訶梨勒,0,0,0,N,plants,*,*,*,*,訶梨勒,*,*
合歡,0,0,0,N,plants,*,*,*,*,合歡,*,*
何首烏,0,0,0,N,plants,*,*,*,*,何首烏,*,*
荷,0,0,0,N,plants,*,*,*,*,荷,*,*
荷花,0,0,0,N,plants,*,*,*,*,荷花,*,*
海白菜,0,0,0,N,plants,*,*,*,*,海白菜,*,*
海葡萄,0,0,0,N,plants,*,*,*,*,海葡萄,*,*
海檬果,0,0,0,N,plants,*,*,*,*,海檬果,*,*
海苔,0,0,0,N,plants,*,*,*,*,海苔,*,*
海棠,0,0,0,N,plants,*,*,*,*,海棠,*,*
海桐花,0,0,0,N,plants,*,*,*,*,海桐花,*,*
海金沙,0,0,0,N,plants,*,*,*,*,海金沙,*,*
海棗,0,0,0,N,plants,*,*,*,*,海棗,*,*
海松,0,0,0,N,plants,*,*,*,*,海松,*,*
海芋,0,0,0,N,plants,*,*,*,*,海芋,*,*
黑麥,0,0,0,N,plants,*,*,*,*,黑麥,*,*
黑松,0,0,0,N,plants,*,*,*,*,黑松,*,*
黑豆,0,0,0,N,plants,*,*,*,*,黑豆,*,*
厚朴,0,0,0,N,plants,*,*,*,*,厚朴,*,*
厚皮香,0,0,0,N,plants,*,*,*,*,厚皮香,*,*
含笑花,0,0,0,N,plants,*,*,*,*,含笑花,*,*
含羞草,0,0,0,N,plants,*,*,*,*,含羞草,*,*
蔊菜,0,0,0,N,plants,*,*,*,*,蔊菜,*,*
恆春野百合,0,0,0,N,plants,*,*,*,*,恆春野百合,*,*
蘅,0,0,0,N,plants,*,*,*,*,蘅,*,*
胡麻,0,0,0,N,plants,*,*,*,*,胡麻,*,*
胡豆,0,0,0,N,plants,*,*,*,*,胡豆,*,*
胡桃,0,0,0,N,plants,*,*,*,*,胡桃,*,*
胡頹子,0,0,0,N,plants,*,*,*,*,胡頹子,*,*
胡蘿蔔,0,0,0,N,plants,*,*,*,*,胡蘿蔔,*,*
胡瓜,0,0,0,N,plants,*,*,*,*,胡瓜,*,*
胡椒,0,0,0,N,plants,*,*,*,*,胡椒,*,*
胡枝子,0,0,0,N,plants,*,*,*,*,胡枝子,*,*
胡荽,0,0,0,N,plants,*,*,*,*,胡荽,*,*
胡楊,0,0,0,N,plants,*,*,*,*,胡楊,*,*
葫,0,0,0,N,plants,*,*,*,*,葫,*,*
蝴蝶蘭,0,0,0,N,plants,*,*,*,*,蝴蝶蘭,*,*
槲,0,0,0,N,plants,*,*,*,*,槲,*,*
槲寄生,0,0,0,N,plants,*,*,*,*,槲寄生,*,*
槲蕨,0,0,0,N,plants,*,*,*,*,槲蕨,*,*
壺蘆,0,0,0,N,plants,*,*,*,*,壺蘆,*,*
虎頭蘭,0,0,0,N,plants,*,*,*,*,虎頭蘭,*,*
虎爪豆,0,0,0,N,plants,*,*,*,*,虎爪豆,*,*
虎掌,0,0,0,N,plants,*,*,*,*,虎掌,*,*
虎杖,0,0,0,N,plants,*,*,*,*,虎杖,*,*
虎刺,0,0,0,N,plants,*,*,*,*,虎刺,*,*
虎耳草,0,0,0,N,plants,*,*,*,*,虎耳草,*,*
芐,0,0,0,N,plants,*,*,*,*,芐,*,*
瓠,0,0,0,N,plants,*,*,*,*,瓠,*,*
瓠子,0,0,0,N,plants,*,*,*,*,瓠子,*,*
花梨,0,0,0,N,plants,*,*,*,*,花梨,*,*
花椒,0,0,0,N,plants,*,*,*,*,花椒,*,*
花椰菜,0,0,0,N,plants,*,*,*,*,花椰菜,*,*
樺,0,0,0,N,plants,*,*,*,*,樺,*,*
樺木,0,0,0,N,plants,*,*,*,*,樺木,*,*
火鶴花,0,0,0,N,plants,*,*,*,*,火鶴花,*,*
藿,0,0,0,N,plants,*,*,*,*,藿,*,*
藿香,0,0,0,N,plants,*,*,*,*,藿香,*,*
藿香薊,0,0,0,N,plants,*,*,*,*,藿香薊,*,*
槐,0,0,0,N,plants,*,*,*,*,槐,*,*
槐樹,0,0,0,N,plants,*,*,*,*,槐樹,*,*
蘹香,0,0,0,N,plants,*,*,*,*,蘹香,*,*
灰木,0,0,0,N,plants,*,*,*,*,灰木,*,*
茴香,0,0,0,N,plants,*,*,*,*,茴香,*,*
蔧,0,0,0,N,plants,*,*,*,*,蔧,*,*
蕙蘭,0,0,0,N,plants,*,*,*,*,蕙蘭,*,*
黃蘗,0,0,0,N,plants,*,*,*,*,黃蘗,*,*
黃麻,0,0,0,N,plants,*,*,*,*,黃麻,*,*
黃連,0,0,0,N,plants,*,*,*,*,黃連,*,*
黃花蜜菜,0,0,0,N,plants,*,*,*,*,黃花蜜菜,*,*
黃金葛,0,0,0,N,plants,*,*,*,*,黃金葛,*,*
黃精,0,0,0,N,plants,*,*,*,*,黃精,*,*
黃芪,0,0,0,N,plants,*,*,*,*,黃芪,*,*
黃芩,0,0,0,N,plants,*,*,*,*,黃芩,*,*
黃水茄,0,0,0,N,plants,*,*,*,*,黃水茄,*,*
紅葡萄藤,0,0,0,N,plants,*,*,*,*,紅葡萄藤,*,*
紅木,0,0,0,N,plants,*,*,*,*,紅木,*,*
紅豆,0,0,0,N,plants,*,*,*,*,紅豆,*,*
紅檜,0,0,0,N,plants,*,*,*,*,紅檜,*,*
紅花,0,0,0,N,plants,*,*,*,*,紅花,*,*
紅茄苳,0,0,0,N,plants,*,*,*,*,紅茄苳,*,*
紅杉,0,0,0,N,plants,*,*,*,*,紅杉,*,*
紅樹,0,0,0,N,plants,*,*,*,*,紅樹,*,*
葒,0,0,0,N,plants,*,*,*,*,葒,*,*
雞母珠,0,0,0,N,plants,*,*,*,*,雞母珠,*,*
雞冠花,0,0,0,N,plants,*,*,*,*,雞冠花,*,*
雞屎藤,0,0,0,N,plants,*,*,*,*,雞屎藤,*,*
芨,0,0,0,N,plants,*,*,*,*,芨,*,*
蒺藜,0,0,0,N,plants,*,*,*,*,蒺藜,*,*
蕺,0,0,0,N,plants,*,*,*,*,蕺,*,*
蕺菜,0,0,0,N,plants,*,*,*,*,蕺菜,*,*
棘,0,0,0,N,plants,*,*,*,*,棘,*,*
枳椇,0,0,0,N,plants,*,*,*,*,枳椇,*,*
穄子,0,0,0,N,plants,*,*,*,*,穄子,*,*
薺,0,0,0,N,plants,*,*,*,*,薺,*,*
薺薴,0,0,0,N,plants,*,*,*,*,薺薴,*,*
薺菜,0,0,0,N,plants,*,*,*,*,薺菜,*,*
蘮蒘,0,0,0,N,plants,*,*,*,*,蘮蒘,*,*
嘉德麗亞蘭,0,0,0,N,plants,*,*,*,*,嘉德麗亞蘭,*,*
家山藥,0,0,0,N,plants,*,*,*,*,家山藥,*,*
檟,0,0,0,N,plants,*,*,*,*,檟,*,*
夾竹桃,0,0,0,N,plants,*,*,*,*,夾竹桃,*,*
桔梗,0,0,0,N,plants,*,*,*,*,桔梗,*,*
芥,0,0,0,N,plants,*,*,*,*,芥,*,*
芥藍菜,0,0,0,N,plants,*,*,*,*,芥藍菜,*,*
芥菜,0,0,0,N,plants,*,*,*,*,芥菜,*,*
茭白,0,0,0,N,plants,*,*,*,*,茭白,*,*
蕉麻,0,0,0,N,plants,*,*,*,*,蕉麻,*,*
九芎,0,0,0,N,plants,*,*,*,*,九芎,*,*
九重葛,0,0,0,N,plants,*,*,*,*,九重葛,*,*
九層塔,0,0,0,N,plants,*,*,*,*,九層塔,*,*
韭,0,0,0,N,plants,*,*,*,*,韭,*,*
韭菜,0,0,0,N,plants,*,*,*,*,韭菜,*,*
酒瓶椰子,0,0,0,N,plants,*,*,*,*,酒瓶椰子,*,*
蒹,0,0,0,N,plants,*,*,*,*,蒹,*,*
菅,0,0,0,N,plants,*,*,*,*,菅,*,*
剪秋羅,0,0,0,N,plants,*,*,*,*,剪秋羅,*,*
剪夏羅,0,0,0,N,plants,*,*,*,*,剪夏羅,*,*
剪春羅,0,0,0,N,plants,*,*,*,*,剪春羅,*,*
建蘭,0,0,0,N,plants,*,*,*,*,建蘭,*,*
箭竹,0,0,0,N,plants,*,*,*,*,箭竹,*,*
劍麻,0,0,0,N,plants,*,*,*,*,劍麻,*,*
金梅草,0,0,0,N,plants,*,*,*,*,金梅草,*,*
金木犀,0,0,0,N,plants,*,*,*,*,金木犀,*,*
金湯匙,0,0,0,N,plants,*,*,*,*,金湯匙,*,*
金蓮花,0,0,0,N,plants,*,*,*,*,金蓮花,*,*
金露花,0,0,0,N,plants,*,*,*,*,金露花,*,*
金光菊,0,0,0,N,plants,*,*,*,*,金光菊,*,*
金合歡,0,0,0,N,plants,*,*,*,*,金合歡,*,*
金黃藻,0,0,0,N,plants,*,*,*,*,金黃藻,*,*
金雞納樹,0,0,0,N,plants,*,*,*,*,金雞納樹,*,*
金橘,0,0,0,N,plants,*,*,*,*,金橘,*,*
金雀花,0,0,0,N,plants,*,*,*,*,金雀花,*,*
金線草,0,0,0,N,plants,*,*,*,*,金線草,*,*
金盞花,0,0,0,N,plants,*,*,*,*,金盞花,*,*
金瘡小草,0,0,0,N,plants,*,*,*,*,金瘡小草,*,*
金絲桃,0,0,0,N,plants,*,*,*,*,金絲桃,*,*
金粟蘭,0,0,0,N,plants,*,*,*,*,金粟蘭,*,*
金櫻子,0,0,0,N,plants,*,*,*,*,金櫻子,*,*
金魚藻,0,0,0,N,plants,*,*,*,*,金魚藻,*,*
金魚草,0,0,0,N,plants,*,*,*,*,金魚草,*,*
菫,0,0,0,N,plants,*,*,*,*,菫,*,*
錦葵,0,0,0,N,plants,*,*,*,*,錦葵,*,*
錦熏籠,0,0,0,N,plants,*,*,*,*,錦熏籠,*,*
藎,0,0,0,N,plants,*,*,*,*,藎,*,*
藎草,0,0,0,N,plants,*,*,*,*,藎草,*,*
江梅,0,0,0,N,plants,*,*,*,*,江梅,*,*
江南竹,0,0,0,N,plants,*,*,*,*,江南竹,*,*
江蘺,0,0,0,N,plants,*,*,*,*,江蘺,*,*
豇豆,0,0,0,N,plants,*,*,*,*,豇豆,*,*
茳芏,0,0,0,N,plants,*,*,*,*,茳芏,*,*
姜黃,0,0,0,N,plants,*,*,*,*,姜黃,*,*
姜芋,0,0,0,N,plants,*,*,*,*,姜芋,*,*
薑,0,0,0,N,plants,*,*,*,*,薑,*,*
薑黃,0,0,0,N,plants,*,*,*,*,薑黃,*,*
降真香,0,0,0,N,plants,*,*,*,*,降真香,*,*
菁,0,0,0,N,plants,*,*,*,*,菁,*,*
菁芳草,0,0,0,N,plants,*,*,*,*,菁芳草,*,*
荊,0,0,0,N,plants,*,*,*,*,荊,*,*
荊芥,0,0,0,N,plants,*,*,*,*,荊芥,*,*
井口邊草,0,0,0,N,plants,*,*,*,*,井口邊草,*,*
椈,0,0,0,N,plants,*,*,*,*,椈,*,*
菊,0,0,0,N,plants,*,*,*,*,菊,*,*
菊花,0,0,0,N,plants,*,*,*,*,菊花,*,*
菊苣,0,0,0,N,plants,*,*,*,*,菊苣,*,*
菊芋,0,0,0,N,plants,*,*,*,*,菊芋,*,*
橘,0,0,0,N,plants,*,*,*,*,橘,*,*
枸櫞,0,0,0,N,plants,*,*,*,*,枸櫞,*,*
蒟醬,0,0,0,N,plants,*,*,*,*,蒟醬,*,*
蒟蒻,0,0,0,N,plants,*,*,*,*,蒟蒻,*,*
椇,0,0,0,N,plants,*,*,*,*,椇,*,*
櫸,0,0,0,N,plants,*,*,*,*,櫸,*,*
櫸木,0,0,0,N,plants,*,*,*,*,櫸木,*,*
櫸柳,0,0,0,N,plants,*,*,*,*,櫸柳,*,*
聚藻,0,0,0,N,plants,*,*,*,*,聚藻,*,*
鋸齒草,0,0,0,N,plants,*,*,*,*,鋸齒草,*,*
決明,0,0,0,N,plants,*,*,*,*,決明,*,*
決明子,0,0,0,N,plants,*,*,*,*,決明子,*,*
芵明,0,0,0,N,plants,*,*,*,*,芵明,*,*
蕨,0,0,0,N,plants,*,*,*,*,蕨,*,*
卷柏,0,0,0,N,plants,*,*,*,*,卷柏,*,*
卷耳,0,0,0,N,plants,*,*,*,*,卷耳,*,*
君遷子,0,0,0,N,plants,*,*,*,*,君遷子,*,*
君影草,0,0,0,N,plants,*,*,*,*,君影草,*,*
箘簬,0,0,0,N,plants,*,*,*,*,箘簬,*,*
七里香,0,0,0,N,plants,*,*,*,*,七里香,*,*
漆,0,0,0,N,plants,*,*,*,*,漆,*,*
漆樹,0,0,0,N,plants,*,*,*,*,漆樹,*,*
榿,0,0,0,N,plants,*,*,*,*,榿,*,*
蘄艾,0,0,0,N,plants,*,*,*,*,蘄艾,*,*
奇蒿,0,0,0,N,plants,*,*,*,*,奇蒿,*,*
齊墩果,0,0,0,N,plants,*,*,*,*,齊墩果,*,*
杞柳,0,0,0,N,plants,*,*,*,*,杞柳,*,*
芑,0,0,0,N,plants,*,*,*,*,芑,*,*
茄,0,0,0,N,plants,*,*,*,*,茄,*,*
茄子,0,0,0,N,plants,*,*,*,*,茄子,*,*
蕎,0,0,0,N,plants,*,*,*,*,蕎,*,*
蕎麥,0,0,0,N,plants,*,*,*,*,蕎麥,*,*
秋牡丹,0,0,0,N,plants,*,*,*,*,秋牡丹,*,*
秋海棠,0,0,0,N,plants,*,*,*,*,秋海棠,*,*
楸,0,0,0,N,plants,*,*,*,*,楸,*,*
朹子,0,0,0,N,plants,*,*,*,*,朹子,*,*
毬蘭,0,0,0,N,plants,*,*,*,*,毬蘭,*,*
千年艾,0,0,0,N,plants,*,*,*,*,千年艾,*,*
千日紅,0,0,0,N,plants,*,*,*,*,千日紅,*,*
千日菊,0,0,0,N,plants,*,*,*,*,千日菊,*,*
牽牛花,0,0,0,N,plants,*,*,*,*,牽牛花,*,*
芡,0,0,0,N,plants,*,*,*,*,芡,*,*
芡實,0,0,0,N,plants,*,*,*,*,芡實,*,*
茜,0,0,0,N,plants,*,*,*,*,茜,*,*
茜草,0,0,0,N,plants,*,*,*,*,茜草,*,*
芹菜,0,0,0,N,plants,*,*,*,*,芹菜,*,*
秦艽,0,0,0,N,plants,*,*,*,*,秦艽,*,*
檎,0,0,0,N,plants,*,*,*,*,檎,*,*
羌活,0,0,0,N,plants,*,*,*,*,羌活,*,*
薔薇,0,0,0,N,plants,*,*,*,*,薔薇,*,*
青皮,0,0,0,N,plants,*,*,*,*,青皮,*,*
青萍,0,0,0,N,plants,*,*,*,*,青萍,*,*
青楓,0,0,0,N,plants,*,*,*,*,青楓,*,*
青稞,0,0,0,N,plants,*,*,*,*,青稞,*,*
青蒿,0,0,0,N,plants,*,*,*,*,青蒿,*,*
青椒,0,0,0,N,plants,*,*,*,*,青椒,*,*
青江白菜,0,0,0,N,plants,*,*,*,*,青江白菜,*,*
青楊,0,0,0,N,plants,*,*,*,*,青楊,*,*
蘧,0,0,0,N,plants,*,*,*,*,蘧,*,*
雀麥,0,0,0,N,plants,*,*,*,*,雀麥,*,*
雀舌,0,0,0,N,plants,*,*,*,*,雀舌,*,*
雀榕,0,0,0,N,plants,*,*,*,*,雀榕,*,*
裙帶菜,0,0,0,N,plants,*,*,*,*,裙帶菜,*,*
芎藭,0,0,0,N,plants,*,*,*,*,芎藭,*,*
瓊麻,0,0,0,N,plants,*,*,*,*,瓊麻,*,*
瓊崖海棠,0,0,0,N,plants,*,*,*,*,瓊崖海棠,*,*
西谷椰子,0,0,0,N,plants,*,*,*,*,西谷椰子,*,*
西瓜,0,0,0,N,plants,*,*,*,*,西瓜,*,*
西葫蘆,0,0,0,N,plants,*,*,*,*,西葫蘆,*,*
西洋參,0,0,0,N,plants,*,*,*,*,西洋參,*,*
蟋蟀草,0,0,0,N,plants,*,*,*,*,蟋蟀草,*,*
蕮,0,0,0,N,plants,*,*,*,*,蕮,*,*
細辛,0,0,0,N,plants,*,*,*,*,細辛,*,*
細葉金午時花,0,0,0,N,plants,*,*,*,*,細葉金午時花,*,*
細葉山茶,0,0,0,N,plants,*,*,*,*,細葉山茶,*,*
夏枯草,0,0,0,N,plants,*,*,*,*,夏枯草,*,*
纈草,0,0,0,N,plants,*,*,*,*,纈草,*,*
楔,0,0,0,N,plants,*,*,*,*,楔,*,*
薢茩,0,0,0,N,plants,*,*,*,*,薢茩,*,*
薤,0,0,0,N,plants,*,*,*,*,薤,*,*
薤白,0,0,0,N,plants,*,*,*,*,薤白,*,*
小白菜,0,0,0,N,plants,*,*,*,*,小白菜,*,*
小麥,0,0,0,N,plants,*,*,*,*,小麥,*,*
小米,0,0,0,N,plants,*,*,*,*,小米,*,*
小薊,0,0,0,N,plants,*,*,*,*,小薊,*,*
小青,0,0,0,N,plants,*,*,*,*,小青,*,*
小實孔雀豆,0,0,0,N,plants,*,*,*,*,小實孔雀豆,*,*
繡球花,0,0,0,N,plants,*,*,*,*,繡球花,*,*
仙茅,0,0,0,N,plants,*,*,*,*,仙茅,*,*
仙人拳,0,0,0,N,plants,*,*,*,*,仙人拳,*,*
仙人掌,0,0,0,N,plants,*,*,*,*,仙人掌,*,*
仙草,0,0,0,N,plants,*,*,*,*,仙草,*,*
咸豐草,0,0,0,N,plants,*,*,*,*,咸豐草,*,*
洗,0,0,0,N,plants,*,*,*,*,洗,*,*
莧,0,0,0,N,plants,*,*,*,*,莧,*,*
莧菜,0,0,0,N,plants,*,*,*,*,莧菜,*,*
辛夷,0,0,0,N,plants,*,*,*,*,辛夷,*,*
新月藻,0,0,0,N,plants,*,*,*,*,新月藻,*,*
相思木,0,0,0,N,plants,*,*,*,*,相思木,*,*
相思樹,0,0,0,N,plants,*,*,*,*,相思樹,*,*
香蒲,0,0,0,N,plants,*,*,*,*,香蒲,*,*
香茅,0,0,0,N,plants,*,*,*,*,香茅,*,*
香蓼,0,0,0,N,plants,*,*,*,*,香蓼,*,*
香菇,0,0,0,N,plants,*,*,*,*,香菇,*,*
香瓜,0,0,0,N,plants,*,*,*,*,香瓜,*,*
香蕉,0,0,0,N,plants,*,*,*,*,香蕉,*,*
香樟,0,0,0,N,plants,*,*,*,*,香樟,*,*
香橙,0,0,0,N,plants,*,*,*,*,香橙,*,*
香椿,0,0,0,N,plants,*,*,*,*,香椿,*,*
香水花,0,0,0,N,plants,*,*,*,*,香水花,*,*
香薷,0,0,0,N,plants,*,*,*,*,香薷,*,*
響楊,0,0,0,N,plants,*,*,*,*,響楊,*,*
向日葵,0,0,0,N,plants,*,*,*,*,向日葵,*,*
象牙木,0,0,0,N,plants,*,*,*,*,象牙木,*,*
橡斗,0,0,0,N,plants,*,*,*,*,橡斗,*,*
橡膠樹,0,0,0,N,plants,*,*,*,*,橡膠樹,*,*
橡樹,0,0,0,N,plants,*,*,*,*,橡樹,*,*
猩猩木,0,0,0,N,plants,*,*,*,*,猩猩木,*,*
猩猩草,0,0,0,N,plants,*,*,*,*,猩猩草,*,*
行唐,0,0,0,N,plants,*,*,*,*,行唐,*,*
杏,0,0,0,N,plants,*,*,*,*,杏,*,*
杏梅,0,0,0,N,plants,*,*,*,*,杏梅,*,*
藚,0,0,0,N,plants,*,*,*,*,藚,*,*
續斷,0,0,0,N,plants,*,*,*,*,續斷,*,*
續隨子,0,0,0,N,plants,*,*,*,*,續隨子,*,*
雪梨,0,0,0,N,plants,*,*,*,*,雪梨,*,*
雪裡蕻,0,0,0,N,plants,*,*,*,*,雪裡蕻,*,*
雪柳,0,0,0,N,plants,*,*,*,*,雪柳,*,*
雪蓮,0,0,0,N,plants,*,*,*,*,雪蓮,*,*
萱,0,0,0,N,plants,*,*,*,*,萱,*,*
萱草,0,0,0,N,plants,*,*,*,*,萱草,*,*
玄參,0,0,0,N,plants,*,*,*,*,玄參,*,*
懸鉤子,0,0,0,N,plants,*,*,*,*,懸鉤子,*,*
薰,0,0,0,N,plants,*,*,*,*,薰,*,*
薰草,0,0,0,N,plants,*,*,*,*,薰草,*,*
栒子木,0,0,0,N,plants,*,*,*,*,栒子木,*,*
蕁麻,0,0,0,N,plants,*,*,*,*,蕁麻,*,*
蕈樹,0,0,0,N,plants,*,*,*,*,蕈樹,*,*
芝,0,0,0,N,plants,*,*,*,*,芝,*,*
知風草,0,0,0,N,plants,*,*,*,*,知風草,*,*
蜘蛛抱蛋,0,0,0,N,plants,*,*,*,*,蜘蛛抱蛋,*,*
梔,0,0,0,N,plants,*,*,*,*,梔,*,*
梔子,0,0,0,N,plants,*,*,*,*,梔子,*,*
枳,0,0,0,N,plants,*,*,*,*,枳,*,*
紙草,0,0,0,N,plants,*,*,*,*,紙草,*,*
樝子,0,0,0,N,plants,*,*,*,*,樝子,*,*
柘,0,0,0,N,plants,*,*,*,*,柘,*,*
鷓鴣菜,0,0,0,N,plants,*,*,*,*,鷓鴣菜,*,*
昭和草,0,0,0,N,plants,*,*,*,*,昭和草,*,*
楨,0,0,0,N,plants,*,*,*,*,楨,*,*
榛,0,0,0,N,plants,*,*,*,*,榛,*,*
葴,0,0,0,N,plants,*,*,*,*,葴,*,*
樟,0,0,0,N,plants,*,*,*,*,樟,*,*
朱蕉,0,0,0,N,plants,*,*,*,*,朱蕉,*,*
朱槿,0,0,0,N,plants,*,*,*,*,朱槿,*,*
豬籠草,0,0,0,N,plants,*,*,*,*,豬籠草,*,*
櫧,0,0,0,N,plants,*,*,*,*,櫧,*,*
竹,0,0,0,N,plants,*,*,*,*,竹,*,*
竹節蓼,0,0,0,N,plants,*,*,*,*,竹節蓼,*,*
竹肉,0,0,0,N,plants,*,*,*,*,竹肉,*,*
竹芋,0,0,0,N,plants,*,*,*,*,竹芋,*,*
蓫,0,0,0,N,plants,*,*,*,*,蓫,*,*
苧麻,0,0,0,N,plants,*,*,*,*,苧麻,*,*
山丹,0,0,0,N,plants,*,*,*,*,山丹,*,*
蔠葵,0,0,0,N,plants,*,*,*,*,蔠葵,*,*
赤箭,0,0,0,N,plants,*,*,*,*,赤箭,*,*
赤松,0,0,0,N,plants,*,*,*,*,赤松,*,*
赤楊,0,0,0,N,plants,*,*,*,*,赤楊,*,*
茶,0,0,0,N,plants,*,*,*,*,茶,*,*
茶梅,0,0,0,N,plants,*,*,*,*,茶梅,*,*
茶菊,0,0,0,N,plants,*,*,*,*,茶菊,*,*
茶樹,0,0,0,N,plants,*,*,*,*,茶樹,*,*
車百合,0,0,0,N,plants,*,*,*,*,車百合,*,*
車前,0,0,0,N,plants,*,*,*,*,車前,*,*
車軸草,0,0,0,N,plants,*,*,*,*,車軸草,*,*
車桑仔,0,0,0,N,plants,*,*,*,*,車桑仔,*,*
車葉草,0,0,0,N,plants,*,*,*,*,車葉草,*,*
茈胡,0,0,0,N,plants,*,*,*,*,茈胡,*,*
柴胡,0,0,0,N,plants,*,*,*,*,柴胡,*,*
朝鮮薊,0,0,0,N,plants,*,*,*,*,朝鮮薊,*,*
臭椿,0,0,0,N,plants,*,*,*,*,臭椿,*,*
沉香,0,0,0,N,plants,*,*,*,*,沉香,*,*
梣,0,0,0,N,plants,*,*,*,*,梣,*,*
蔯,0,0,0,N,plants,*,*,*,*,蔯,*,*
櫬,0,0,0,N,plants,*,*,*,*,櫬,*,*
菖蒲蓮,0,0,0,N,plants,*,*,*,*,菖蒲蓮,*,*
菖蘭,0,0,0,N,plants,*,*,*,*,菖蘭,*,*
長豇豆,0,0,0,N,plants,*,*,*,*,長豇豆,*,*
長梗滿天星,0,0,0,N,plants,*,*,*,*,長梗滿天星,*,*
長春花,0,0,0,N,plants,*,*,*,*,長春花,*,*
常山,0,0,0,N,plants,*,*,*,*,常山,*,*
檉柳,0,0,0,N,plants,*,*,*,*,檉柳,*,*
橙,0,0,0,N,plants,*,*,*,*,橙,*,*
橙紅美人蕉,0,0,0,N,plants,*,*,*,*,橙紅美人蕉,*,*
雛菊,0,0,0,N,plants,*,*,*,*,雛菊,*,*
除蟲菊,0,0,0,N,plants,*,*,*,*,除蟲菊,*,*
楮,0,0,0,N,plants,*,*,*,*,楮,*,*
楚,0,0,0,N,plants,*,*,*,*,楚,*,*
川穀,0,0,0,N,plants,*,*,*,*,川穀,*,*
杶,0,0,0,N,plants,*,*,*,*,杶,*,*
春蘭,0,0,0,N,plants,*,*,*,*,春蘭,*,*
椿,0,0,0,N,plants,*,*,*,*,椿,*,*
蓴,0,0,0,N,plants,*,*,*,*,蓴,*,*
茺蔚,0,0,0,N,plants,*,*,*,*,茺蔚,*,*
重陽木,0,0,0,N,plants,*,*,*,*,重陽木,*,*
葹,0,0,0,N,plants,*,*,*,*,葹,*,*
蒒,0,0,0,N,plants,*,*,*,*,蒒,*,*
蓍,0,0,0,N,plants,*,*,*,*,蓍,*,*
十姊妹,0,0,0,N,plants,*,*,*,*,十姊妹,*,*
石頭草,0,0,0,N,plants,*,*,*,*,石頭草,*,*
石南,0,0,0,N,plants,*,*,*,*,石南,*,*
石蘭,0,0,0,N,plants,*,*,*,*,石蘭,*,*
石榴,0,0,0,N,plants,*,*,*,*,石榴,*,*
石蓮,0,0,0,N,plants,*,*,*,*,石蓮,*,*
石胡荽,0,0,0,N,plants,*,*,*,*,石胡荽,*,*
石斛,0,0,0,N,plants,*,*,*,*,石斛,*,*
石斛蘭,0,0,0,N,plants,*,*,*,*,石斛蘭,*,*
石花菜,0,0,0,N,plants,*,*,*,*,石花菜,*,*
石竹,0,0,0,N,plants,*,*,*,*,石竹,*,*
石菖蒲,0,0,0,N,plants,*,*,*,*,石菖蒲,*,*
石蕊,0,0,0,N,plants,*,*,*,*,石蕊,*,*
石蠶,0,0,0,N,plants,*,*,*,*,石蠶,*,*
石蒜,0,0,0,N,plants,*,*,*,*,石蒜,*,*
石松,0,0,0,N,plants,*,*,*,*,石松,*,*
石韋,0,0,0,N,plants,*,*,*,*,石韋,*,*
食茱萸,0,0,0,N,plants,*,*,*,*,食茱萸,*,*
食用蠟燭木,0,0,0,N,plants,*,*,*,*,食用蠟燭木,*,*
蒔蘿,0,0,0,N,plants,*,*,*,*,蒔蘿,*,*
使君子,0,0,0,N,plants,*,*,*,*,使君子,*,*
矢車菊,0,0,0,N,plants,*,*,*,*,矢車菊,*,*
柿,0,0,0,N,plants,*,*,*,*,柿,*,*
沙參,0,0,0,N,plants,*,*,*,*,沙參,*,*
沙棗,0,0,0,N,plants,*,*,*,*,沙棗,*,*
蔱蘠,0,0,0,N,plants,*,*,*,*,蔱蘠,*,*
蛇苺,0,0,0,N,plants,*,*,*,*,蛇苺,*,*
欇,0,0,0,N,plants,*,*,*,*,欇,*,*
芍藥,0,0,0,N,plants,*,*,*,*,芍藥,*,*
壽丹,0,0,0,N,plants,*,*,*,*,壽丹,*,*
山萆薢,0,0,0,N,plants,*,*,*,*,山萆薢,*,*
山扁豆,0,0,0,N,plants,*,*,*,*,山扁豆,*,*
山葡萄,0,0,0,N,plants,*,*,*,*,山葡萄,*,*
山馬蝗,0,0,0,N,plants,*,*,*,*,山馬蝗,*,*
山毛櫸,0,0,0,N,plants,*,*,*,*,山毛櫸,*,*
山礬,0,0,0,N,plants,*,*,*,*,山礬,*,*
山粉圓,0,0,0,N,plants,*,*,*,*,山粉圓,*,*
山芙蓉,0,0,0,N,plants,*,*,*,*,山芙蓉,*,*
山豆根,0,0,0,N,plants,*,*,*,*,山豆根,*,*
山桐子,0,0,0,N,plants,*,*,*,*,山桐子,*,*
山裡紅,0,0,0,N,plants,*,*,*,*,山裡紅,*,*
山核桃,0,0,0,N,plants,*,*,*,*,山核桃,*,*
山躑躅,0,0,0,N,plants,*,*,*,*,山躑躅,*,*
山楂,0,0,0,N,plants,*,*,*,*,山楂,*,*
山茱萸,0,0,0,N,plants,*,*,*,*,山茱萸,*,*
山茶,0,0,0,N,plants,*,*,*,*,山茶,*,*
山蘇,0,0,0,N,plants,*,*,*,*,山蘇,*,*
山藥,0,0,0,N,plants,*,*,*,*,山藥,*,*
山鹽青,0,0,0,N,plants,*,*,*,*,山鹽青,*,*
山櫻桃,0,0,0,N,plants,*,*,*,*,山櫻桃,*,*
杉,0,0,0,N,plants,*,*,*,*,杉,*,*
杉木,0,0,0,N,plants,*,*,*,*,杉木,*,*
珊瑚樹,0,0,0,N,plants,*,*,*,*,珊瑚樹,*,*
珊瑚菜,0,0,0,N,plants,*,*,*,*,珊瑚菜,*,*
扇葉蒲葵,0,0,0,N,plants,*,*,*,*,扇葉蒲葵,*,*
蔏藋,0,0,0,N,plants,*,*,*,*,蔏藋,*,*
蔏蔞,0,0,0,N,plants,*,*,*,*,蔏蔞,*,*
聖誕百合,0,0,0,N,plants,*,*,*,*,聖誕百合,*,*
樗,0,0,0,N,plants,*,*,*,*,樗,*,*
薯莨,0,0,0,N,plants,*,*,*,*,薯莨,*,*
黍,0,0,0,N,plants,*,*,*,*,黍,*,*
黍子,0,0,0,N,plants,*,*,*,*,黍子,*,*
蜀葵,0,0,0,N,plants,*,*,*,*,蜀葵,*,*
蜀黍,0,0,0,N,plants,*,*,*,*,蜀黍,*,*
鼠麴草,0,0,0,N,plants,*,*,*,*,鼠麴草,*,*
樹杞,0,0,0,N,plants,*,*,*,*,樹杞,*,*
樹薯,0,0,0,N,plants,*,*,*,*,樹薯,*,*
水稗,0,0,0,N,plants,*,*,*,*,水稗,*,*
水筆子,0,0,0,N,plants,*,*,*,*,水筆子,*,*
水筆仔,0,0,0,N,plants,*,*,*,*,水筆仔,*,*
水麻,0,0,0,N,plants,*,*,*,*,水麻,*,*
水稻,0,0,0,N,plants,*,*,*,*,水稻,*,*
水丁香,0,0,0,N,plants,*,*,*,*,水丁香,*,*
水蠟樹,0,0,0,N,plants,*,*,*,*,水蠟樹,*,*
水蓼,0,0,0,N,plants,*,*,*,*,水蓼,*,*
水龍,0,0,0,N,plants,*,*,*,*,水龍,*,*
水黃皮,0,0,0,N,plants,*,*,*,*,水黃皮,*,*
水韭,0,0,0,N,plants,*,*,*,*,水韭,*,*
水蕨,0,0,0,N,plants,*,*,*,*,水蕨,*,*
水芹,0,0,0,N,plants,*,*,*,*,水芹,*,*
水仙,0,0,0,N,plants,*,*,*,*,水仙,*,*
水車前,0,0,0,N,plants,*,*,*,*,水車前,*,*
水篩,0,0,0,N,plants,*,*,*,*,水篩,*,*
水杉,0,0,0,N,plants,*,*,*,*,水杉,*,*
水藻,0,0,0,N,plants,*,*,*,*,水藻,*,*
水蔥,0,0,0,N,plants,*,*,*,*,水蔥,*,*
水楊,0,0,0,N,plants,*,*,*,*,水楊,*,*
睡蓮,0,0,0,N,plants,*,*,*,*,睡蓮,*,*
栓皮櫟,0,0,0,N,plants,*,*,*,*,栓皮櫟,*,*
蕣,0,0,0,N,plants,*,*,*,*,蕣,*,*
蕘花,0,0,0,N,plants,*,*,*,*,蕘花,*,*
肉豆蔻,0,0,0,N,plants,*,*,*,*,肉豆蔻,*,*
肉桂,0,0,0,N,plants,*,*,*,*,肉桂,*,*
肉蓯蓉,0,0,0,N,plants,*,*,*,*,肉蓯蓉,*,*
人心果,0,0,0,N,plants,*,*,*,*,人心果,*,*
人參,0,0,0,N,plants,*,*,*,*,人參,*,*
忍冬,0,0,0,N,plants,*,*,*,*,忍冬,*,*
荏,0,0,0,N,plants,*,*,*,*,荏,*,*
蘘荷,0,0,0,N,plants,*,*,*,*,蘘荷,*,*
乳香,0,0,0,N,plants,*,*,*,*,乳香,*,*
乳樹,0,0,0,N,plants,*,*,*,*,乳樹,*,*
篛竹,0,0,0,N,plants,*,*,*,*,篛竹,*,*
瑞香,0,0,0,N,plants,*,*,*,*,瑞香,*,*
軟枝黃蟬,0,0,0,N,plants,*,*,*,*,軟枝黃蟬,*,*
榕,0,0,0,N,plants,*,*,*,*,榕,*,*
子囊菌,0,0,0,N,plants,*,*,*,*,子囊菌,*,*
茈,0,0,0,N,plants,*,*,*,*,茈,*,*
紫背草,0,0,0,N,plants,*,*,*,*,紫背草,*,*
紫茉莉,0,0,0,N,plants,*,*,*,*,紫茉莉,*,*
紫丁香,0,0,0,N,plants,*,*,*,*,紫丁香,*,*
紫檀,0,0,0,N,plants,*,*,*,*,紫檀,*,*
紫藤,0,0,0,N,plants,*,*,*,*,紫藤,*,*
紫羅蘭,0,0,0,N,plants,*,*,*,*,紫羅蘭,*,*
紫葛,0,0,0,N,plants,*,*,*,*,紫葛,*,*
紫河車,0,0,0,N,plants,*,*,*,*,紫河車,*,*
紫花地丁,0,0,0,N,plants,*,*,*,*,紫花地丁,*,*
紫金牛,0,0,0,N,plants,*,*,*,*,紫金牛,*,*
紫菫,0,0,0,N,plants,*,*,*,*,紫菫,*,*
紫荊,0,0,0,N,plants,*,*,*,*,紫荊,*,*
紫芝,0,0,0,N,plants,*,*,*,*,紫芝,*,*
紫珠,0,0,0,N,plants,*,*,*,*,紫珠,*,*
紫竹,0,0,0,N,plants,*,*,*,*,紫竹,*,*
紫杉,0,0,0,N,plants,*,*,*,*,紫杉,*,*
紫菜,0,0,0,N,plants,*,*,*,*,紫菜,*,*
紫草,0,0,0,N,plants,*,*,*,*,紫草,*,*
紫蘇,0,0,0,N,plants,*,*,*,*,紫蘇,*,*
紫葳,0,0,0,N,plants,*,*,*,*,紫葳,*,*
紫薇,0,0,0,N,plants,*,*,*,*,紫薇,*,*
紫菀,0,0,0,N,plants,*,*,*,*,紫菀,*,*
紫雲英,0,0,0,N,plants,*,*,*,*,紫雲英,*,*
梓,0,0,0,N,plants,*,*,*,*,梓,*,*
萴,0,0,0,N,plants,*,*,*,*,萴,*,*
澤蘭,0,0,0,N,plants,*,*,*,*,澤蘭,*,*
澤瀉,0,0,0,N,plants,*,*,*,*,澤瀉,*,*
棗,0,0,0,N,plants,*,*,*,*,棗,*,*
皂莢,0,0,0,N,plants,*,*,*,*,皂莢,*,*
藏紅花,0,0,0,N,plants,*,*,*,*,藏紅花,*,*
柞,0,0,0,N,plants,*,*,*,*,柞,*,*
柞樹,0,0,0,N,plants,*,*,*,*,柞樹,*,*
棕櫚,0,0,0,N,plants,*,*,*,*,棕櫚,*,*
茨藻,0,0,0,N,plants,*,*,*,*,茨藻,*,*
慈姑,0,0,0,N,plants,*,*,*,*,慈姑,*,*
慈竹,0,0,0,N,plants,*,*,*,*,慈竹,*,*
刺柏,0,0,0,N,plants,*,*,*,*,刺柏,*,*
刺桐,0,0,0,N,plants,*,*,*,*,刺桐,*,*
刺柑,0,0,0,N,plants,*,*,*,*,刺柑,*,*
刺槐,0,0,0,N,plants,*,*,*,*,刺槐,*,*
刺楸,0,0,0,N,plants,*,*,*,*,刺楸,*,*
側柏,0,0,0,N,plants,*,*,*,*,側柏,*,*
彩葉草,0,0,0,N,plants,*,*,*,*,彩葉草,*,*
彩葉芋,0,0,0,N,plants,*,*,*,*,彩葉芋,*,*
菜豆,0,0,0,N,plants,*,*,*,*,菜豆,*,*
糙葉樹,0,0,0,N,plants,*,*,*,*,糙葉樹,*,*
草莓,0,0,0,N,plants,*,*,*,*,草莓,*,*
草棉,0,0,0,N,plants,*,*,*,*,草棉,*,*
草木樨,0,0,0,N,plants,*,*,*,*,草木樨,*,*
草藤,0,0,0,N,plants,*,*,*,*,草藤,*,*
草蘭,0,0,0,N,plants,*,*,*,*,草蘭,*,*
草菇,0,0,0,N,plants,*,*,*,*,草菇,*,*
草石蠶,0,0,0,N,plants,*,*,*,*,草石蠶,*,*
草烏,0,0,0,N,plants,*,*,*,*,草烏,*,*
蠶豆,0,0,0,N,plants,*,*,*,*,蠶豆,*,*
蒼朮,0,0,0,N,plants,*,*,*,*,蒼朮,*,*
粗肋草,0,0,0,N,plants,*,*,*,*,粗肋草,*,*
槭葉止血草,0,0,0,N,plants,*,*,*,*,槭葉止血草,*,*
酢漿草,0,0,0,N,plants,*,*,*,*,酢漿草,*,*
醋栗,0,0,0,N,plants,*,*,*,*,醋栗,*,*
翠菊,0,0,0,N,plants,*,*,*,*,翠菊,*,*
蔥,0,0,0,N,plants,*,*,*,*,蔥,*,*
蔥蘭,0,0,0,N,plants,*,*,*,*,蔥蘭,*,*
樅,0,0,0,N,plants,*,*,*,*,樅,*,*
絲瓜,0,0,0,N,plants,*,*,*,*,絲瓜,*,*
四季海棠,0,0,0,N,plants,*,*,*,*,四季海棠,*,*
四照花,0,0,0,N,plants,*,*,*,*,四照花,*,*
掃帚,0,0,0,N,plants,*,*,*,*,掃帚,*,*
三白草,0,0,0,N,plants,*,*,*,*,三白草,*,*
三角楓,0,0,0,N,plants,*,*,*,*,三角楓,*,*
三七,0,0,0,N,plants,*,*,*,*,三七,*,*
三色菫,0,0,0,N,plants,*,*,*,*,三色菫,*,*
桑,0,0,0,N,plants,*,*,*,*,桑,*,*
桑樹,0,0,0,N,plants,*,*,*,*,桑樹,*,*
蘇,0,0,0,N,plants,*,*,*,*,蘇,*,*
蘇木,0,0,0,N,plants,*,*,*,*,蘇木,*,*
蘇鐵,0,0,0,N,plants,*,*,*,*,蘇鐵,*,*
蘇合香,0,0,0,N,plants,*,*,*,*,蘇合香,*,*
素心蘭,0,0,0,N,plants,*,*,*,*,素心蘭,*,*
素馨,0,0,0,N,plants,*,*,*,*,素馨,*,*
縮砂蔤,0,0,0,N,plants,*,*,*,*,縮砂蔤,*,*
粟,0,0,0,N,plants,*,*,*,*,粟,*,*
粟米草,0,0,0,N,plants,*,*,*,*,粟米草,*,*
娑羅樹,0,0,0,N,plants,*,*,*,*,娑羅樹,*,*
桫欏,0,0,0,N,plants,*,*,*,*,桫欏,*,*
莎草,0,0,0,N,plants,*,*,*,*,莎草,*,*
梭梭,0,0,0,N,plants,*,*,*,*,梭梭,*,*
嗩吶草,0,0,0,N,plants,*,*,*,*,嗩吶草,*,*
鎖陽,0,0,0,N,plants,*,*,*,*,鎖陽,*,*
檖,0,0,0,N,plants,*,*,*,*,檖,*,*
酸模,0,0,0,N,plants,*,*,*,*,酸模,*,*
酸藤,0,0,0,N,plants,*,*,*,*,酸藤,*,*
酸漿,0,0,0,N,plants,*,*,*,*,酸漿,*,*
酸棗,0,0,0,N,plants,*,*,*,*,酸棗,*,*
蒜,0,0,0,N,plants,*,*,*,*,蒜,*,*
松露,0,0,0,N,plants,*,*,*,*,松露,*,*
松蘿,0,0,0,N,plants,*,*,*,*,松蘿,*,*
松蕈,0,0,0,N,plants,*,*,*,*,松蕈,*,*
松葉牡丹,0,0,0,N,plants,*,*,*,*,松葉牡丹,*,*
松葉蕨,0,0,0,N,plants,*,*,*,*,松葉蕨,*,*
菘,0,0,0,N,plants,*,*,*,*,菘,*,*
菘菜,0,0,0,N,plants,*,*,*,*,菘菜,*,*
阿勃勒,0,0,0,N,plants,*,*,*,*,阿勃勒,*,*
阿拉伯膠樹,0,0,0,N,plants,*,*,*,*,阿拉伯膠樹,*,*
阿仙藥,0,0,0,N,plants,*,*,*,*,阿仙藥,*,*
阿月渾子,0,0,0,N,plants,*,*,*,*,阿月渾子,*,*
阿魏,0,0,0,N,plants,*,*,*,*,阿魏,*,*
莪,0,0,0,N,plants,*,*,*,*,莪,*,*
莪蒿,0,0,0,N,plants,*,*,*,*,莪蒿,*,*
鵝梨,0,0,0,N,plants,*,*,*,*,鵝梨,*,*
鵝觀草,0,0,0,N,plants,*,*,*,*,鵝觀草,*,*
鵝掌草,0,0,0,N,plants,*,*,*,*,鵝掌草,*,*
艾納香,0,0,0,N,plants,*,*,*,*,艾納香,*,*
艾草,0,0,0,N,plants,*,*,*,*,艾草,*,*
愛玉,0,0,0,N,plants,*,*,*,*,愛玉,*,*
歐李,0,0,0,N,plants,*,*,*,*,歐李,*,*
蓲,0,0,0,N,plants,*,*,*,*,蓲,*,*
安息香樹,0,0,0,N,plants,*,*,*,*,安息香樹,*,*
桉,0,0,0,N,plants,*,*,*,*,桉,*,*
兒茶,0,0,0,N,plants,*,*,*,*,兒茶,*,*
樲,0,0,0,N,plants,*,*,*,*,樲,*,*
一串紅,0,0,0,N,plants,*,*,*,*,一串紅,*,*
一葉蘭,0,0,0,N,plants,*,*,*,*,一葉蘭,*,*
椅,0,0,0,N,plants,*,*,*,*,椅,*,*
薏仁,0,0,0,N,plants,*,*,*,*,薏仁,*,*
薏苡,0,0,0,N,plants,*,*,*,*,薏苡,*,*
鴉膽子,0,0,0,N,plants,*,*,*,*,鴉膽子,*,*
鴨跖草,0,0,0,N,plants,*,*,*,*,鴨跖草,*,*
鴨舌草,0,0,0,N,plants,*,*,*,*,鴨舌草,*,*
鴨兒芹,0,0,0,N,plants,*,*,*,*,鴨兒芹,*,*
亞麻,0,0,0,N,plants,*,*,*,*,亞麻,*,*
椰子,0,0,0,N,plants,*,*,*,*,椰子,*,*
野百合,0,0,0,N,plants,*,*,*,*,野百合,*,*
野毛扁豆,0,0,0,N,plants,*,*,*,*,野毛扁豆,*,*
野牡丹,0,0,0,N,plants,*,*,*,*,野牡丹,*,*
野菰,0,0,0,N,plants,*,*,*,*,野菰,*,*
野薑花,0,0,0,N,plants,*,*,*,*,野薑花,*,*
野菊,0,0,0,N,plants,*,*,*,*,野菊,*,*
野決明,0,0,0,N,plants,*,*,*,*,野決明,*,*
野薔薇,0,0,0,N,plants,*,*,*,*,野薔薇,*,*
野莧菜,0,0,0,N,plants,*,*,*,*,野莧菜,*,*
野芝麻,0,0,0,N,plants,*,*,*,*,野芝麻,*,*
野茨菰,0,0,0,N,plants,*,*,*,*,野茨菰,*,*
野豌豆,0,0,0,N,plants,*,*,*,*,野豌豆,*,*
野芋,0,0,0,N,plants,*,*,*,*,野芋,*,*
夜來香,0,0,0,N,plants,*,*,*,*,夜來香,*,*
夜合花,0,0,0,N,plants,*,*,*,*,夜合花,*,*
射干,0,0,0,N,plants,*,*,*,*,射干,*,*
葉甜菜,0,0,0,N,plants,*,*,*,*,葉甜菜,*,*
葉下珠,0,0,0,N,plants,*,*,*,*,葉下珠,*,*
葽,0,0,0,N,plants,*,*,*,*,葽,*,*
腰果,0,0,0,N,plants,*,*,*,*,腰果,*,*
搖車,0,0,0,N,plants,*,*,*,*,搖車,*,*
咬人狗,0,0,0,N,plants,*,*,*,*,咬人狗,*,*
優曇華,0,0,0,N,plants,*,*,*,*,優曇華,*,*
由跋,0,0,0,N,plants,*,*,*,*,由跋,*,*
油點草,0,0,0,N,plants,*,*,*,*,油點草,*,*
油桐,0,0,0,N,plants,*,*,*,*,油桐,*,*
油柑,0,0,0,N,plants,*,*,*,*,油柑,*,*
油加利,0,0,0,N,plants,*,*,*,*,油加利,*,*
油茶,0,0,0,N,plants,*,*,*,*,油茶,*,*
油柿,0,0,0,N,plants,*,*,*,*,油柿,*,*
油杉,0,0,0,N,plants,*,*,*,*,油杉,*,*
油棕,0,0,0,N,plants,*,*,*,*,油棕,*,*
油菜,0,0,0,N,plants,*,*,*,*,油菜,*,*
油松,0,0,0,N,plants,*,*,*,*,油松,*,*
蚰蜒草,0,0,0,N,plants,*,*,*,*,蚰蜒草,*,*
游龍,0,0,0,N,plants,*,*,*,*,游龍,*,*
楢,0,0,0,N,plants,*,*,*,*,楢,*,*
蕕,0,0,0,N,plants,*,*,*,*,蕕,*,*
柚,0,0,0,N,plants,*,*,*,*,柚,*,*
柚木,0,0,0,N,plants,*,*,*,*,柚木,*,*
菸,0,0,0,N,plants,*,*,*,*,菸,*,*
菸草,0,0,0,N,plants,*,*,*,*,菸草,*,*
沿階草,0,0,0,N,plants,*,*,*,*,沿階草,*,*
延命菊,0,0,0,N,plants,*,*,*,*,延命菊,*,*
偃松,0,0,0,N,plants,*,*,*,*,偃松,*,*
眼蟲,0,0,0,N,plants,*,*,*,*,眼蟲,*,*
眼子菜,0,0,0,N,plants,*,*,*,*,眼子菜,*,*
𣝓,0,0,0,N,plants,*,*,*,*,𣝓,*,*
雁皮,0,0,0,N,plants,*,*,*,*,雁皮,*,*
雁來紅,0,0,0,N,plants,*,*,*,*,雁來紅,*,*
燕麥,0,0,0,N,plants,*,*,*,*,燕麥,*,*
茵陳,0,0,0,N,plants,*,*,*,*,茵陳,*,*
茵芋,0,0,0,N,plants,*,*,*,*,茵芋,*,*
銀白楊,0,0,0,N,plants,*,*,*,*,銀白楊,*,*
銀苗,0,0,0,N,plants,*,*,*,*,銀苗,*,*
銀線草,0,0,0,N,plants,*,*,*,*,銀線草,*,*
銀杏,0,0,0,N,plants,*,*,*,*,銀杏,*,*
淫羊藿,0,0,0,N,plants,*,*,*,*,淫羊藿,*,*
印度大麻草,0,0,0,N,plants,*,*,*,*,印度大麻草,*,*
印度黃檀,0,0,0,N,plants,*,*,*,*,印度黃檀,*,*
印度橡膠樹,0,0,0,N,plants,*,*,*,*,印度橡膠樹,*,*
羊帶來,0,0,0,N,plants,*,*,*,*,羊帶來,*,*
羊蹄,0,0,0,N,plants,*,*,*,*,羊蹄,*,*
羊蹄甲,0,0,0,N,plants,*,*,*,*,羊蹄甲,*,*
羊栖菜,0,0,0,N,plants,*,*,*,*,羊栖菜,*,*
羊躑躅,0,0,0,N,plants,*,*,*,*,羊躑躅,*,*
羊齒,0,0,0,N,plants,*,*,*,*,羊齒,*,*
羊乳,0,0,0,N,plants,*,*,*,*,羊乳,*,*
洋麻,0,0,0,N,plants,*,*,*,*,洋麻,*,*
洋橄欖,0,0,0,N,plants,*,*,*,*,洋橄欖,*,*
洋菇,0,0,0,N,plants,*,*,*,*,洋菇,*,*
洋繡球,0,0,0,N,plants,*,*,*,*,洋繡球,*,*
洋商陸,0,0,0,N,plants,*,*,*,*,洋商陸,*,*
洋蔥,0,0,0,N,plants,*,*,*,*,洋蔥,*,*
洋玉蘭,0,0,0,N,plants,*,*,*,*,洋玉蘭,*,*
楊梅,0,0,0,N,plants,*,*,*,*,楊梅,*,*
楊桃,0,0,0,N,plants,*,*,*,*,楊桃,*,*
罌子桐,0,0,0,N,plants,*,*,*,*,罌子桐,*,*
罌粟,0,0,0,N,plants,*,*,*,*,罌粟,*,*
瓔珞木,0,0,0,N,plants,*,*,*,*,瓔珞木,*,*
櫻,0,0,0,N,plants,*,*,*,*,櫻,*,*
櫻桃,0,0,0,N,plants,*,*,*,*,櫻桃,*,*
櫻花,0,0,0,N,plants,*,*,*,*,櫻花,*,*
櫻草,0,0,0,N,plants,*,*,*,*,櫻草,*,*
蘡薁,0,0,0,N,plants,*,*,*,*,蘡薁,*,*
迎春花,0,0,0,N,plants,*,*,*,*,迎春花,*,*
烏麥,0,0,0,N,plants,*,*,*,*,烏麥,*,*
烏毛蕨,0,0,0,N,plants,*,*,*,*,烏毛蕨,*,*
烏木,0,0,0,N,plants,*,*,*,*,烏木,*,*
烏頭,0,0,0,N,plants,*,*,*,*,烏頭,*,*
烏拉草,0,0,0,N,plants,*,*,*,*,烏拉草,*,*
烏臼,0,0,0,N,plants,*,*,*,*,烏臼,*,*
烏心石,0,0,0,N,plants,*,*,*,*,烏心石,*,*
烏竹,0,0,0,N,plants,*,*,*,*,烏竹,*,*
烏藥,0,0,0,N,plants,*,*,*,*,烏藥,*,*
梧桐,0,0,0,N,plants,*,*,*,*,梧桐,*,*
莁,0,0,0,N,plants,*,*,*,*,莁,*,*
吳茱萸,0,0,0,N,plants,*,*,*,*,吳茱萸,*,*
蜈蚣珊瑚,0,0,0,N,plants,*,*,*,*,蜈蚣珊瑚,*,*
蜈蚣草,0,0,0,N,plants,*,*,*,*,蜈蚣草,*,*
無花果,0,0,0,N,plants,*,*,*,*,無花果,*,*
無患子,0,0,0,N,plants,*,*,*,*,無患子,*,*
蕪菁,0,0,0,N,plants,*,*,*,*,蕪菁,*,*
五加,0,0,0,N,plants,*,*,*,*,五加,*,*
五味子,0,0,0,N,plants,*,*,*,*,五味子,*,*
勿忘草,0,0,0,N,plants,*,*,*,*,勿忘草,*,*
瓦松,0,0,0,N,plants,*,*,*,*,瓦松,*,*
萵苣,0,0,0,N,plants,*,*,*,*,萵苣,*,*
渥丹,0,0,0,N,plants,*,*,*,*,渥丹,*,*
薇,0,0,0,N,plants,*,*,*,*,薇,*,*
萎蕤,0,0,0,N,plants,*,*,*,*,萎蕤,*,*
蔚,0,0,0,N,plants,*,*,*,*,蔚,*,*
衛矛,0,0,0,N,plants,*,*,*,*,衛矛,*,*
豌豆,0,0,0,N,plants,*,*,*,*,豌豆,*,*
芄蘭,0,0,0,N,plants,*,*,*,*,芄蘭,*,*
菀,0,0,0,N,plants,*,*,*,*,菀,*,*
晚香玉,0,0,0,N,plants,*,*,*,*,晚香玉,*,*
萬年青,0,0,0,N,plants,*,*,*,*,萬年青,*,*
萬壽菊,0,0,0,N,plants,*,*,*,*,萬壽菊,*,*
文旦,0,0,0,N,plants,*,*,*,*,文旦,*,*
文官果,0,0,0,N,plants,*,*,*,*,文官果,*,*
文珠蘭,0,0,0,N,plants,*,*,*,*,文珠蘭,*,*
文竹,0,0,0,N,plants,*,*,*,*,文竹,*,*
問荊,0,0,0,N,plants,*,*,*,*,問荊,*,*
王蓮,0,0,0,N,plants,*,*,*,*,王蓮,*,*
王瓜,0,0,0,N,plants,*,*,*,*,王瓜,*,*
王孫,0,0,0,N,plants,*,*,*,*,王孫,*,*
網水綿,0,0,0,N,plants,*,*,*,*,網水綿,*,*
網傘菌,0,0,0,N,plants,*,*,*,*,網傘菌,*,*
榆,0,0,0,N,plants,*,*,*,*,榆,*,*
榆樹,0,0,0,N,plants,*,*,*,*,榆樹,*,*
榆葉梅,0,0,0,N,plants,*,*,*,*,榆葉梅,*,*
魚木,0,0,0,N,plants,*,*,*,*,魚木,*,*
魚藤,0,0,0,N,plants,*,*,*,*,魚藤,*,*
魚鱗松,0,0,0,N,plants,*,*,*,*,魚鱗松,*,*
羽扇豆,0,0,0,N,plants,*,*,*,*,羽扇豆,*,*
禹餘糧,0,0,0,N,plants,*,*,*,*,禹餘糧,*,*
玉柏,0,0,0,N,plants,*,*,*,*,玉柏,*,*
玉蘭,0,0,0,N,plants,*,*,*,*,玉蘭,*,*
玉簾,0,0,0,N,plants,*,*,*,*,玉簾,*,*
玉蟬花,0,0,0,N,plants,*,*,*,*,玉蟬花,*,*
玉蜀黍,0,0,0,N,plants,*,*,*,*,玉蜀黍,*,*
玉蕊,0,0,0,N,plants,*,*,*,*,玉蕊,*,*
玉簪,0,0,0,N,plants,*,*,*,*,玉簪,*,*
玉葉金花,0,0,0,N,plants,*,*,*,*,玉葉金花,*,*
芋,0,0,0,N,plants,*,*,*,*,芋,*,*
郁李,0,0,0,N,plants,*,*,*,*,郁李,*,*
棫,0,0,0,N,plants,*,*,*,*,棫,*,*
薁,0,0,0,N,plants,*,*,*,*,薁,*,*
鬱金,0,0,0,N,plants,*,*,*,*,鬱金,*,*
鬱金香,0,0,0,N,plants,*,*,*,*,鬱金香,*,*
月桃,0,0,0,N,plants,*,*,*,*,月桃,*,*
月桂,0,0,0,N,plants,*,*,*,*,月桂,*,*
月桂樹,0,0,0,N,plants,*,*,*,*,月桂樹,*,*
月光花,0,0,0,N,plants,*,*,*,*,月光花,*,*
月季,0,0,0,N,plants,*,*,*,*,月季,*,*
越瓜,0,0,0,N,plants,*,*,*,*,越瓜,*,*
越橘,0,0,0,N,plants,*,*,*,*,越橘,*,*
鳶尾,0,0,0,N,plants,*,*,*,*,鳶尾,*,*
杬,0,0,0,N,plants,*,*,*,*,杬,*,*
芫花,0,0,0,N,plants,*,*,*,*,芫花,*,*
櫞,0,0,0,N,plants,*,*,*,*,櫞,*,*
遠志,0,0,0,N,plants,*,*,*,*,遠志,*,*
蒕,0,0,0,N,plants,*,*,*,*,蒕,*,*
芸香,0,0,0,N,plants,*,*,*,*,芸香,*,*
雲南黃馨,0,0,0,N,plants,*,*,*,*,雲南黃馨,*,*
雲芝,0,0,0,N,plants,*,*,*,*,雲芝,*,*
雲實,0,0,0,N,plants,*,*,*,*,雲實,*,*
雲杉,0,0,0,N,plants,*,*,*,*,雲杉,*,*
蕹,0,0,0,N,plants,*,*,*,*,蕹,*,*
蕹菜,0,0,0,N,plants,*,*,*,*,蕹菜,*,*
