八思巴,0,0,0,N,peoplename,*,*,*,*,八思巴,*,*
巴波亞,0,0,0,N,peoplename,*,*,*,*,巴波亞,*,*
巴貝基,0,0,0,N,peoplename,*,*,*,*,巴貝基,*,*
巴米加尼諾,0,0,0,N,peoplename,*,*,*,*,巴米加尼諾,*,*
巴夫洛夫,0,0,0,N,peoplename,*,*,*,*,巴夫洛夫,*,*
巴多尼,0,0,0,N,peoplename,*,*,*,*,巴多尼,*,*
巴頓,0,0,0,N,peoplename,*,*,*,*,巴頓,*,*
巴勒特,0,0,0,N,peoplename,*,*,*,*,巴勒特,*,*
巴勒維,0,0,0,N,peoplename,*,*,*,*,巴勒維,*,*
巴雷利,0,0,0,N,peoplename,*,*,*,*,巴雷利,*,*
巴蕾,0,0,0,N,peoplename,*,*,*,*,巴蕾,*,*
巴里斯,0,0,0,N,peoplename,*,*,*,*,巴里斯,*,*
巴利,0,0,0,N,peoplename,*,*,*,*,巴利,*,*
巴哈,0,0,0,N,peoplename,*,*,*,*,巴哈,*,*
巴赫,0,0,0,N,peoplename,*,*,*,*,巴赫,*,*
巴金,0,0,0,N,peoplename,*,*,*,*,巴金,*,*
巴夏禮,0,0,0,N,peoplename,*,*,*,*,巴夏禮,*,*
巴山,0,0,0,N,peoplename,*,*,*,*,巴山,*,*
巴斯德,0,0,0,N,peoplename,*,*,*,*,巴斯德,*,*
巴斯特納克,0,0,0,N,peoplename,*,*,*,*,巴斯特納克,*,*
巴斯噶,0,0,0,N,peoplename,*,*,*,*,巴斯噶,*,*
巴斯卡,0,0,0,N,peoplename,*,*,*,*,巴斯卡,*,*
巴爾定,0,0,0,N,peoplename,*,*,*,*,巴爾定,*,*
巴爾陶克,0,0,0,N,peoplename,*,*,*,*,巴爾陶克,*,*
巴爾札克,0,0,0,N,peoplename,*,*,*,*,巴爾札克,*,*
芭蒂,0,0,0,N,peoplename,*,*,*,*,芭蒂,*,*
拔都,0,0,0,N,peoplename,*,*,*,*,拔都,*,*
拔爾波亞,0,0,0,N,peoplename,*,*,*,*,拔爾波亞,*,*
波特,0,0,0,N,peoplename,*,*,*,*,波特,*,*
波特萊爾,0,0,0,N,peoplename,*,*,*,*,波特萊爾,*,*
波提且利,0,0,0,N,peoplename,*,*,*,*,波提且利,*,*
波洛克,0,0,0,N,peoplename,*,*,*,*,波洛克,*,*
波希,0,0,0,N,peoplename,*,*,*,*,波希,*,*
波子曼,0,0,0,N,peoplename,*,*,*,*,波子曼,*,*
波耳,0,0,0,N,peoplename,*,*,*,*,波耳,*,*
波爾,0,0,0,N,peoplename,*,*,*,*,波爾,*,*
波以耳,0,0,0,N,peoplename,*,*,*,*,波以耳,*,*
伯嚭,0,0,0,N,peoplename,*,*,*,*,伯嚭,*,*
伯封,0,0,0,N,peoplename,*,*,*,*,伯封,*,*
伯服,0,0,0,N,peoplename,*,*,*,*,伯服,*,*
伯多祿,0,0,0,N,peoplename,*,*,*,*,伯多祿,*,*
伯納,0,0,0,N,peoplename,*,*,*,*,伯納,*,*
伯樂,0,0,0,N,peoplename,*,*,*,*,伯樂,*,*
伯雷,0,0,0,N,peoplename,*,*,*,*,伯雷,*,*
伯蘭,0,0,0,N,peoplename,*,*,*,*,伯蘭,*,*
伯林頓,0,0,0,N,peoplename,*,*,*,*,伯林頓,*,*
伯陵,0,0,0,N,peoplename,*,*,*,*,伯陵,*,*
伯羅,0,0,0,N,peoplename,*,*,*,*,伯羅,*,*
伯克,0,0,0,N,peoplename,*,*,*,*,伯克,*,*
伯姬,0,0,0,N,peoplename,*,*,*,*,伯姬,*,*
伯希和,0,0,0,N,peoplename,*,*,*,*,伯希和,*,*
伯恩斯坦,0,0,0,N,peoplename,*,*,*,*,伯恩斯坦,*,*
伯夷,0,0,0,N,peoplename,*,*,*,*,伯夷,*,*
伯益,0,0,0,N,peoplename,*,*,*,*,伯益,*,*
伯牙,0,0,0,N,peoplename,*,*,*,*,伯牙,*,*
伯陽,0,0,0,N,peoplename,*,*,*,*,伯陽,*,*
伯余,0,0,0,N,peoplename,*,*,*,*,伯余,*,*
柏頓,0,0,0,N,peoplename,*,*,*,*,柏頓,*,*
柏拉圖,0,0,0,N,peoplename,*,*,*,*,柏拉圖,*,*
柏格曼,0,0,0,N,peoplename,*,*,*,*,柏格曼,*,*
柏格森,0,0,0,N,peoplename,*,*,*,*,柏格森,*,*
柏卡里,0,0,0,N,peoplename,*,*,*,*,柏卡里,*,*
柏克,0,0,0,N,peoplename,*,*,*,*,柏克,*,*
柏克萊,0,0,0,N,peoplename,*,*,*,*,柏克萊,*,*
柏吉烏斯,0,0,0,N,peoplename,*,*,*,*,柏吉烏斯,*,*
柏濟力阿斯,0,0,0,N,peoplename,*,*,*,*,柏濟力阿斯,*,*
柏金,0,0,0,N,peoplename,*,*,*,*,柏金,*,*
柏京其,0,0,0,N,peoplename,*,*,*,*,柏京其,*,*
柏塞麥,0,0,0,N,peoplename,*,*,*,*,柏塞麥,*,*
柏翳,0,0,0,N,peoplename,*,*,*,*,柏翳,*,*
柏文蔚,0,0,0,N,peoplename,*,*,*,*,柏文蔚,*,*
勃姆,0,0,0,N,peoplename,*,*,*,*,勃姆,*,*
勃拿爾,0,0,0,N,peoplename,*,*,*,*,勃拿爾,*,*
勃朗特,0,0,0,N,peoplename,*,*,*,*,勃朗特,*,*
勃朗寧,0,0,0,N,peoplename,*,*,*,*,勃朗寧,*,*
勃魯格爾,0,0,0,N,peoplename,*,*,*,*,勃魯格爾,*,*
勃洛大哥拉,0,0,0,N,peoplename,*,*,*,*,勃洛大哥拉,*,*
薄伽尼,0,0,0,N,peoplename,*,*,*,*,薄伽尼,*,*
薄伽丘,0,0,0,N,peoplename,*,*,*,*,薄伽丘,*,*
薄紹之,0,0,0,N,peoplename,*,*,*,*,薄紹之,*,*
白壁特,0,0,0,N,peoplename,*,*,*,*,白壁特,*,*
白樸,0,0,0,N,peoplename,*,*,*,*,白樸,*,*
白樂天,0,0,0,N,peoplename,*,*,*,*,白樂天,*,*
白蘭士,0,0,0,N,peoplename,*,*,*,*,白蘭士,*,*
白朗,0,0,0,N,peoplename,*,*,*,*,白朗,*,*
白朗寧,0,0,0,N,peoplename,*,*,*,*,白朗寧,*,*
白里安,0,0,0,N,peoplename,*,*,*,*,白里安,*,*
白利尼,0,0,0,N,peoplename,*,*,*,*,白利尼,*,*
白遼士,0,0,0,N,peoplename,*,*,*,*,白遼士,*,*
白令,0,0,0,N,peoplename,*,*,*,*,白令,*,*
白圭,0,0,0,N,peoplename,*,*,*,*,白圭,*,*
白居易,0,0,0,N,peoplename,*,*,*,*,白居易,*,*
白起,0,0,0,N,peoplename,*,*,*,*,白起,*,*
白行簡,0,0,0,N,peoplename,*,*,*,*,白行簡,*,*
白玉霜,0,0,0,N,peoplename,*,*,*,*,白玉霜,*,*
百里傒,0,0,0,N,peoplename,*,*,*,*,百里傒,*,*
拜倫,0,0,0,N,peoplename,*,*,*,*,拜倫,*,*
拜爾德,0,0,0,N,peoplename,*,*,*,*,拜爾德,*,*
北宮黝,0,0,0,N,peoplename,*,*,*,*,北宮黝,*,*
貝比魯斯,0,0,0,N,peoplename,*,*,*,*,貝比魯斯,*,*
貝當,0,0,0,N,peoplename,*,*,*,*,貝當,*,*
貝登堡,0,0,0,N,peoplename,*,*,*,*,貝登堡,*,*
貝多芬,0,0,0,N,peoplename,*,*,*,*,貝多芬,*,*
貝特,0,0,0,N,peoplename,*,*,*,*,貝特,*,*
貝納,0,0,0,N,peoplename,*,*,*,*,貝納,*,*
貝拉圖,0,0,0,N,peoplename,*,*,*,*,貝拉圖,*,*
貝婁,0,0,0,N,peoplename,*,*,*,*,貝婁,*,*
貝朗瑞,0,0,0,N,peoplename,*,*,*,*,貝朗瑞,*,*
貝理克,0,0,0,N,peoplename,*,*,*,*,貝理克,*,*
貝克勒,0,0,0,N,peoplename,*,*,*,*,貝克勒,*,*
貝開特,0,0,0,N,peoplename,*,*,*,*,貝開特,*,*
貝爾,0,0,0,N,peoplename,*,*,*,*,貝爾,*,*
貝爾尼尼,0,0,0,N,peoplename,*,*,*,*,貝爾尼尼,*,*
貝爾格,0,0,0,N,peoplename,*,*,*,*,貝爾格,*,*
貝爾茲列,0,0,0,N,peoplename,*,*,*,*,貝爾茲列,*,*
貝義淵,0,0,0,N,peoplename,*,*,*,*,貝義淵,*,*
包姆,0,0,0,N,peoplename,*,*,*,*,包姆,*,*
包姆加登,0,0,0,N,peoplename,*,*,*,*,包姆加登,*,*
包利克萊荳斯,0,0,0,N,peoplename,*,*,*,*,包利克萊荳斯,*,*
包焦尼,0,0,0,N,peoplename,*,*,*,*,包焦尼,*,*
包拯,0,0,0,N,peoplename,*,*,*,*,包拯,*,*
包世臣,0,0,0,N,peoplename,*,*,*,*,包世臣,*,*
包融,0,0,0,N,peoplename,*,*,*,*,包融,*,*
包遵彭,0,0,0,N,peoplename,*,*,*,*,包遵彭,*,*
包爾德樂,0,0,0,N,peoplename,*,*,*,*,包爾德樂,*,*
褒姒,0,0,0,N,peoplename,*,*,*,*,褒姒,*,*
保祿六世,0,0,0,N,peoplename,*,*,*,*,保祿六世,*,*
保羅,0,0,0,N,peoplename,*,*,*,*,保羅,*,*
鮑廷博,0,0,0,N,peoplename,*,*,*,*,鮑廷博,*,*
鮑令暉,0,0,0,N,peoplename,*,*,*,*,鮑令暉,*,*
鮑羅定,0,0,0,N,peoplename,*,*,*,*,鮑羅定,*,*
鮑凱利尼,0,0,0,N,peoplename,*,*,*,*,鮑凱利尼,*,*
鮑焦,0,0,0,N,peoplename,*,*,*,*,鮑焦,*,*
鮑照,0,0,0,N,peoplename,*,*,*,*,鮑照,*,*
鮑超,0,0,0,N,peoplename,*,*,*,*,鮑超,*,*
鮑叔牙,0,0,0,N,peoplename,*,*,*,*,鮑叔牙,*,*
鮑斯威爾,0,0,0,N,peoplename,*,*,*,*,鮑斯威爾,*,*
班彪,0,0,0,N,peoplename,*,*,*,*,班彪,*,*
班庭,0,0,0,N,peoplename,*,*,*,*,班庭,*,*
班固,0,0,0,N,peoplename,*,*,*,*,班固,*,*
班婕妤,0,0,0,N,peoplename,*,*,*,*,班婕妤,*,*
班強森,0,0,0,N,peoplename,*,*,*,*,班強森,*,*
班昭,0,0,0,N,peoplename,*,*,*,*,班昭,*,*
班超,0,0,0,N,peoplename,*,*,*,*,班超,*,*
班揚,0,0,0,N,peoplename,*,*,*,*,班揚,*,*
班勇,0,0,0,N,peoplename,*,*,*,*,班勇,*,*
般,0,0,0,N,peoplename,*,*,*,*,般,*,*
本生,0,0,0,N,peoplename,*,*,*,*,本生,*,*
比干,0,0,0,N,peoplename,*,*,*,*,比干,*,*
比金,0,0,0,N,peoplename,*,*,*,*,比金,*,*
比才,0,0,0,N,peoplename,*,*,*,*,比才,*,*
彼得,0,0,0,N,peoplename,*,*,*,*,彼得,*,*
佛肸,0,0,0,N,peoplename,*,*,*,*,佛肸,*,*
俾斯麥,0,0,0,N,peoplename,*,*,*,*,俾斯麥,*,*
畢卡索,0,0,0,N,peoplename,*,*,*,*,畢卡索,*,*
畢夏普,0,0,0,N,peoplename,*,*,*,*,畢夏普,*,*
畢昇,0,0,0,N,peoplename,*,*,*,*,畢昇,*,*
邊鸞,0,0,0,N,peoplename,*,*,*,*,邊鸞,*,*
卞和,0,0,0,N,peoplename,*,*,*,*,卞和,*,*
卞莊,0,0,0,N,peoplename,*,*,*,*,卞莊,*,*
卞莊子,0,0,0,N,peoplename,*,*,*,*,卞莊子,*,*
卞嚴子,0,0,0,N,peoplename,*,*,*,*,卞嚴子,*,*
卜舫濟,0,0,0,N,peoplename,*,*,*,*,卜舫濟,*,*
卜式,0,0,0,N,peoplename,*,*,*,*,卜式,*,*
卜商,0,0,0,N,peoplename,*,*,*,*,卜商,*,*
布馬雪,0,0,0,N,peoplename,*,*,*,*,布馬雪,*,*
布德爾,0,0,0,N,peoplename,*,*,*,*,布德爾,*,*
布丹,0,0,0,N,peoplename,*,*,*,*,布丹,*,*
布寧,0,0,0,N,peoplename,*,*,*,*,布寧,*,*
布拉曼德,0,0,0,N,peoplename,*,*,*,*,布拉曼德,*,*
布拉姆斯,0,0,0,N,peoplename,*,*,*,*,布拉姆斯,*,*
布拉克,0,0,0,N,peoplename,*,*,*,*,布拉克,*,*
布來德史崔,0,0,0,N,peoplename,*,*,*,*,布來德史崔,*,*
布萊特,0,0,0,N,peoplename,*,*,*,*,布萊特,*,*
布萊恩特,0,0,0,N,peoplename,*,*,*,*,布萊恩特,*,*
布雷克,0,0,0,N,peoplename,*,*,*,*,布雷克,*,*
布雷克磨,0,0,0,N,peoplename,*,*,*,*,布雷克磨,*,*
布累爾,0,0,0,N,peoplename,*,*,*,*,布累爾,*,*
布勞恩,0,0,0,N,peoplename,*,*,*,*,布勞恩,*,*
布蘭枯秀,0,0,0,N,peoplename,*,*,*,*,布蘭枯秀,*,*
布朗寧,0,0,0,N,peoplename,*,*,*,*,布朗寧,*,*
布列茲涅夫,0,0,0,N,peoplename,*,*,*,*,布列茲涅夫,*,*
布魯姆費爾德,0,0,0,N,peoplename,*,*,*,*,布魯姆費爾德,*,*
布魯奈勒斯基,0,0,0,N,peoplename,*,*,*,*,布魯奈勒斯基,*,*
布魯勒,0,0,0,N,peoplename,*,*,*,*,布魯勒,*,*
布魯克納,0,0,0,N,peoplename,*,*,*,*,布魯克納,*,*
布魯克斯,0,0,0,N,peoplename,*,*,*,*,布魯克斯,*,*
布洛克,0,0,0,N,peoplename,*,*,*,*,布洛克,*,*
布倫森,0,0,0,N,peoplename,*,*,*,*,布倫森,*,*
布雪,0,0,0,N,peoplename,*,*,*,*,布雪,*,*
布瑞頓,0,0,0,N,peoplename,*,*,*,*,布瑞頓,*,*
布慈,0,0,0,N,peoplename,*,*,*,*,布慈,*,*
布爾,0,0,0,N,peoplename,*,*,*,*,布爾,*,*
帕巴拉,0,0,0,N,peoplename,*,*,*,*,帕巴拉,*,*
帕格尼尼,0,0,0,N,peoplename,*,*,*,*,帕格尼尼,*,*
帕息吉,0,0,0,N,peoplename,*,*,*,*,帕息吉,*,*
派克斯頓,0,0,0,N,peoplename,*,*,*,*,派克斯頓,*,*
派深思,0,0,0,N,peoplename,*,*,*,*,派深思,*,*
培特曼赫魯威克,0,0,0,N,peoplename,*,*,*,*,培特曼赫魯威克,*,*
培里克里斯,0,0,0,N,peoplename,*,*,*,*,培里克里斯,*,*
培根,0,0,0,N,peoplename,*,*,*,*,培根,*,*
培芮圖,0,0,0,N,peoplename,*,*,*,*,培芮圖,*,*
培恩,0,0,0,N,peoplename,*,*,*,*,培恩,*,*
培因,0,0,0,N,peoplename,*,*,*,*,培因,*,*
裴夫斯奈爾,0,0,0,N,peoplename,*,*,*,*,裴夫斯奈爾,*,*
裴迪,0,0,0,N,peoplename,*,*,*,*,裴迪,*,*
裴度,0,0,0,N,peoplename,*,*,*,*,裴度,*,*
裴特,0,0,0,N,peoplename,*,*,*,*,裴特,*,*
裴萊吉伍斯二世,0,0,0,N,peoplename,*,*,*,*,裴萊吉伍斯二世,*,*
裴萊吉伍斯一世,0,0,0,N,peoplename,*,*,*,*,裴萊吉伍斯一世,*,*
裴倫,0,0,0,N,peoplename,*,*,*,*,裴倫,*,*
裴高累西,0,0,0,N,peoplename,*,*,*,*,裴高累西,*,*
裴矩,0,0,0,N,peoplename,*,*,*,*,裴矩,*,*
裴秀,0,0,0,N,peoplename,*,*,*,*,裴秀,*,*
裴行儉,0,0,0,N,peoplename,*,*,*,*,裴行儉,*,*
裴松之,0,0,0,N,peoplename,*,*,*,*,裴松之,*,*
裴駰,0,0,0,N,peoplename,*,*,*,*,裴駰,*,*
裴頠,0,0,0,N,peoplename,*,*,*,*,裴頠,*,*
佩脫拉克,0,0,0,N,peoplename,*,*,*,*,佩脫拉克,*,*
佩恩,0,0,0,N,peoplename,*,*,*,*,佩恩,*,*
庖立,0,0,0,N,peoplename,*,*,*,*,庖立,*,*
潘美,0,0,0,N,peoplename,*,*,*,*,潘美,*,*
潘達微,0,0,0,N,peoplename,*,*,*,*,潘達微,*,*
潘乃德,0,0,0,N,peoplename,*,*,*,*,潘乃德,*,*
潘尼,0,0,0,N,peoplename,*,*,*,*,潘尼,*,*
潘耒,0,0,0,N,peoplename,*,*,*,*,潘耒,*,*
潘谷,0,0,0,N,peoplename,*,*,*,*,潘谷,*,*
潘公展,0,0,0,N,peoplename,*,*,*,*,潘公展,*,*
潘岳,0,0,0,N,peoplename,*,*,*,*,潘岳,*,*
盤庚,0,0,0,N,peoplename,*,*,*,*,盤庚,*,*
盤成括,0,0,0,N,peoplename,*,*,*,*,盤成括,*,*
盆成括,0,0,0,N,peoplename,*,*,*,*,盆成括,*,*
龐巴瓦克,0,0,0,N,peoplename,*,*,*,*,龐巴瓦克,*,*
龐德,0,0,0,N,peoplename,*,*,*,*,龐德,*,*
龐德比丹,0,0,0,N,peoplename,*,*,*,*,龐德比丹,*,*
龐統,0,0,0,N,peoplename,*,*,*,*,龐統,*,*
龐暖,0,0,0,N,peoplename,*,*,*,*,龐暖,*,*
龐涓,0,0,0,N,peoplename,*,*,*,*,龐涓,*,*
龐安時,0,0,0,N,peoplename,*,*,*,*,龐安時,*,*
彭鵬,0,0,0,N,peoplename,*,*,*,*,彭鵬,*,*
彭蒙,0,0,0,N,peoplename,*,*,*,*,彭蒙,*,*
彭特莫,0,0,0,N,peoplename,*,*,*,*,彭特莫,*,*
彭咸,0,0,0,N,peoplename,*,*,*,*,彭咸,*,*
彭醇士,0,0,0,N,peoplename,*,*,*,*,彭醇士,*,*
彭紹升,0,0,0,N,peoplename,*,*,*,*,彭紹升,*,*
彭孫遹,0,0,0,N,peoplename,*,*,*,*,彭孫遹,*,*
彭玉麟,0,0,0,N,peoplename,*,*,*,*,彭玉麟,*,*
彭越,0,0,0,N,peoplename,*,*,*,*,彭越,*,*
匹特曼,0,0,0,N,peoplename,*,*,*,*,匹特曼,*,*
丕平,0,0,0,N,peoplename,*,*,*,*,丕平,*,*
皮蘭德羅,0,0,0,N,peoplename,*,*,*,*,皮蘭德羅,*,*
皮列,0,0,0,N,peoplename,*,*,*,*,皮列,*,*
皮卡爾,0,0,0,N,peoplename,*,*,*,*,皮卡爾,*,*
皮錫瑞,0,0,0,N,peoplename,*,*,*,*,皮錫瑞,*,*
皮日休,0,0,0,N,peoplename,*,*,*,*,皮日休,*,*
皮爾奈,0,0,0,N,peoplename,*,*,*,*,皮爾奈,*,*
皮以書,0,0,0,N,peoplename,*,*,*,*,皮以書,*,*
平疇,0,0,0,N,peoplename,*,*,*,*,平疇,*,*
蒲松齡,0,0,0,N,peoplename,*,*,*,*,蒲松齡,*,*
菩提流志,0,0,0,N,peoplename,*,*,*,*,菩提流志,*,*
僕固懷恩,0,0,0,N,peoplename,*,*,*,*,僕固懷恩,*,*
浦羅高菲夫,0,0,0,N,peoplename,*,*,*,*,浦羅高菲夫,*,*
溥儒,0,0,0,N,peoplename,*,*,*,*,溥儒,*,*
溥儀,0,0,0,N,peoplename,*,*,*,*,溥儀,*,*
普西尼,0,0,0,N,peoplename,*,*,*,*,普西尼,*,*
普希金,0,0,0,N,peoplename,*,*,*,*,普希金,*,*
普桑,0,0,0,N,peoplename,*,*,*,*,普桑,*,*
馬伯樂,0,0,0,N,peoplename,*,*,*,*,馬伯樂,*,*
馬鳴,0,0,0,N,peoplename,*,*,*,*,馬鳴,*,*
馬蒂斯,0,0,0,N,peoplename,*,*,*,*,馬蒂斯,*,*
馬丁路得,0,0,0,N,peoplename,*,*,*,*,馬丁路得,*,*
馬端臨,0,0,0,N,peoplename,*,*,*,*,馬端臨,*,*
馬東尼,0,0,0,N,peoplename,*,*,*,*,馬東尼,*,*
馬太,0,0,0,N,peoplename,*,*,*,*,馬太,*,*
馬內,0,0,0,N,peoplename,*,*,*,*,馬內,*,*
馬連良,0,0,0,N,peoplename,*,*,*,*,馬連良,*,*
馬良,0,0,0,N,peoplename,*,*,*,*,馬良,*,*
馬可,0,0,0,N,peoplename,*,*,*,*,馬可,*,*
馬可波羅,0,0,0,N,peoplename,*,*,*,*,馬可波羅,*,*
馬克吐溫,0,0,0,N,peoplename,*,*,*,*,馬克吐溫,*,*
馬克斯,0,0,0,N,peoplename,*,*,*,*,馬克斯,*,*
馬赫,0,0,0,N,peoplename,*,*,*,*,馬赫,*,*
馬建忠,0,0,0,N,peoplename,*,*,*,*,馬建忠,*,*
馬歇爾,0,0,0,N,peoplename,*,*,*,*,馬歇爾,*,*
馬致遠,0,0,0,N,peoplename,*,*,*,*,馬致遠,*,*
馬中錫,0,0,0,N,peoplename,*,*,*,*,馬中錫,*,*
馬如飛,0,0,0,N,peoplename,*,*,*,*,馬如飛,*,*
馬融,0,0,0,N,peoplename,*,*,*,*,馬融,*,*
馬斯卡尼,0,0,0,N,peoplename,*,*,*,*,馬斯卡尼,*,*
馬薩卓,0,0,0,N,peoplename,*,*,*,*,馬薩卓,*,*
馬謖,0,0,0,N,peoplename,*,*,*,*,馬謖,*,*
馬援,0,0,0,N,peoplename,*,*,*,*,馬援,*,*
瑪利亞,0,0,0,N,peoplename,*,*,*,*,瑪利亞,*,*
瑪莉都鐸,0,0,0,N,peoplename,*,*,*,*,瑪莉都鐸,*,*
瑪麗蓮夢露,0,0,0,N,peoplename,*,*,*,*,瑪麗蓮夢露,*,*
瑪莎葛蘭姆,0,0,0,N,peoplename,*,*,*,*,瑪莎葛蘭姆,*,*
摩洛,0,0,0,N,peoplename,*,*,*,*,摩洛,*,*
摩訶迦葉,0,0,0,N,peoplename,*,*,*,*,摩訶迦葉,*,*
摩西,0,0,0,N,peoplename,*,*,*,*,摩西,*,*
末喜,0,0,0,N,peoplename,*,*,*,*,末喜,*,*
妺嬉,0,0,0,N,peoplename,*,*,*,*,妺嬉,*,*
莫泊桑,0,0,0,N,peoplename,*,*,*,*,莫泊桑,*,*
莫內,0,0,0,N,peoplename,*,*,*,*,莫內,*,*
莫里哀,0,0,0,N,peoplename,*,*,*,*,莫里哀,*,*
莫里葉,0,0,0,N,peoplename,*,*,*,*,莫里葉,*,*
莫洛尼,0,0,0,N,peoplename,*,*,*,*,莫洛尼,*,*
莫甘,0,0,0,N,peoplename,*,*,*,*,莫甘,*,*
莫札特,0,0,0,N,peoplename,*,*,*,*,莫札特,*,*
莫愁,0,0,0,N,peoplename,*,*,*,*,莫愁,*,*
莫邪,0,0,0,N,peoplename,*,*,*,*,莫邪,*,*
墨翟,0,0,0,N,peoplename,*,*,*,*,墨翟,*,*
墨索里尼,0,0,0,N,peoplename,*,*,*,*,墨索里尼,*,*
麥卡托,0,0,0,N,peoplename,*,*,*,*,麥卡托,*,*
麥克阿瑟,0,0,0,N,peoplename,*,*,*,*,麥克阿瑟,*,*
麥考萊,0,0,0,N,peoplename,*,*,*,*,麥考萊,*,*
麥哲倫,0,0,0,N,peoplename,*,*,*,*,麥哲倫,*,*
枚皋,0,0,0,N,peoplename,*,*,*,*,枚皋,*,*
枚乘,0,0,0,N,peoplename,*,*,*,*,枚乘,*,*
梅蘭芳,0,0,0,N,peoplename,*,*,*,*,梅蘭芳,*,*
梅智,0,0,0,N,peoplename,*,*,*,*,梅智,*,*
梅爾夫人,0,0,0,N,peoplename,*,*,*,*,梅爾夫人,*,*
梅耶,0,0,0,N,peoplename,*,*,*,*,梅耶,*,*
妹喜,0,0,0,N,peoplename,*,*,*,*,妹喜,*,*
毛姆,0,0,0,N,peoplename,*,*,*,*,毛姆,*,*
毛公,0,0,0,N,peoplename,*,*,*,*,毛公,*,*
毛亨,0,0,0,N,peoplename,*,*,*,*,毛亨,*,*
毛玠,0,0,0,N,peoplename,*,*,*,*,毛玠,*,*
毛奇齡,0,0,0,N,peoplename,*,*,*,*,毛奇齡,*,*
毛嬙,0,0,0,N,peoplename,*,*,*,*,毛嬙,*,*
毛萇,0,0,0,N,peoplename,*,*,*,*,毛萇,*,*
毛遂,0,0,0,N,peoplename,*,*,*,*,毛遂,*,*
毛延壽,0,0,0,N,peoplename,*,*,*,*,毛延壽,*,*
蒙臺梭利,0,0,0,N,peoplename,*,*,*,*,蒙臺梭利,*,*
蒙田,0,0,0,N,peoplename,*,*,*,*,蒙田,*,*
蒙恬,0,0,0,N,peoplename,*,*,*,*,蒙恬,*,*
蒙哥,0,0,0,N,peoplename,*,*,*,*,蒙哥,*,*
蒙哥馬利,0,0,0,N,peoplename,*,*,*,*,蒙哥馬利,*,*
孟賁,0,0,0,N,peoplename,*,*,*,*,孟賁,*,*
孟德斯鳩,0,0,0,N,peoplename,*,*,*,*,孟德斯鳩,*,*
孟德爾頌,0,0,0,N,peoplename,*,*,*,*,孟德爾頌,*,*
孟光,0,0,0,N,peoplename,*,*,*,*,孟光,*,*
孟軻,0,0,0,N,peoplename,*,*,*,*,孟軻,*,*
孟浩然,0,0,0,N,peoplename,*,*,*,*,孟浩然,*,*
孟獲,0,0,0,N,peoplename,*,*,*,*,孟獲,*,*
孟郊,0,0,0,N,peoplename,*,*,*,*,孟郊,*,*
孟喜,0,0,0,N,peoplename,*,*,*,*,孟喜,*,*
孟昶,0,0,0,N,peoplename,*,*,*,*,孟昶,*,*
孟宗,0,0,0,N,peoplename,*,*,*,*,孟宗,*,*
孟懿子,0,0,0,N,peoplename,*,*,*,*,孟懿子,*,*
禰衡,0,0,0,N,peoplename,*,*,*,*,禰衡,*,*
米芾,0,0,0,N,peoplename,*,*,*,*,米芾,*,*
米顛,0,0,0,N,peoplename,*,*,*,*,米顛,*,*
米勒,0,0,0,N,peoplename,*,*,*,*,米勒,*,*
米羅,0,0,0,N,peoplename,*,*,*,*,米羅,*,*
米開蘭基羅,0,0,0,N,peoplename,*,*,*,*,米開蘭基羅,*,*
米襄陽,0,0,0,N,peoplename,*,*,*,*,米襄陽,*,*
宓契爾,0,0,0,N,peoplename,*,*,*,*,宓契爾,*,*
密勒日巴,0,0,0,N,peoplename,*,*,*,*,密勒日巴,*,*
密爾頓,0,0,0,N,peoplename,*,*,*,*,密爾頓,*,*
閔子騫,0,0,0,N,peoplename,*,*,*,*,閔子騫,*,*
明義士,0,0,0,N,peoplename,*,*,*,*,明義士,*,*
目連,0,0,0,N,peoplename,*,*,*,*,目連,*,*
目犍連,0,0,0,N,peoplename,*,*,*,*,目犍連,*,*
穆罕默德,0,0,0,N,peoplename,*,*,*,*,穆罕默德,*,*
法布爾,0,0,0,N,peoplename,*,*,*,*,法布爾,*,*
法德利,0,0,0,N,peoplename,*,*,*,*,法德利,*,*
法顯,0,0,0,N,peoplename,*,*,*,*,法顯,*,*
佛帕,0,0,0,N,peoplename,*,*,*,*,佛帕,*,*
佛朗哥,0,0,0,N,peoplename,*,*,*,*,佛朗哥,*,*
佛洛伊德,0,0,0,N,peoplename,*,*,*,*,佛洛伊德,*,*
佛科,0,0,0,N,peoplename,*,*,*,*,佛科,*,*
佛克納,0,0,0,N,peoplename,*,*,*,*,佛克納,*,*
飛廉,0,0,0,N,peoplename,*,*,*,*,飛廉,*,*
費里尼,0,0,0,N,peoplename,*,*,*,*,費里尼,*,*
費瑟,0,0,0,N,peoplename,*,*,*,*,費瑟,*,*
費雯麗,0,0,0,N,peoplename,*,*,*,*,費雯麗,*,*
樊噲,0,0,0,N,peoplename,*,*,*,*,樊噲,*,*
樊遲,0,0,0,N,peoplename,*,*,*,*,樊遲,*,*
樊於期,0,0,0,N,peoplename,*,*,*,*,樊於期,*,*
繁欽,0,0,0,N,peoplename,*,*,*,*,繁欽,*,*
范蠡,0,0,0,N,peoplename,*,*,*,*,范蠡,*,*
范寬,0,0,0,N,peoplename,*,*,*,*,范寬,*,*
范雎,0,0,0,N,peoplename,*,*,*,*,范雎,*,*
范仲淹,0,0,0,N,peoplename,*,*,*,*,范仲淹,*,*
范成大,0,0,0,N,peoplename,*,*,*,*,范成大,*,*
范增,0,0,0,N,peoplename,*,*,*,*,范增,*,*
范曄,0,0,0,N,peoplename,*,*,*,*,范曄,*,*
梵谷,0,0,0,N,peoplename,*,*,*,*,梵谷,*,*
方苞,0,0,0,N,peoplename,*,*,*,*,方苞,*,*
方會,0,0,0,N,peoplename,*,*,*,*,方會,*,*
方孝孺,0,0,0,N,peoplename,*,*,*,*,方孝孺,*,*
方堙,0,0,0,N,peoplename,*,*,*,*,方堙,*,*
方岳,0,0,0,N,peoplename,*,*,*,*,方岳,*,*
房玄齡,0,0,0,N,peoplename,*,*,*,*,房玄齡,*,*
豐臣秀吉,0,0,0,N,peoplename,*,*,*,*,豐臣秀吉,*,*
逢蒙,0,0,0,N,peoplename,*,*,*,*,逢蒙,*,*
馮夢龍,0,0,0,N,peoplename,*,*,*,*,馮夢龍,*,*
馮婦,0,0,0,N,peoplename,*,*,*,*,馮婦,*,*
馮唐,0,0,0,N,peoplename,*,*,*,*,馮唐,*,*
馮驩,0,0,0,N,peoplename,*,*,*,*,馮驩,*,*
馮延巳,0,0,0,N,peoplename,*,*,*,*,馮延巳,*,*
馮玉祥,0,0,0,N,peoplename,*,*,*,*,馮玉祥,*,*
夫差,0,0,0,N,peoplename,*,*,*,*,夫差,*,*
伏勝,0,0,0,N,peoplename,*,*,*,*,伏勝,*,*
伏威,0,0,0,N,peoplename,*,*,*,*,伏威,*,*
苻堅,0,0,0,N,peoplename,*,*,*,*,苻堅,*,*
福斯特,0,0,0,N,peoplename,*,*,*,*,福斯特,*,*
富樓那,0,0,0,N,peoplename,*,*,*,*,富樓那,*,*
傅抱石,0,0,0,N,peoplename,*,*,*,*,傅抱石,*,*
傅說,0,0,0,N,peoplename,*,*,*,*,傅說,*,*
妲己,0,0,0,N,peoplename,*,*,*,*,妲己,*,*
達芬奇,0,0,0,N,peoplename,*,*,*,*,達芬奇,*,*
達加馬,0,0,0,N,peoplename,*,*,*,*,達加馬,*,*
達爾文,0,0,0,N,peoplename,*,*,*,*,達爾文,*,*
達文西,0,0,0,N,peoplename,*,*,*,*,達文西,*,*
大仲馬,0,0,0,N,peoplename,*,*,*,*,大仲馬,*,*
德布西,0,0,0,N,peoplename,*,*,*,*,德布西,*,*
德謨克利泰斯,0,0,0,N,peoplename,*,*,*,*,德謨克利泰斯,*,*
德佛亞克,0,0,0,N,peoplename,*,*,*,*,德佛亞克,*,*
德拉克洛瓦,0,0,0,N,peoplename,*,*,*,*,德拉克洛瓦,*,*
德蕾莎,0,0,0,N,peoplename,*,*,*,*,德蕾莎,*,*
德川家康,0,0,0,N,peoplename,*,*,*,*,德川家康,*,*
戴表元,0,0,0,N,peoplename,*,*,*,*,戴表元,*,*
戴名世,0,0,0,N,peoplename,*,*,*,*,戴名世,*,*
戴德,0,0,0,N,peoplename,*,*,*,*,戴德,*,*
戴笠,0,0,0,N,peoplename,*,*,*,*,戴笠,*,*
戴高樂,0,0,0,N,peoplename,*,*,*,*,戴高樂,*,*
戴逵,0,0,0,N,peoplename,*,*,*,*,戴逵,*,*
戴震,0,0,0,N,peoplename,*,*,*,*,戴震,*,*
戴聖,0,0,0,N,peoplename,*,*,*,*,戴聖,*,*
戴嵩,0,0,0,N,peoplename,*,*,*,*,戴嵩,*,*
道耳吞,0,0,0,N,peoplename,*,*,*,*,道耳吞,*,*
竇建德,0,0,0,N,peoplename,*,*,*,*,竇建德,*,*
竇憲,0,0,0,N,peoplename,*,*,*,*,竇憲,*,*
竇融,0,0,0,N,peoplename,*,*,*,*,竇融,*,*
竇嬰,0,0,0,N,peoplename,*,*,*,*,竇嬰,*,*
竇武,0,0,0,N,peoplename,*,*,*,*,竇武,*,*
丹朱,0,0,0,N,peoplename,*,*,*,*,丹朱,*,*
但丁,0,0,0,N,peoplename,*,*,*,*,但丁,*,*
鄧通,0,0,0,N,peoplename,*,*,*,*,鄧通,*,*
鄧麗君,0,0,0,N,peoplename,*,*,*,*,鄧麗君,*,*
鄧肯,0,0,0,N,peoplename,*,*,*,*,鄧肯,*,*
狄更斯,0,0,0,N,peoplename,*,*,*,*,狄更斯,*,*
笛卡爾,0,0,0,N,peoplename,*,*,*,*,笛卡爾,*,*
丁肇中,0,0,0,N,peoplename,*,*,*,*,丁肇中,*,*
杜牧,0,0,0,N,peoplename,*,*,*,*,杜牧,*,*
杜甫,0,0,0,N,peoplename,*,*,*,*,杜甫,*,*
杜康,0,0,0,N,peoplename,*,*,*,*,杜康,*,*
杜秋娘,0,0,0,N,peoplename,*,*,*,*,杜秋娘,*,*
杜象,0,0,0,N,peoplename,*,*,*,*,杜象,*,*
杜思妥也夫斯基,0,0,0,N,peoplename,*,*,*,*,杜思妥也夫斯基,*,*
杜佑,0,0,0,N,peoplename,*,*,*,*,杜佑,*,*
杜威,0,0,0,N,peoplename,*,*,*,*,杜威,*,*
杜宇,0,0,0,N,peoplename,*,*,*,*,杜宇,*,*
多爾袞,0,0,0,N,peoplename,*,*,*,*,多爾袞,*,*
董狐,0,0,0,N,peoplename,*,*,*,*,董狐,*,*
董其昌,0,0,0,N,peoplename,*,*,*,*,董其昌,*,*
董卓,0,0,0,N,peoplename,*,*,*,*,董卓,*,*
董仲舒,0,0,0,N,peoplename,*,*,*,*,董仲舒,*,*
董源,0,0,0,N,peoplename,*,*,*,*,董源,*,*
董永,0,0,0,N,peoplename,*,*,*,*,董永,*,*
太白,0,0,0,N,peoplename,*,*,*,*,太白,*,*
太康,0,0,0,N,peoplename,*,*,*,*,太康,*,*
太甲,0,0,0,N,peoplename,*,*,*,*,太甲,*,*
太真,0,0,0,N,peoplename,*,*,*,*,太真,*,*
泰伯,0,0,0,N,peoplename,*,*,*,*,泰伯,*,*
泰納,0,0,0,N,peoplename,*,*,*,*,泰納,*,*
泰戈爾,0,0,0,N,peoplename,*,*,*,*,泰戈爾,*,*
陶侃,0,0,0,N,peoplename,*,*,*,*,陶侃,*,*
陶弘景,0,0,0,N,peoplename,*,*,*,*,陶弘景,*,*
陶潛,0,0,0,N,peoplename,*,*,*,*,陶潛,*,*
陶西,0,0,0,N,peoplename,*,*,*,*,陶西,*,*
陶朱公,0,0,0,N,peoplename,*,*,*,*,陶朱公,*,*
陶聲洋,0,0,0,N,peoplename,*,*,*,*,陶聲洋,*,*
陶宗儀,0,0,0,N,peoplename,*,*,*,*,陶宗儀,*,*
陶淵明,0,0,0,N,peoplename,*,*,*,*,陶淵明,*,*
譚鑫培,0,0,0,N,peoplename,*,*,*,*,譚鑫培,*,*
譚嗣同,0,0,0,N,peoplename,*,*,*,*,譚嗣同,*,*
譚延闓,0,0,0,N,peoplename,*,*,*,*,譚延闓,*,*
澹臺滅明,0,0,0,N,peoplename,*,*,*,*,澹臺滅明,*,*
檀弓,0,0,0,N,peoplename,*,*,*,*,檀弓,*,*
曇鸞,0,0,0,N,peoplename,*,*,*,*,曇鸞,*,*
湯,0,0,0,N,peoplename,*,*,*,*,湯,*,*
湯姆生,0,0,0,N,peoplename,*,*,*,*,湯姆生,*,*
湯顯祖,0,0,0,N,peoplename,*,*,*,*,湯顯祖,*,*
湯若望,0,0,0,N,peoplename,*,*,*,*,湯若望,*,*
湯恩比,0,0,0,N,peoplename,*,*,*,*,湯恩比,*,*
唐伯虎,0,0,0,N,peoplename,*,*,*,*,唐伯虎,*,*
唐璜,0,0,0,N,peoplename,*,*,*,*,唐璜,*,*
唐君毅,0,0,0,N,peoplename,*,*,*,*,唐君毅,*,*
唐寅,0,0,0,N,peoplename,*,*,*,*,唐寅,*,*
提婆,0,0,0,N,peoplename,*,*,*,*,提婆,*,*
提婆達多,0,0,0,N,peoplename,*,*,*,*,提婆達多,*,*
提香,0,0,0,N,peoplename,*,*,*,*,提香,*,*
緹縈,0,0,0,N,peoplename,*,*,*,*,緹縈,*,*
鐵木真,0,0,0,N,peoplename,*,*,*,*,鐵木真,*,*
帖木兒,0,0,0,N,peoplename,*,*,*,*,帖木兒,*,*
調達,0,0,0,N,peoplename,*,*,*,*,調達,*,*
田單,0,0,0,N,peoplename,*,*,*,*,田單,*,*
田橫,0,0,0,N,peoplename,*,*,*,*,田橫,*,*
屠格涅夫,0,0,0,N,peoplename,*,*,*,*,屠格涅夫,*,*
它囂,0,0,0,N,peoplename,*,*,*,*,它囂,*,*
拖雷,0,0,0,N,peoplename,*,*,*,*,拖雷,*,*
托洛斯基,0,0,0,N,peoplename,*,*,*,*,托洛斯基,*,*
托爾斯泰,0,0,0,N,peoplename,*,*,*,*,托爾斯泰,*,*
陀思妥耶夫斯基,0,0,0,N,peoplename,*,*,*,*,陀思妥耶夫斯基,*,*
童貫,0,0,0,N,peoplename,*,*,*,*,童貫,*,*
拿破崙,0,0,0,N,peoplename,*,*,*,*,拿破崙,*,*
納蘭性德,0,0,0,N,peoplename,*,*,*,*,納蘭性德,*,*
南丁格爾,0,0,0,N,peoplename,*,*,*,*,南丁格爾,*,*
南威,0,0,0,N,peoplename,*,*,*,*,南威,*,*
難陀,0,0,0,N,peoplename,*,*,*,*,難陀,*,*
尼祿,0,0,0,N,peoplename,*,*,*,*,尼祿,*,*
尼采,0,0,0,N,peoplename,*,*,*,*,尼采,*,*
兒寬,0,0,0,N,peoplename,*,*,*,*,兒寬,*,*
倪瓚,0,0,0,N,peoplename,*,*,*,*,倪瓚,*,*
倪元璐,0,0,0,N,peoplename,*,*,*,*,倪元璐,*,*
聶政,0,0,0,N,peoplename,*,*,*,*,聶政,*,*
牛頓,0,0,0,N,peoplename,*,*,*,*,牛頓,*,*
年羹堯,0,0,0,N,peoplename,*,*,*,*,年羹堯,*,*
努爾哈赤,0,0,0,N,peoplename,*,*,*,*,努爾哈赤,*,*
諾貝爾,0,0,0,N,peoplename,*,*,*,*,諾貝爾,*,*
諾蘭,0,0,0,N,peoplename,*,*,*,*,諾蘭,*,*
女伎,0,0,0,N,peoplename,*,*,*,*,女伎,*,*
女歧,0,0,0,N,peoplename,*,*,*,*,女歧,*,*
女英,0,0,0,N,peoplename,*,*,*,*,女英,*,*
拉斐爾,0,0,0,N,peoplename,*,*,*,*,拉斐爾,*,*
拉鐵摩爾,0,0,0,N,peoplename,*,*,*,*,拉鐵摩爾,*,*
拉格羅夫,0,0,0,N,peoplename,*,*,*,*,拉格羅夫,*,*
拉塞福,0,0,0,N,peoplename,*,*,*,*,拉塞福,*,*
來俊臣,0,0,0,N,peoplename,*,*,*,*,來俊臣,*,*
嫘祖,0,0,0,N,peoplename,*,*,*,*,嫘祖,*,*
雷馬克,0,0,0,N,peoplename,*,*,*,*,雷馬克,*,*
雷鳴遠,0,0,0,N,peoplename,*,*,*,*,雷鳴遠,*,*
雷諾瓦,0,0,0,N,peoplename,*,*,*,*,雷諾瓦,*,*
雷昂卡發洛,0,0,0,N,peoplename,*,*,*,*,雷昂卡發洛,*,*
勞乃宣,0,0,0,N,peoplename,*,*,*,*,勞乃宣,*,*
勞倫斯,0,0,0,N,peoplename,*,*,*,*,勞倫斯,*,*
老舍,0,0,0,N,peoplename,*,*,*,*,老舍,*,*
嫪毐,0,0,0,N,peoplename,*,*,*,*,嫪毐,*,*
婁師德,0,0,0,N,peoplename,*,*,*,*,婁師德,*,*
樓緩,0,0,0,N,peoplename,*,*,*,*,樓緩,*,*
蘭姆,0,0,0,N,peoplename,*,*,*,*,蘭姆,*,*
藍波,0,0,0,N,peoplename,*,*,*,*,藍波,*,*
藍采和,0,0,0,N,peoplename,*,*,*,*,藍采和,*,*
藍蔭鼎,0,0,0,N,peoplename,*,*,*,*,藍蔭鼎,*,*
郎格,0,0,0,N,peoplename,*,*,*,*,郎格,*,*
郎靜山,0,0,0,N,peoplename,*,*,*,*,郎靜山,*,*
郎世寧,0,0,0,N,peoplename,*,*,*,*,郎世寧,*,*
浬,0,0,0,N,peoplename,*,*,*,*,浬,*,*
離婁,0,0,0,N,peoplename,*,*,*,*,離婁,*,*
黎元洪,0,0,0,N,peoplename,*,*,*,*,黎元洪,*,*
驪姬,0,0,0,N,peoplename,*,*,*,*,驪姬,*,*
李伯陽,0,0,0,N,peoplename,*,*,*,*,李伯陽,*,*
李白,0,0,0,N,peoplename,*,*,*,*,李白,*,*
李寶嘉,0,0,0,N,peoplename,*,*,*,*,李寶嘉,*,*
李抱忱,0,0,0,N,peoplename,*,*,*,*,李抱忱,*,*
李冰,0,0,0,N,peoplename,*,*,*,*,李冰,*,*
李密,0,0,0,N,peoplename,*,*,*,*,李密,*,*
李牧,0,0,0,N,peoplename,*,*,*,*,李牧,*,*
李方桂,0,0,0,N,peoplename,*,*,*,*,李方桂,*,*
李昉,0,0,0,N,peoplename,*,*,*,*,李昉,*,*
李夫人,0,0,0,N,peoplename,*,*,*,*,李夫人,*,*
李德裕,0,0,0,N,peoplename,*,*,*,*,李德裕,*,*
李登,0,0,0,N,peoplename,*,*,*,*,李登,*,*
李登輝,0,0,0,N,peoplename,*,*,*,*,李登輝,*,*
李太白,0,0,0,N,peoplename,*,*,*,*,李太白,*,*
李唐,0,0,0,N,peoplename,*,*,*,*,李唐,*,*
李提摩太,0,0,0,N,peoplename,*,*,*,*,李提摩太,*,*
李鐵拐,0,0,0,N,peoplename,*,*,*,*,李鐵拐,*,*
李老君,0,0,0,N,peoplename,*,*,*,*,李老君,*,*
李蓮英,0,0,0,N,peoplename,*,*,*,*,李蓮英,*,*
李林甫,0,0,0,N,peoplename,*,*,*,*,李林甫,*,*
李陵,0,0,0,N,peoplename,*,*,*,*,李陵,*,*
李隆基,0,0,0,N,peoplename,*,*,*,*,李隆基,*,*
李龜年,0,0,0,N,peoplename,*,*,*,*,李龜年,*,*
李廣,0,0,0,N,peoplename,*,*,*,*,李廣,*,*
李廣利,0,0,0,N,peoplename,*,*,*,*,李廣利,*,*
李公佐,0,0,0,N,peoplename,*,*,*,*,李公佐,*,*
李悝,0,0,0,N,peoplename,*,*,*,*,李悝,*,*
李賀,0,0,0,N,peoplename,*,*,*,*,李賀,*,*
李後主,0,0,0,N,peoplename,*,*,*,*,李後主,*,*
李惠堂,0,0,0,N,peoplename,*,*,*,*,李惠堂,*,*
李鴻章,0,0,0,N,peoplename,*,*,*,*,李鴻章,*,*
李濟,0,0,0,N,peoplename,*,*,*,*,李濟,*,*
李璟,0,0,0,N,peoplename,*,*,*,*,李璟,*,*
李靖,0,0,0,N,peoplename,*,*,*,*,李靖,*,*
李清照,0,0,0,N,peoplename,*,*,*,*,李清照,*,*
李小龍,0,0,0,N,peoplename,*,*,*,*,李小龍,*,*
李秀成,0,0,0,N,peoplename,*,*,*,*,李秀成,*,*
李香君,0,0,0,N,peoplename,*,*,*,*,李香君,*,*
李舟,0,0,0,N,peoplename,*,*,*,*,李舟,*,*
李政道,0,0,0,N,peoplename,*,*,*,*,李政道,*,*
李成,0,0,0,N,peoplename,*,*,*,*,李成,*,*
李淳風,0,0,0,N,peoplename,*,*,*,*,李淳風,*,*
李師師,0,0,0,N,peoplename,*,*,*,*,李師師,*,*
李時珍,0,0,0,N,peoplename,*,*,*,*,李時珍,*,*
李世民,0,0,0,N,peoplename,*,*,*,*,李世民,*,*
李少君,0,0,0,N,peoplename,*,*,*,*,李少君,*,*
李善,0,0,0,N,peoplename,*,*,*,*,李善,*,*
李商隱,0,0,0,N,peoplename,*,*,*,*,李商隱,*,*
李叔同,0,0,0,N,peoplename,*,*,*,*,李叔同,*,*
李汝珍,0,0,0,N,peoplename,*,*,*,*,李汝珍,*,*
李瑞清,0,0,0,N,peoplename,*,*,*,*,李瑞清,*,*
李自成,0,0,0,N,peoplename,*,*,*,*,李自成,*,*
李宗仁,0,0,0,N,peoplename,*,*,*,*,李宗仁,*,*
李慈銘,0,0,0,N,peoplename,*,*,*,*,李慈銘,*,*
李存勗,0,0,0,N,peoplename,*,*,*,*,李存勗,*,*
李思訓,0,0,0,N,peoplename,*,*,*,*,李思訓,*,*
李斯,0,0,0,N,peoplename,*,*,*,*,李斯,*,*
李斯特,0,0,0,N,peoplename,*,*,*,*,李斯特,*,*
李耳,0,0,0,N,peoplename,*,*,*,*,李耳,*,*
李易安,0,0,0,N,peoplename,*,*,*,*,李易安,*,*
李益,0,0,0,N,peoplename,*,*,*,*,李益,*,*
李延年,0,0,0,N,peoplename,*,*,*,*,李延年,*,*
李陽冰,0,0,0,N,peoplename,*,*,*,*,李陽冰,*,*
李膺,0,0,0,N,peoplename,*,*,*,*,李膺,*,*
李漁,0,0,0,N,peoplename,*,*,*,*,李漁,*,*
李漁叔,0,0,0,N,peoplename,*,*,*,*,李漁叔,*,*
李煜,0,0,0,N,peoplename,*,*,*,*,李煜,*,*
李約瑟,0,0,0,N,peoplename,*,*,*,*,李約瑟,*,*
李元簇,0,0,0,N,peoplename,*,*,*,*,李元簇,*,*
李遠哲,0,0,0,N,peoplename,*,*,*,*,李遠哲,*,*
李邕,0,0,0,N,peoplename,*,*,*,*,李邕,*,*
里爾,0,0,0,N,peoplename,*,*,*,*,里爾,*,*
理查司特勞斯,0,0,0,N,peoplename,*,*,*,*,理查司特勞斯,*,*
利瑪竇,0,0,0,N,peoplename,*,*,*,*,利瑪竇,*,*
厲鶚,0,0,0,N,peoplename,*,*,*,*,厲鶚,*,*
酈道元,0,0,0,N,peoplename,*,*,*,*,酈道元,*,*
酈食其,0,0,0,N,peoplename,*,*,*,*,酈食其,*,*
列寧,0,0,0,N,peoplename,*,*,*,*,列寧,*,*
列禦寇,0,0,0,N,peoplename,*,*,*,*,列禦寇,*,*
劉白墮,0,0,0,N,peoplename,*,*,*,*,劉白墮,*,*
劉備,0,0,0,N,peoplename,*,*,*,*,劉備,*,*
劉寶全,0,0,0,N,peoplename,*,*,*,*,劉寶全,*,*
劉半農,0,0,0,N,peoplename,*,*,*,*,劉半農,*,*
劉邦,0,0,0,N,peoplename,*,*,*,*,劉邦,*,*
劉表,0,0,0,N,peoplename,*,*,*,*,劉表,*,*
劉銘傳,0,0,0,N,peoplename,*,*,*,*,劉銘傳,*,*
劉復,0,0,0,N,peoplename,*,*,*,*,劉復,*,*
劉天華,0,0,0,N,peoplename,*,*,*,*,劉天華,*,*
劉蘭芝,0,0,0,N,peoplename,*,*,*,*,劉蘭芝,*,*
劉伶,0,0,0,N,peoplename,*,*,*,*,劉伶,*,*
劉克莊,0,0,0,N,peoplename,*,*,*,*,劉克莊,*,*
劉琨,0,0,0,N,peoplename,*,*,*,*,劉琨,*,*
劉海,0,0,0,N,peoplename,*,*,*,*,劉海,*,*
劉海蟾,0,0,0,N,peoplename,*,*,*,*,劉海蟾,*,*
劉基,0,0,0,N,peoplename,*,*,*,*,劉基,*,*
劉寄奴,0,0,0,N,peoplename,*,*,*,*,劉寄奴,*,*
劉瑾,0,0,0,N,peoplename,*,*,*,*,劉瑾,*,*
劉峻,0,0,0,N,peoplename,*,*,*,*,劉峻,*,*
劉熙,0,0,0,N,peoplename,*,*,*,*,劉熙,*,*
劉勰,0,0,0,N,peoplename,*,*,*,*,劉勰,*,*
劉秀,0,0,0,N,peoplename,*,*,*,*,劉秀,*,*
劉歆,0,0,0,N,peoplename,*,*,*,*,劉歆,*,*
劉向,0,0,0,N,peoplename,*,*,*,*,劉向,*,*
劉炫,0,0,0,N,peoplename,*,*,*,*,劉炫,*,*
劉知幾,0,0,0,N,peoplename,*,*,*,*,劉知幾,*,*
劉知遠,0,0,0,N,peoplename,*,*,*,*,劉知遠,*,*
劉楨,0,0,0,N,peoplename,*,*,*,*,劉楨,*,*
劉長卿,0,0,0,N,peoplename,*,*,*,*,劉長卿,*,*
劉徹,0,0,0,N,peoplename,*,*,*,*,劉徹,*,*
劉禪,0,0,0,N,peoplename,*,*,*,*,劉禪,*,*
劉師培,0,0,0,N,peoplename,*,*,*,*,劉師培,*,*
劉子翬,0,0,0,N,peoplename,*,*,*,*,劉子翬,*,*
劉子驥,0,0,0,N,peoplename,*,*,*,*,劉子驥,*,*
劉宗周,0,0,0,N,peoplename,*,*,*,*,劉宗周,*,*
劉松年,0,0,0,N,peoplename,*,*,*,*,劉松年,*,*
劉鶚,0,0,0,N,peoplename,*,*,*,*,劉鶚,*,*
劉安,0,0,0,N,peoplename,*,*,*,*,劉安,*,*
劉義慶,0,0,0,N,peoplename,*,*,*,*,劉義慶,*,*
劉曜,0,0,0,N,peoplename,*,*,*,*,劉曜,*,*
劉彥和,0,0,0,N,peoplename,*,*,*,*,劉彥和,*,*
劉隱,0,0,0,N,peoplename,*,*,*,*,劉隱,*,*
劉完素,0,0,0,N,peoplename,*,*,*,*,劉完素,*,*
劉禹錫,0,0,0,N,peoplename,*,*,*,*,劉禹錫,*,*
劉裕,0,0,0,N,peoplename,*,*,*,*,劉裕,*,*
劉豫,0,0,0,N,peoplename,*,*,*,*,劉豫,*,*
劉淵,0,0,0,N,peoplename,*,*,*,*,劉淵,*,*
劉墉,0,0,0,N,peoplename,*,*,*,*,劉墉,*,*
劉永福,0,0,0,N,peoplename,*,*,*,*,劉永福,*,*
柳盜跖,0,0,0,N,peoplename,*,*,*,*,柳盜跖,*,*
柳柳州,0,0,0,N,peoplename,*,*,*,*,柳柳州,*,*
柳公權,0,0,0,N,peoplename,*,*,*,*,柳公權,*,*
柳開,0,0,0,N,peoplename,*,*,*,*,柳開,*,*
柳河東,0,0,0,N,peoplename,*,*,*,*,柳河東,*,*
柳敬亭,0,0,0,N,peoplename,*,*,*,*,柳敬亭,*,*
柳下惠,0,0,0,N,peoplename,*,*,*,*,柳下惠,*,*
柳如是,0,0,0,N,peoplename,*,*,*,*,柳如是,*,*
柳宗元,0,0,0,N,peoplename,*,*,*,*,柳宗元,*,*
柳詒徵,0,0,0,N,peoplename,*,*,*,*,柳詒徵,*,*
柳永,0,0,0,N,peoplename,*,*,*,*,柳永,*,*
連橫,0,0,0,N,peoplename,*,*,*,*,連橫,*,*
連雅堂,0,0,0,N,peoplename,*,*,*,*,連雅堂,*,*
廉頗,0,0,0,N,peoplename,*,*,*,*,廉頗,*,*
林白,0,0,0,N,peoplename,*,*,*,*,林白,*,*
林逋,0,0,0,N,peoplename,*,*,*,*,林逋,*,*
林布蘭,0,0,0,N,peoplename,*,*,*,*,林布蘭,*,*
林默娘,0,0,0,N,peoplename,*,*,*,*,林默娘,*,*
林風眠,0,0,0,N,peoplename,*,*,*,*,林風眠,*,*
林樂知,0,0,0,N,peoplename,*,*,*,*,林樂知,*,*
林羅山,0,0,0,N,peoplename,*,*,*,*,林羅山,*,*
林肯,0,0,0,N,peoplename,*,*,*,*,林肯,*,*
林和靖,0,0,0,N,peoplename,*,*,*,*,林和靖,*,*
林覺民,0,0,0,N,peoplename,*,*,*,*,林覺民,*,*
林琴南,0,0,0,N,peoplename,*,*,*,*,林琴南,*,*
林獻堂,0,0,0,N,peoplename,*,*,*,*,林獻堂,*,*
林紓,0,0,0,N,peoplename,*,*,*,*,林紓,*,*
林爽文,0,0,0,N,peoplename,*,*,*,*,林爽文,*,*
林則徐,0,0,0,N,peoplename,*,*,*,*,林則徐,*,*
林森,0,0,0,N,peoplename,*,*,*,*,林森,*,*
林語堂,0,0,0,N,peoplename,*,*,*,*,林語堂,*,*
藺相如,0,0,0,N,peoplename,*,*,*,*,藺相如,*,*
良价,0,0,0,N,peoplename,*,*,*,*,良价,*,*
梁太祖,0,0,0,N,peoplename,*,*,*,*,梁太祖,*,*
梁楷,0,0,0,N,peoplename,*,*,*,*,梁楷,*,*
梁紅玉,0,0,0,N,peoplename,*,*,*,*,梁紅玉,*,*
梁鴻,0,0,0,N,peoplename,*,*,*,*,梁鴻,*,*
梁啟超,0,0,0,N,peoplename,*,*,*,*,梁啟超,*,*
梁辰魚,0,0,0,N,peoplename,*,*,*,*,梁辰魚,*,*
梁任公,0,0,0,N,peoplename,*,*,*,*,梁任公,*,*
梁元帝,0,0,0,N,peoplename,*,*,*,*,梁元帝,*,*
凌濛初,0,0,0,N,peoplename,*,*,*,*,凌濛初,*,*
盧同,0,0,0,N,peoplename,*,*,*,*,盧同,*,*
盧稜伽,0,0,0,N,peoplename,*,*,*,*,盧稜伽,*,*
盧綸,0,0,0,N,peoplename,*,*,*,*,盧綸,*,*
盧前,0,0,0,N,peoplename,*,*,*,*,盧前,*,*
盧摯,0,0,0,N,peoplename,*,*,*,*,盧摯,*,*
盧照鄰,0,0,0,N,peoplename,*,*,*,*,盧照鄰,*,*
盧梭,0,0,0,N,peoplename,*,*,*,*,盧梭,*,*
盧文弨,0,0,0,N,peoplename,*,*,*,*,盧文弨,*,*
魯本斯,0,0,0,N,peoplename,*,*,*,*,魯本斯,*,*
魯道夫,0,0,0,N,peoplename,*,*,*,*,魯道夫,*,*
魯迅,0,0,0,N,peoplename,*,*,*,*,魯迅,*,*
魯仲連,0,0,0,N,peoplename,*,*,*,*,魯仲連,*,*
魯肅,0,0,0,N,peoplename,*,*,*,*,魯肅,*,*
陸游,0,0,0,N,peoplename,*,*,*,*,陸游,*,*
陸法言,0,0,0,N,peoplename,*,*,*,*,陸法言,*,*
陸德明,0,0,0,N,peoplename,*,*,*,*,陸德明,*,*
陸龜蒙,0,0,0,N,peoplename,*,*,*,*,陸龜蒙,*,*
陸凱,0,0,0,N,peoplename,*,*,*,*,陸凱,*,*
陸抗,0,0,0,N,peoplename,*,*,*,*,陸抗,*,*
陸皓東,0,0,0,N,peoplename,*,*,*,*,陸皓東,*,*
陸鴻漸,0,0,0,N,peoplename,*,*,*,*,陸鴻漸,*,*
陸機,0,0,0,N,peoplename,*,*,*,*,陸機,*,*
陸績,0,0,0,N,peoplename,*,*,*,*,陸績,*,*
陸賈,0,0,0,N,peoplename,*,*,*,*,陸賈,*,*
陸九齡,0,0,0,N,peoplename,*,*,*,*,陸九齡,*,*
陸九淵,0,0,0,N,peoplename,*,*,*,*,陸九淵,*,*
陸秀夫,0,0,0,N,peoplename,*,*,*,*,陸秀夫,*,*
陸續,0,0,0,N,peoplename,*,*,*,*,陸續,*,*
陸贄,0,0,0,N,peoplename,*,*,*,*,陸贄,*,*
陸羽,0,0,0,N,peoplename,*,*,*,*,陸羽,*,*
陸雲,0,0,0,N,peoplename,*,*,*,*,陸雲,*,*
路加,0,0,0,N,peoplename,*,*,*,*,路加,*,*
路易十六,0,0,0,N,peoplename,*,*,*,*,路易十六,*,*
路易十四,0,0,0,N,peoplename,*,*,*,*,路易十四,*,*
路易十三,0,0,0,N,peoplename,*,*,*,*,路易十三,*,*
羅聘,0,0,0,N,peoplename,*,*,*,*,羅聘,*,*
羅曼羅蘭,0,0,0,N,peoplename,*,*,*,*,羅曼羅蘭,*,*
羅門諾梭夫,0,0,0,N,peoplename,*,*,*,*,羅門諾梭夫,*,*
羅敷,0,0,0,N,peoplename,*,*,*,*,羅敷,*,*
羅福星,0,0,0,N,peoplename,*,*,*,*,羅福星,*,*
羅丹,0,0,0,N,peoplename,*,*,*,*,羅丹,*,*
羅蘭夫人,0,0,0,N,peoplename,*,*,*,*,羅蘭夫人,*,*
羅貫中,0,0,0,N,peoplename,*,*,*,*,羅貫中,*,*
羅睺羅,0,0,0,N,peoplename,*,*,*,*,羅睺羅,*,*
羅家倫,0,0,0,N,peoplename,*,*,*,*,羅家倫,*,*
羅西里尼,0,0,0,N,peoplename,*,*,*,*,羅西里尼,*,*
羅振玉,0,0,0,N,peoplename,*,*,*,*,羅振玉,*,*
羅常培,0,0,0,N,peoplename,*,*,*,*,羅常培,*,*
羅斯福,0,0,0,N,peoplename,*,*,*,*,羅斯福,*,*
羅塞提,0,0,0,N,peoplename,*,*,*,*,羅塞提,*,*
羅素,0,0,0,N,peoplename,*,*,*,*,羅素,*,*
羅耀拉,0,0,0,N,peoplename,*,*,*,*,羅耀拉,*,*
羅隱,0,0,0,N,peoplename,*,*,*,*,羅隱,*,*
洛謨尼,0,0,0,N,peoplename,*,*,*,*,洛謨尼,*,*
洛曼,0,0,0,N,peoplename,*,*,*,*,洛曼,*,*
洛克,0,0,0,N,peoplename,*,*,*,*,洛克,*,*
洛克菲勒,0,0,0,N,peoplename,*,*,*,*,洛克菲勒,*,*
駱賓王,0,0,0,N,peoplename,*,*,*,*,駱賓王,*,*
侖琴,0,0,0,N,peoplename,*,*,*,*,侖琴,*,*
隆美爾,0,0,0,N,peoplename,*,*,*,*,隆美爾,*,*
龍華民,0,0,0,N,peoplename,*,*,*,*,龍華民,*,*
龍子,0,0,0,N,peoplename,*,*,*,*,龍子,*,*
呂本中,0,0,0,N,peoplename,*,*,*,*,呂本中,*,*
呂不韋,0,0,0,N,peoplename,*,*,*,*,呂不韋,*,*
呂布,0,0,0,N,peoplename,*,*,*,*,呂布,*,*
呂蒙,0,0,0,N,peoplename,*,*,*,*,呂蒙,*,*
呂蒙正,0,0,0,N,peoplename,*,*,*,*,呂蒙正,*,*
呂洞賓,0,0,0,N,peoplename,*,*,*,*,呂洞賓,*,*
呂留良,0,0,0,N,peoplename,*,*,*,*,呂留良,*,*
呂光,0,0,0,N,peoplename,*,*,*,*,呂光,*,*
呂靜,0,0,0,N,peoplename,*,*,*,*,呂靜,*,*
呂忱,0,0,0,N,peoplename,*,*,*,*,呂忱,*,*
呂尚,0,0,0,N,peoplename,*,*,*,*,呂尚,*,*
呂祖謙,0,0,0,N,peoplename,*,*,*,*,呂祖謙,*,*
呂望,0,0,0,N,peoplename,*,*,*,*,呂望,*,*
哥白尼,0,0,0,N,peoplename,*,*,*,*,哥白尼,*,*
哥倫布,0,0,0,N,peoplename,*,*,*,*,哥倫布,*,*
哥舒翰,0,0,0,N,peoplename,*,*,*,*,哥舒翰,*,*
歌德,0,0,0,N,peoplename,*,*,*,*,歌德,*,*
葛天氏,0,0,0,N,peoplename,*,*,*,*,葛天氏,*,*
葛利納,0,0,0,N,peoplename,*,*,*,*,葛利納,*,*
葛洪,0,0,0,N,peoplename,*,*,*,*,葛洪,*,*
葛玄,0,0,0,N,peoplename,*,*,*,*,葛玄,*,*
該隱,0,0,0,N,peoplename,*,*,*,*,該隱,*,*
咎陶,0,0,0,N,peoplename,*,*,*,*,咎陶,*,*
咎繇,0,0,0,N,peoplename,*,*,*,*,咎繇,*,*
高明,0,0,0,N,peoplename,*,*,*,*,高明,*,*
高力士,0,0,0,N,peoplename,*,*,*,*,高力士,*,*
高足,0,0,0,N,peoplename,*,*,*,*,高足,*,*
皋陶,0,0,0,N,peoplename,*,*,*,*,皋陶,*,*
皋魚,0,0,0,N,peoplename,*,*,*,*,皋魚,*,*
告子,0,0,0,N,peoplename,*,*,*,*,告子,*,*
勾踐,0,0,0,N,peoplename,*,*,*,*,勾踐,*,*
句踐,0,0,0,N,peoplename,*,*,*,*,句踐,*,*
干寶,0,0,0,N,peoplename,*,*,*,*,干寶,*,*
干將,0,0,0,N,peoplename,*,*,*,*,干將,*,*
甘茂,0,0,0,N,peoplename,*,*,*,*,甘茂,*,*
甘羅,0,0,0,N,peoplename,*,*,*,*,甘羅,*,*
甘始,0,0,0,N,peoplename,*,*,*,*,甘始,*,*
甘蠅,0,0,0,N,peoplename,*,*,*,*,甘蠅,*,*
耿精忠,0,0,0,N,peoplename,*,*,*,*,耿精忠,*,*
孤拔,0,0,0,N,peoplename,*,*,*,*,孤拔,*,*
古公亶父,0,0,0,N,peoplename,*,*,*,*,古公亶父,*,*
谷永,0,0,0,N,peoplename,*,*,*,*,谷永,*,*
顧愷之,0,0,0,N,peoplename,*,*,*,*,顧愷之,*,*
顧炎武,0,0,0,N,peoplename,*,*,*,*,顧炎武,*,*
郭璞,0,0,0,N,peoplename,*,*,*,*,郭璞,*,*
郭汾陽,0,0,0,N,peoplename,*,*,*,*,郭汾陽,*,*
郭令公,0,0,0,N,peoplename,*,*,*,*,郭令公,*,*
郭解,0,0,0,N,peoplename,*,*,*,*,郭解,*,*
郭景純,0,0,0,N,peoplename,*,*,*,*,郭景純,*,*
郭熙,0,0,0,N,peoplename,*,*,*,*,郭熙,*,*
郭忠恕,0,0,0,N,peoplename,*,*,*,*,郭忠恕,*,*
郭守敬,0,0,0,N,peoplename,*,*,*,*,郭守敬,*,*
郭子儀,0,0,0,N,peoplename,*,*,*,*,郭子儀,*,*
歸有光,0,0,0,N,peoplename,*,*,*,*,歸有光,*,*
鬼谷子,0,0,0,N,peoplename,*,*,*,*,鬼谷子,*,*
關平,0,0,0,N,peoplename,*,*,*,*,關平,*,*
關同,0,0,0,N,peoplename,*,*,*,*,關同,*,*
關漢卿,0,0,0,N,peoplename,*,*,*,*,關漢卿,*,*
關羽,0,0,0,N,peoplename,*,*,*,*,關羽,*,*
關雲長,0,0,0,N,peoplename,*,*,*,*,關雲長,*,*
管道昇,0,0,0,N,peoplename,*,*,*,*,管道昇,*,*
管寧,0,0,0,N,peoplename,*,*,*,*,管寧,*,*
管仲,0,0,0,N,peoplename,*,*,*,*,管仲,*,*
管叔,0,0,0,N,peoplename,*,*,*,*,管叔,*,*
管夷吾,0,0,0,N,peoplename,*,*,*,*,管夷吾,*,*
毌丘儉,0,0,0,N,peoplename,*,*,*,*,毌丘儉,*,*
貫休,0,0,0,N,peoplename,*,*,*,*,貫休,*,*
貫雲石,0,0,0,N,peoplename,*,*,*,*,貫雲石,*,*
鯀,0,0,0,N,peoplename,*,*,*,*,鯀,*,*
廣文,0,0,0,N,peoplename,*,*,*,*,廣文,*,*
工倕,0,0,0,N,peoplename,*,*,*,*,工倕,*,*
公劉,0,0,0,N,peoplename,*,*,*,*,公劉,*,*
公西赤,0,0,0,N,peoplename,*,*,*,*,公西赤,*,*
公輸般,0,0,0,N,peoplename,*,*,*,*,公輸般,*,*
公孫龍,0,0,0,N,peoplename,*,*,*,*,公孫龍,*,*
公孫弘,0,0,0,N,peoplename,*,*,*,*,公孫弘,*,*
公孫丑,0,0,0,N,peoplename,*,*,*,*,公孫丑,*,*
公孫杵臼,0,0,0,N,peoplename,*,*,*,*,公孫杵臼,*,*
公冶長,0,0,0,N,peoplename,*,*,*,*,公冶長,*,*
公羊高,0,0,0,N,peoplename,*,*,*,*,公羊高,*,*
龔開,0,0,0,N,peoplename,*,*,*,*,龔開,*,*
龔賢,0,0,0,N,peoplename,*,*,*,*,龔賢,*,*
龔勝,0,0,0,N,peoplename,*,*,*,*,龔勝,*,*
龔自珍,0,0,0,N,peoplename,*,*,*,*,龔自珍,*,*
龔遂,0,0,0,N,peoplename,*,*,*,*,龔遂,*,*
宮本武藏,0,0,0,N,peoplename,*,*,*,*,宮本武藏,*,*
鞏珍,0,0,0,N,peoplename,*,*,*,*,鞏珍,*,*
貢禹,0,0,0,N,peoplename,*,*,*,*,貢禹,*,*
卡繆,0,0,0,N,peoplename,*,*,*,*,卡繆,*,*
卡夫卡,0,0,0,N,peoplename,*,*,*,*,卡夫卡,*,*
卡內基,0,0,0,N,peoplename,*,*,*,*,卡內基,*,*
卡拉揚,0,0,0,N,peoplename,*,*,*,*,卡拉揚,*,*
柯梅尼,0,0,0,N,peoplename,*,*,*,*,柯梅尼,*,*
柯林斯,0,0,0,N,peoplename,*,*,*,*,柯林斯,*,*
克卜勒,0,0,0,N,peoplename,*,*,*,*,克卜勒,*,*
克萊斯勒,0,0,0,N,peoplename,*,*,*,*,克萊斯勒,*,*
克雷因,0,0,0,N,peoplename,*,*,*,*,克雷因,*,*
克里蒙梭,0,0,0,N,peoplename,*,*,*,*,克里蒙梭,*,*
克羅德,0,0,0,N,peoplename,*,*,*,*,克羅德,*,*
克倫威爾,0,0,0,N,peoplename,*,*,*,*,克倫威爾,*,*
克希荷夫,0,0,0,N,peoplename,*,*,*,*,克希荷夫,*,*
克耳文,0,0,0,N,peoplename,*,*,*,*,克耳文,*,*
凱末爾,0,0,0,N,peoplename,*,*,*,*,凱末爾,*,*
凱撒,0,0,0,N,peoplename,*,*,*,*,凱撒,*,*
凱薩琳,0,0,0,N,peoplename,*,*,*,*,凱薩琳,*,*
凱瑟,0,0,0,N,peoplename,*,*,*,*,凱瑟,*,*
凱恩斯,0,0,0,N,peoplename,*,*,*,*,凱恩斯,*,*
寇謙之,0,0,0,N,peoplename,*,*,*,*,寇謙之,*,*
寇恂,0,0,0,N,peoplename,*,*,*,*,寇恂,*,*
寇準,0,0,0,N,peoplename,*,*,*,*,寇準,*,*
康德,0,0,0,N,peoplename,*,*,*,*,康德,*,*
康德黎,0,0,0,N,peoplename,*,*,*,*,康德黎,*,*
康有為,0,0,0,N,peoplename,*,*,*,*,康有為,*,*
庫侖,0,0,0,N,peoplename,*,*,*,*,庫侖,*,*
嚳,0,0,0,N,peoplename,*,*,*,*,嚳,*,*
蒯通,0,0,0,N,peoplename,*,*,*,*,蒯通,*,*
窺基,0,0,0,N,peoplename,*,*,*,*,窺基,*,*
夔,0,0,0,N,peoplename,*,*,*,*,夔,*,*
髡殘,0,0,0,N,peoplename,*,*,*,*,髡殘,*,*
匡衡,0,0,0,N,peoplename,*,*,*,*,匡衡,*,*
空海,0,0,0,N,peoplename,*,*,*,*,空海,*,*
孔父嘉,0,0,0,N,peoplename,*,*,*,*,孔父嘉,*,*
孔鮒,0,0,0,N,peoplename,*,*,*,*,孔鮒,*,*
孔德,0,0,0,N,peoplename,*,*,*,*,孔德,*,*
孔廣森,0,0,0,N,peoplename,*,*,*,*,孔廣森,*,*
孔伋,0,0,0,N,peoplename,*,*,*,*,孔伋,*,*
孔甲,0,0,0,N,peoplename,*,*,*,*,孔甲,*,*
孔丘,0,0,0,N,peoplename,*,*,*,*,孔丘,*,*
孔祥熙,0,0,0,N,peoplename,*,*,*,*,孔祥熙,*,*
孔稚珪,0,0,0,N,peoplename,*,*,*,*,孔稚珪,*,*
孔尚任,0,0,0,N,peoplename,*,*,*,*,孔尚任,*,*
孔融,0,0,0,N,peoplename,*,*,*,*,孔融,*,*
孔安國,0,0,0,N,peoplename,*,*,*,*,孔安國,*,*
孔穎達,0,0,0,N,peoplename,*,*,*,*,孔穎達,*,*
哈代,0,0,0,N,peoplename,*,*,*,*,哈代,*,*
哈維,0,0,0,N,peoplename,*,*,*,*,哈維,*,*
和珅,0,0,0,N,peoplename,*,*,*,*,和珅,*,*
何滿子,0,0,0,N,peoplename,*,*,*,*,何滿子,*,*
何進,0,0,0,N,peoplename,*,*,*,*,何進,*,*
何景明,0,0,0,N,peoplename,*,*,*,*,何景明,*,*
何休,0,0,0,N,peoplename,*,*,*,*,何休,*,*
何仙姑,0,0,0,N,peoplename,*,*,*,*,何仙姑,*,*
何遜,0,0,0,N,peoplename,*,*,*,*,何遜,*,*
何焯,0,0,0,N,peoplename,*,*,*,*,何焯,*,*
何承天,0,0,0,N,peoplename,*,*,*,*,何承天,*,*
何紹基,0,0,0,N,peoplename,*,*,*,*,何紹基,*,*
何晏,0,0,0,N,peoplename,*,*,*,*,何晏,*,*
河亶甲,0,0,0,N,peoplename,*,*,*,*,河亶甲,*,*
河間獻王,0,0,0,N,peoplename,*,*,*,*,河間獻王,*,*
荷馬,0,0,0,N,peoplename,*,*,*,*,荷馬,*,*
紇,0,0,0,N,peoplename,*,*,*,*,紇,*,*
闔閭,0,0,0,N,peoplename,*,*,*,*,闔閭,*,*
赫德,0,0,0,N,peoplename,*,*,*,*,赫德,*,*
赫魯雪夫,0,0,0,N,peoplename,*,*,*,*,赫魯雪夫,*,*
赫胥黎,0,0,0,N,peoplename,*,*,*,*,赫胥黎,*,*
赫茲,0,0,0,N,peoplename,*,*,*,*,赫茲,*,*
赫斯特,0,0,0,N,peoplename,*,*,*,*,赫斯特,*,*
赫塞,0,0,0,N,peoplename,*,*,*,*,赫塞,*,*
賀知章,0,0,0,N,peoplename,*,*,*,*,賀知章,*,*
賀鑄,0,0,0,N,peoplename,*,*,*,*,賀鑄,*,*
海明威,0,0,0,N,peoplename,*,*,*,*,海明威,*,*
海都,0,0,0,N,peoplename,*,*,*,*,海都,*,*
海頓,0,0,0,N,peoplename,*,*,*,*,海頓,*,*
海涅,0,0,0,N,peoplename,*,*,*,*,海涅,*,*
海倫凱勒,0,0,0,N,peoplename,*,*,*,*,海倫凱勒,*,*
海格,0,0,0,N,peoplename,*,*,*,*,海格,*,*
海瑞,0,0,0,N,peoplename,*,*,*,*,海瑞,*,*
海森堡,0,0,0,N,peoplename,*,*,*,*,海森堡,*,*
黑格爾,0,0,0,N,peoplename,*,*,*,*,黑格爾,*,*
黑澤明,0,0,0,N,peoplename,*,*,*,*,黑澤明,*,*
侯白,0,0,0,N,peoplename,*,*,*,*,侯白,*,*
侯方域,0,0,0,N,peoplename,*,*,*,*,侯方域,*,*
侯景,0,0,0,N,peoplename,*,*,*,*,侯景,*,*
侯嬴,0,0,0,N,peoplename,*,*,*,*,侯嬴,*,*
邯鄲淳,0,0,0,N,peoplename,*,*,*,*,邯鄲淳,*,*
寒風,0,0,0,N,peoplename,*,*,*,*,寒風,*,*
寒浞,0,0,0,N,peoplename,*,*,*,*,寒浞,*,*
寒山,0,0,0,N,peoplename,*,*,*,*,寒山,*,*
韓朋,0,0,0,N,peoplename,*,*,*,*,韓朋,*,*
韓非,0,0,0,N,peoplename,*,*,*,*,韓非,*,*
韓德生,0,0,0,N,peoplename,*,*,*,*,韓德生,*,*
韓德爾,0,0,0,N,peoplename,*,*,*,*,韓德爾,*,*
韓侂冑,0,0,0,N,peoplename,*,*,*,*,韓侂冑,*,*
韓林兒,0,0,0,N,peoplename,*,*,*,*,韓林兒,*,*
韓幹,0,0,0,N,peoplename,*,*,*,*,韓幹,*,*
韓翃,0,0,0,N,peoplename,*,*,*,*,韓翃,*,*
韓琦,0,0,0,N,peoplename,*,*,*,*,韓琦,*,*
韓擒虎,0,0,0,N,peoplename,*,*,*,*,韓擒虎,*,*
韓信,0,0,0,N,peoplename,*,*,*,*,韓信,*,*
韓湘子,0,0,0,N,peoplename,*,*,*,*,韓湘子,*,*
韓昌黎,0,0,0,N,peoplename,*,*,*,*,韓昌黎,*,*
韓世忠,0,0,0,N,peoplename,*,*,*,*,韓世忠,*,*
韓嬰,0,0,0,N,peoplename,*,*,*,*,韓嬰,*,*
韓偓,0,0,0,N,peoplename,*,*,*,*,韓偓,*,*
韓愈,0,0,0,N,peoplename,*,*,*,*,韓愈,*,*
漢尼拔,0,0,0,N,peoplename,*,*,*,*,漢尼拔,*,*
亨利八世,0,0,0,N,peoplename,*,*,*,*,亨利八世,*,*
亨利方達,0,0,0,N,peoplename,*,*,*,*,亨利方達,*,*
亨利福特,0,0,0,N,peoplename,*,*,*,*,亨利福特,*,*
亨利魯斯,0,0,0,N,peoplename,*,*,*,*,亨利魯斯,*,*
亨利七世,0,0,0,N,peoplename,*,*,*,*,亨利七世,*,*
亨利五世,0,0,0,N,peoplename,*,*,*,*,亨利五世,*,*
忽必烈,0,0,0,N,peoplename,*,*,*,*,忽必烈,*,*
狐偃,0,0,0,N,peoplename,*,*,*,*,狐偃,*,*
胡樸安,0,0,0,N,peoplename,*,*,*,*,胡樸安,*,*
胡母敬,0,0,0,N,peoplename,*,*,*,*,胡母敬,*,*
胡佛,0,0,0,N,peoplename,*,*,*,*,胡佛,*,*
胡林翼,0,0,0,N,peoplename,*,*,*,*,胡林翼,*,*
胡亥,0,0,0,N,peoplename,*,*,*,*,胡亥,*,*
胡銓,0,0,0,N,peoplename,*,*,*,*,胡銓,*,*
胡志明,0,0,0,N,peoplename,*,*,*,*,胡志明,*,*
胡適,0,0,0,N,peoplename,*,*,*,*,胡適,*,*
胡三省,0,0,0,N,peoplename,*,*,*,*,胡三省,*,*
胡安國,0,0,0,N,peoplename,*,*,*,*,胡安國,*,*
胡惟庸,0,0,0,N,peoplename,*,*,*,*,胡惟庸,*,*
胡瑗,0,0,0,N,peoplename,*,*,*,*,胡瑗,*,*
虎克,0,0,0,N,peoplename,*,*,*,*,虎克,*,*
護法,0,0,0,N,peoplename,*,*,*,*,護法,*,*
花名,0,0,0,N,peoplename,*,*,*,*,花名,*,*
花木蘭,0,0,0,N,peoplename,*,*,*,*,花木蘭,*,*
花蕊夫人,0,0,0,N,peoplename,*,*,*,*,花蕊夫人,*,*
華德狄斯耐,0,0,0,N,peoplename,*,*,*,*,華德狄斯耐,*,*
華勒沙,0,0,0,N,peoplename,*,*,*,*,華勒沙,*,*
華萊士,0,0,0,N,peoplename,*,*,*,*,華萊士,*,*
華格納,0,0,0,N,peoplename,*,*,*,*,華格納,*,*
華盛頓,0,0,0,N,peoplename,*,*,*,*,華盛頓,*,*
華佗,0,0,0,N,peoplename,*,*,*,*,華佗,*,*
華蘅芳,0,0,0,N,peoplename,*,*,*,*,華蘅芳,*,*
華歆,0,0,0,N,peoplename,*,*,*,*,華歆,*,*
華嵒,0,0,0,N,peoplename,*,*,*,*,華嵒,*,*
華岳,0,0,0,N,peoplename,*,*,*,*,華岳,*,*
華元,0,0,0,N,peoplename,*,*,*,*,華元,*,*
霍布斯,0,0,0,N,peoplename,*,*,*,*,霍布斯,*,*
霍普特曼,0,0,0,N,peoplename,*,*,*,*,霍普特曼,*,*
霍光,0,0,0,N,peoplename,*,*,*,*,霍光,*,*
霍去病,0,0,0,N,peoplename,*,*,*,*,霍去病,*,*
霍桑,0,0,0,N,peoplename,*,*,*,*,霍桑,*,*
懷德海,0,0,0,N,peoplename,*,*,*,*,懷德海,*,*
懷素,0,0,0,N,peoplename,*,*,*,*,懷素,*,*
惠棟,0,0,0,N,peoplename,*,*,*,*,惠棟,*,*
惠特曼,0,0,0,N,peoplename,*,*,*,*,惠特曼,*,*
惠施,0,0,0,N,peoplename,*,*,*,*,惠施,*,*
惠士奇,0,0,0,N,peoplename,*,*,*,*,惠士奇,*,*
桓譚,0,0,0,N,peoplename,*,*,*,*,桓譚,*,*
桓寬,0,0,0,N,peoplename,*,*,*,*,桓寬,*,*
桓溫,0,0,0,N,peoplename,*,*,*,*,桓溫,*,*
皇甫謐,0,0,0,N,peoplename,*,*,*,*,皇甫謐,*,*
皇甫湜,0,0,0,N,peoplename,*,*,*,*,皇甫湜,*,*
皇太極,0,0,0,N,peoplename,*,*,*,*,皇太極,*,*
皇侃,0,0,0,N,peoplename,*,*,*,*,皇侃,*,*
皇象,0,0,0,N,peoplename,*,*,*,*,皇象,*,*
黃霸,0,0,0,N,peoplename,*,*,*,*,黃霸,*,*
黃百韜,0,0,0,N,peoplename,*,*,*,*,黃百韜,*,*
黃賓虹,0,0,0,N,peoplename,*,*,*,*,黃賓虹,*,*
黃丕烈,0,0,0,N,peoplename,*,*,*,*,黃丕烈,*,*
黃道周,0,0,0,N,peoplename,*,*,*,*,黃道周,*,*
黃庭堅,0,0,0,N,peoplename,*,*,*,*,黃庭堅,*,*
黃蓋,0,0,0,N,peoplename,*,*,*,*,黃蓋,*,*
黃公望,0,0,0,N,peoplename,*,*,*,*,黃公望,*,*
黃侃,0,0,0,N,peoplename,*,*,*,*,黃侃,*,*
黃君璧,0,0,0,N,peoplename,*,*,*,*,黃君璧,*,*
黃歇,0,0,0,N,peoplename,*,*,*,*,黃歇,*,*
黃香,0,0,0,N,peoplename,*,*,*,*,黃香,*,*
黃興,0,0,0,N,peoplename,*,*,*,*,黃興,*,*
黃巢,0,0,0,N,peoplename,*,*,*,*,黃巢,*,*
黃山谷,0,0,0,N,peoplename,*,*,*,*,黃山谷,*,*
黃自,0,0,0,N,peoplename,*,*,*,*,黃自,*,*
黃宗羲,0,0,0,N,peoplename,*,*,*,*,黃宗羲,*,*
洪邁,0,0,0,N,peoplename,*,*,*,*,洪邁,*,*
洪秀全,0,0,0,N,peoplename,*,*,*,*,洪秀全,*,*
洪承疇,0,0,0,N,peoplename,*,*,*,*,洪承疇,*,*
洪昇,0,0,0,N,peoplename,*,*,*,*,洪昇,*,*
洪自誠,0,0,0,N,peoplename,*,*,*,*,洪自誠,*,*
箕子,0,0,0,N,peoplename,*,*,*,*,箕子,*,*
嵇康,0,0,0,N,peoplename,*,*,*,*,嵇康,*,*
嵇紹,0,0,0,N,peoplename,*,*,*,*,嵇紹,*,*
汲黯,0,0,0,N,peoplename,*,*,*,*,汲黯,*,*
吉備真備,0,0,0,N,peoplename,*,*,*,*,吉備真備,*,*
吉卜齡,0,0,0,N,peoplename,*,*,*,*,吉卜齡,*,*
吉朋,0,0,0,N,peoplename,*,*,*,*,吉朋,*,*
吉田茂,0,0,0,N,peoplename,*,*,*,*,吉田茂,*,*
吉田松陰,0,0,0,N,peoplename,*,*,*,*,吉田松陰,*,*
吉辛,0,0,0,N,peoplename,*,*,*,*,吉辛,*,*
吉星文,0,0,0,N,peoplename,*,*,*,*,吉星文,*,*
吉川英治,0,0,0,N,peoplename,*,*,*,*,吉川英治,*,*
吉藏,0,0,0,N,peoplename,*,*,*,*,吉藏,*,*
紀德,0,0,0,N,peoplename,*,*,*,*,紀德,*,*
紀曉嵐,0,0,0,N,peoplename,*,*,*,*,紀曉嵐,*,*
紀昀,0,0,0,N,peoplename,*,*,*,*,紀昀,*,*
季布,0,0,0,N,peoplename,*,*,*,*,季布,*,*
季札,0,0,0,N,peoplename,*,*,*,*,季札,*,*
濟慈,0,0,0,N,peoplename,*,*,*,*,濟慈,*,*
加富爾,0,0,0,N,peoplename,*,*,*,*,加富爾,*,*
加里波的,0,0,0,N,peoplename,*,*,*,*,加里波的,*,*
伽馬,0,0,0,N,peoplename,*,*,*,*,伽馬,*,*
伽利略,0,0,0,N,peoplename,*,*,*,*,伽利略,*,*
迦蘭陀,0,0,0,N,peoplename,*,*,*,*,迦蘭陀,*,*
迦旃延,0,0,0,N,peoplename,*,*,*,*,迦旃延,*,*
賈島,0,0,0,N,peoplename,*,*,*,*,賈島,*,*
賈魯,0,0,0,N,peoplename,*,*,*,*,賈魯,*,*
賈公彥,0,0,0,N,peoplename,*,*,*,*,賈公彥,*,*
賈逵,0,0,0,N,peoplename,*,*,*,*,賈逵,*,*
賈似道,0,0,0,N,peoplename,*,*,*,*,賈似道,*,*
賈誼,0,0,0,N,peoplename,*,*,*,*,賈誼,*,*
揭傒斯,0,0,0,N,peoplename,*,*,*,*,揭傒斯,*,*
桀,0,0,0,N,peoplename,*,*,*,*,桀,*,*
傑弗遜,0,0,0,N,peoplename,*,*,*,*,傑弗遜,*,*
傑佛士,0,0,0,N,peoplename,*,*,*,*,傑佛士,*,*
傑克倫敦,0,0,0,N,peoplename,*,*,*,*,傑克倫敦,*,*
傑克遜,0,0,0,N,peoplename,*,*,*,*,傑克遜,*,*
介之推,0,0,0,N,peoplename,*,*,*,*,介之推,*,*
芥川龍之介,0,0,0,N,peoplename,*,*,*,*,芥川龍之介,*,*
焦循,0,0,0,N,peoplename,*,*,*,*,焦循,*,*
焦仲卿,0,0,0,N,peoplename,*,*,*,*,焦仲卿,*,*
膠鬲,0,0,0,N,peoplename,*,*,*,*,膠鬲,*,*
鳩摩羅什,0,0,0,N,peoplename,*,*,*,*,鳩摩羅什,*,*
九方皋,0,0,0,N,peoplename,*,*,*,*,九方皋,*,*
簡朝亮,0,0,0,N,peoplename,*,*,*,*,簡朝亮,*,*
金榜,0,0,0,N,peoplename,*,*,*,*,金榜,*,*
金日磾,0,0,0,N,peoplename,*,*,*,*,金日磾,*,*
金農,0,0,0,N,peoplename,*,*,*,*,金農,*,*
金履祥,0,0,0,N,peoplename,*,*,*,*,金履祥,*,*
金和,0,0,0,N,peoplename,*,*,*,*,金和,*,*
金張,0,0,0,N,peoplename,*,*,*,*,金張,*,*
金石錄,0,0,0,N,peoplename,*,*,*,*,金石錄,*,*
金聲,0,0,0,N,peoplename,*,*,*,*,金聲,*,*
金恩,0,0,0,N,peoplename,*,*,*,*,金恩,*,*
津田左右吉,0,0,0,N,peoplename,*,*,*,*,津田左右吉,*,*
江彬,0,0,0,N,peoplename,*,*,*,*,江彬,*,*
江統,0,0,0,N,peoplename,*,*,*,*,江統,*,*
江加走,0,0,0,N,peoplename,*,*,*,*,江加走,*,*
江聲,0,0,0,N,peoplename,*,*,*,*,江聲,*,*
江總,0,0,0,N,peoplename,*,*,*,*,江總,*,*
江參,0,0,0,N,peoplename,*,*,*,*,江參,*,*
江有誥,0,0,0,N,peoplename,*,*,*,*,江有誥,*,*
江淹,0,0,0,N,peoplename,*,*,*,*,江淹,*,*
江永,0,0,0,N,peoplename,*,*,*,*,江永,*,*
姜太公,0,0,0,N,peoplename,*,*,*,*,姜太公,*,*
姜夔,0,0,0,N,peoplename,*,*,*,*,姜夔,*,*
姜宸英,0,0,0,N,peoplename,*,*,*,*,姜宸英,*,*
姜尚,0,0,0,N,peoplename,*,*,*,*,姜尚,*,*
姜子牙,0,0,0,N,peoplename,*,*,*,*,姜子牙,*,*
姜維,0,0,0,N,peoplename,*,*,*,*,姜維,*,*
姜嫄,0,0,0,N,peoplename,*,*,*,*,姜嫄,*,*
蔣百里,0,0,0,N,peoplename,*,*,*,*,蔣百里,*,*
蔣夢麟,0,0,0,N,peoplename,*,*,*,*,蔣夢麟,*,*
蔣方震,0,0,0,N,peoplename,*,*,*,*,蔣方震,*,*
蔣防,0,0,0,N,peoplename,*,*,*,*,蔣防,*,*
蔣廷錫,0,0,0,N,peoplename,*,*,*,*,蔣廷錫,*,*
蔣濟,0,0,0,N,peoplename,*,*,*,*,蔣濟,*,*
蔣捷,0,0,0,N,peoplename,*,*,*,*,蔣捷,*,*
蔣經國,0,0,0,N,peoplename,*,*,*,*,蔣經國,*,*
蔣中正,0,0,0,N,peoplename,*,*,*,*,蔣中正,*,*
蔣春霖,0,0,0,N,peoplename,*,*,*,*,蔣春霖,*,*
蔣士銓,0,0,0,N,peoplename,*,*,*,*,蔣士銓,*,*
蔣琬,0,0,0,N,peoplename,*,*,*,*,蔣琬,*,*
京房,0,0,0,N,peoplename,*,*,*,*,京房,*,*
荊軻,0,0,0,N,peoplename,*,*,*,*,荊軻,*,*
荊浩,0,0,0,N,peoplename,*,*,*,*,荊浩,*,*
景差,0,0,0,N,peoplename,*,*,*,*,景差,*,*
沮誦,0,0,0,N,peoplename,*,*,*,*,沮誦,*,*
居里,0,0,0,N,peoplename,*,*,*,*,居里,*,*
居里夫人,0,0,0,N,peoplename,*,*,*,*,居里夫人,*,*
菊池寬,0,0,0,N,peoplename,*,*,*,*,菊池寬,*,*
巨然,0,0,0,N,peoplename,*,*,*,*,巨然,*,*
君士坦丁大帝,0,0,0,N,peoplename,*,*,*,*,君士坦丁大帝,*,*
戚夫人,0,0,0,N,peoplename,*,*,*,*,戚夫人,*,*
戚繼光,0,0,0,N,peoplename,*,*,*,*,戚繼光,*,*
岐伯,0,0,0,N,peoplename,*,*,*,*,岐伯,*,*
琦善,0,0,0,N,peoplename,*,*,*,*,琦善,*,*
耆英,0,0,0,N,peoplename,*,*,*,*,耆英,*,*
齊伯林,0,0,0,N,peoplename,*,*,*,*,齊伯林,*,*
齊白石,0,0,0,N,peoplename,*,*,*,*,齊白石,*,*
齊明,0,0,0,N,peoplename,*,*,*,*,齊明,*,*
齊鐵恨,0,0,0,N,peoplename,*,*,*,*,齊鐵恨,*,*
齊諾,0,0,0,N,peoplename,*,*,*,*,齊諾,*,*
齊克果,0,0,0,N,peoplename,*,*,*,*,齊克果,*,*
齊諧,0,0,0,N,peoplename,*,*,*,*,齊諧,*,*
乞伏國仁,0,0,0,N,peoplename,*,*,*,*,乞伏國仁,*,*
杞梁,0,0,0,N,peoplename,*,*,*,*,杞梁,*,*
啟,0,0,0,N,peoplename,*,*,*,*,啟,*,*
棄,0,0,0,N,peoplename,*,*,*,*,棄,*,*
棄宗弄贊,0,0,0,N,peoplename,*,*,*,*,棄宗弄贊,*,*
喬吉,0,0,0,N,peoplename,*,*,*,*,喬吉,*,*
譙周,0,0,0,N,peoplename,*,*,*,*,譙周,*,*
丘逢甲,0,0,0,N,peoplename,*,*,*,*,丘逢甲,*,*
丘遲,0,0,0,N,peoplename,*,*,*,*,丘遲,*,*
丘處機,0,0,0,N,peoplename,*,*,*,*,丘處機,*,*
邱吉爾,0,0,0,N,peoplename,*,*,*,*,邱吉爾,*,*
秋胡,0,0,0,N,peoplename,*,*,*,*,秋胡,*,*
秋瑾,0,0,0,N,peoplename,*,*,*,*,秋瑾,*,*
仇英,0,0,0,N,peoplename,*,*,*,*,仇英,*,*
錢灃,0,0,0,N,peoplename,*,*,*,*,錢灃,*,*
錢大昕,0,0,0,N,peoplename,*,*,*,*,錢大昕,*,*
錢大昭,0,0,0,N,peoplename,*,*,*,*,錢大昭,*,*
錢坫,0,0,0,N,peoplename,*,*,*,*,錢坫,*,*
錢起,0,0,0,N,peoplename,*,*,*,*,錢起,*,*
錢謙益,0,0,0,N,peoplename,*,*,*,*,錢謙益,*,*
錢玄同,0,0,0,N,peoplename,*,*,*,*,錢玄同,*,*
錢泳,0,0,0,N,peoplename,*,*,*,*,錢泳,*,*
秦良玉,0,0,0,N,peoplename,*,*,*,*,秦良玉,*,*
秦觀,0,0,0,N,peoplename,*,*,*,*,秦觀,*,*
秦檜,0,0,0,N,peoplename,*,*,*,*,秦檜,*,*
秦少游,0,0,0,N,peoplename,*,*,*,*,秦少游,*,*
秦叔寶,0,0,0,N,peoplename,*,*,*,*,秦叔寶,*,*
秦舞陽,0,0,0,N,peoplename,*,*,*,*,秦舞陽,*,*
禽滑釐,0,0,0,N,peoplename,*,*,*,*,禽滑釐,*,*
慶父,0,0,0,N,peoplename,*,*,*,*,慶父,*,*
慶忌,0,0,0,N,peoplename,*,*,*,*,慶忌,*,*
屈平,0,0,0,N,peoplename,*,*,*,*,屈平,*,*
屈大均,0,0,0,N,peoplename,*,*,*,*,屈大均,*,*
屈萬里,0,0,0,N,peoplename,*,*,*,*,屈萬里,*,*
屈原,0,0,0,N,peoplename,*,*,*,*,屈原,*,*
瞿式耜,0,0,0,N,peoplename,*,*,*,*,瞿式耜,*,*
蘧伯玉,0,0,0,N,peoplename,*,*,*,*,蘧伯玉,*,*
蘧瑗,0,0,0,N,peoplename,*,*,*,*,蘧瑗,*,*
西貝流士,0,0,0,N,peoplename,*,*,*,*,西貝流士,*,*
西門豹,0,0,0,N,peoplename,*,*,*,*,西門豹,*,*
西門子,0,0,0,N,peoplename,*,*,*,*,西門子,*,*
西蒙遜,0,0,0,N,peoplename,*,*,*,*,西蒙遜,*,*
西迦爾,0,0,0,N,peoplename,*,*,*,*,西迦爾,*,*
西鄉隆盛,0,0,0,N,peoplename,*,*,*,*,西鄉隆盛,*,*
西塞羅,0,0,0,N,peoplename,*,*,*,*,西塞羅,*,*
希特勒,0,0,0,N,peoplename,*,*,*,*,希特勒,*,*
希羅多德,0,0,0,N,peoplename,*,*,*,*,希羅多德,*,*
希區考克,0,0,0,N,peoplename,*,*,*,*,希區考克,*,*
希斯亞德,0,0,0,N,peoplename,*,*,*,*,希斯亞德,*,*
希爾頓,0,0,0,N,peoplename,*,*,*,*,希爾頓,*,*
悉達多,0,0,0,N,peoplename,*,*,*,*,悉達多,*,*
席勒,0,0,0,N,peoplename,*,*,*,*,席勒,*,*
夏丏尊,0,0,0,N,peoplename,*,*,*,*,夏丏尊,*,*
夏目漱石,0,0,0,N,peoplename,*,*,*,*,夏目漱石,*,*
夏綠蒂,0,0,0,N,peoplename,*,*,*,*,夏綠蒂,*,*
夏珪,0,0,0,N,peoplename,*,*,*,*,夏珪,*,*
夏侯惇,0,0,0,N,peoplename,*,*,*,*,夏侯惇,*,*
夏侯建,0,0,0,N,peoplename,*,*,*,*,夏侯建,*,*
夏侯湛,0,0,0,N,peoplename,*,*,*,*,夏侯湛,*,*
夏元瑜,0,0,0,N,peoplename,*,*,*,*,夏元瑜,*,*
契,0,0,0,N,peoplename,*,*,*,*,契,*,*
偰,0,0,0,N,peoplename,*,*,*,*,偰,*,*
偰列箎,0,0,0,N,peoplename,*,*,*,*,偰列箎,*,*
𥜾,0,0,0,N,peoplename,*,*,*,*,𥜾,*,*
謝道韞,0,0,0,N,peoplename,*,*,*,*,謝道韞,*,*
謝東閔,0,0,0,N,peoplename,*,*,*,*,謝東閔,*,*
謝脁,0,0,0,N,peoplename,*,*,*,*,謝脁,*,*
謝勒,0,0,0,N,peoplename,*,*,*,*,謝勒,*,*
謝靈運,0,0,0,N,peoplename,*,*,*,*,謝靈運,*,*
謝惠連,0,0,0,N,peoplename,*,*,*,*,謝惠連,*,*
謝晉元,0,0,0,N,peoplename,*,*,*,*,謝晉元,*,*
謝玄,0,0,0,N,peoplename,*,*,*,*,謝玄,*,*
謝安,0,0,0,N,peoplename,*,*,*,*,謝安,*,*
蕭伯納,0,0,0,N,peoplename,*,*,*,*,蕭伯納,*,*
蕭邦,0,0,0,N,peoplename,*,*,*,*,蕭邦,*,*
蕭道成,0,0,0,N,peoplename,*,*,*,*,蕭道成,*,*
蕭太后,0,0,0,N,peoplename,*,*,*,*,蕭太后,*,*
蕭統,0,0,0,N,peoplename,*,*,*,*,蕭統,*,*
蕭何,0,0,0,N,peoplename,*,*,*,*,蕭何,*,*
蕭衍,0,0,0,N,peoplename,*,*,*,*,蕭衍,*,*
小仲馬,0,0,0,N,peoplename,*,*,*,*,小仲馬,*,*
修己,0,0,0,N,peoplename,*,*,*,*,修己,*,*
弦高,0,0,0,N,peoplename,*,*,*,*,弦高,*,*
辛棄疾,0,0,0,N,peoplename,*,*,*,*,辛棄疾,*,*
香妃,0,0,0,N,peoplename,*,*,*,*,香妃,*,*
向秀,0,0,0,N,peoplename,*,*,*,*,向秀,*,*
向寵,0,0,0,N,peoplename,*,*,*,*,向寵,*,*
向榮,0,0,0,N,peoplename,*,*,*,*,向榮,*,*
項伯,0,0,0,N,peoplename,*,*,*,*,項伯,*,*
項梁,0,0,0,N,peoplename,*,*,*,*,項梁,*,*
項籍,0,0,0,N,peoplename,*,*,*,*,項籍,*,*
項羽,0,0,0,N,peoplename,*,*,*,*,項羽,*,*
興登堡,0,0,0,N,peoplename,*,*,*,*,興登堡,*,*
邢昺,0,0,0,N,peoplename,*,*,*,*,邢昺,*,*
邢侗,0,0,0,N,peoplename,*,*,*,*,邢侗,*,*
須菩堤,0,0,0,N,peoplename,*,*,*,*,須菩堤,*,*
徐悲鴻,0,0,0,N,peoplename,*,*,*,*,徐悲鴻,*,*
徐福,0,0,0,N,peoplename,*,*,*,*,徐福,*,*
徐俯,0,0,0,N,peoplename,*,*,*,*,徐俯,*,*
徐陵,0,0,0,N,peoplename,*,*,*,*,徐陵,*,*
徐幹,0,0,0,N,peoplename,*,*,*,*,徐幹,*,*
徐光啟,0,0,0,N,peoplename,*,*,*,*,徐光啟,*,*
徐鍇,0,0,0,N,peoplename,*,*,*,*,徐鍇,*,*
徐浩,0,0,0,N,peoplename,*,*,*,*,徐浩,*,*
徐敬業,0,0,0,N,peoplename,*,*,*,*,徐敬業,*,*
徐熙,0,0,0,N,peoplename,*,*,*,*,徐熙,*,*
徐鉉,0,0,0,N,peoplename,*,*,*,*,徐鉉,*,*
徐志摩,0,0,0,N,peoplename,*,*,*,*,徐志摩,*,*
徐禎卿,0,0,0,N,peoplename,*,*,*,*,徐禎卿,*,*
徐崇嗣,0,0,0,N,peoplename,*,*,*,*,徐崇嗣,*,*
徐世昌,0,0,0,N,peoplename,*,*,*,*,徐世昌,*,*
徐壽,0,0,0,N,peoplename,*,*,*,*,徐壽,*,*
徐偃王,0,0,0,N,peoplename,*,*,*,*,徐偃王,*,*
徐渭,0,0,0,N,peoplename,*,*,*,*,徐渭,*,*
徐永昌,0,0,0,N,peoplename,*,*,*,*,徐永昌,*,*
許地山,0,0,0,N,peoplename,*,*,*,*,許地山,*,*
許景澄,0,0,0,N,peoplename,*,*,*,*,許景澄,*,*
許行,0,0,0,N,peoplename,*,*,*,*,許行,*,*
許慎,0,0,0,N,peoplename,*,*,*,*,許慎,*,*
許由,0,0,0,N,peoplename,*,*,*,*,許由,*,*
旭烈兀,0,0,0,N,peoplename,*,*,*,*,旭烈兀,*,*
薛逢,0,0,0,N,peoplename,*,*,*,*,薛逢,*,*
薛福成,0,0,0,N,peoplename,*,*,*,*,薛福成,*,*
薛道衡,0,0,0,N,peoplename,*,*,*,*,薛道衡,*,*
薛濤,0,0,0,N,peoplename,*,*,*,*,薛濤,*,*
薛居正,0,0,0,N,peoplename,*,*,*,*,薛居正,*,*
薛瑄,0,0,0,N,peoplename,*,*,*,*,薛瑄,*,*
薛仁貴,0,0,0,N,peoplename,*,*,*,*,薛仁貴,*,*
雪萊,0,0,0,N,peoplename,*,*,*,*,雪萊,*,*
翾風,0,0,0,N,peoplename,*,*,*,*,翾風,*,*
荀況,0,0,0,N,peoplename,*,*,*,*,荀況,*,*
荀勖,0,0,0,N,peoplename,*,*,*,*,荀勖,*,*
荀彧,0,0,0,N,peoplename,*,*,*,*,荀彧,*,*
荀悅,0,0,0,N,peoplename,*,*,*,*,荀悅,*,*
熊本,0,0,0,N,peoplename,*,*,*,*,熊本,*,*
熊十力,0,0,0,N,peoplename,*,*,*,*,熊十力,*,*
支遁,0,0,0,N,peoplename,*,*,*,*,支遁,*,*
支謙,0,0,0,N,peoplename,*,*,*,*,支謙,*,*
支讖,0,0,0,N,peoplename,*,*,*,*,支讖,*,*
知禮,0,0,0,N,peoplename,*,*,*,*,知禮,*,*
織田信長,0,0,0,N,peoplename,*,*,*,*,織田信長,*,*
摯虞,0,0,0,N,peoplename,*,*,*,*,摯虞,*,*
查士標,0,0,0,N,peoplename,*,*,*,*,查士標,*,*
查士丁尼一世,0,0,0,N,peoplename,*,*,*,*,查士丁尼一世,*,*
查慎行,0,0,0,N,peoplename,*,*,*,*,查慎行,*,*
趙伯駒,0,0,0,N,peoplename,*,*,*,*,趙伯駒,*,*
趙孟頫,0,0,0,N,peoplename,*,*,*,*,趙孟頫,*,*
趙明誠,0,0,0,N,peoplename,*,*,*,*,趙明誠,*,*
趙飛燕,0,0,0,N,peoplename,*,*,*,*,趙飛燕,*,*
趙令畤,0,0,0,N,peoplename,*,*,*,*,趙令畤,*,*
趙高,0,0,0,N,peoplename,*,*,*,*,趙高,*,*
趙匡胤,0,0,0,N,peoplename,*,*,*,*,趙匡胤,*,*
趙佶,0,0,0,N,peoplename,*,*,*,*,趙佶,*,*
趙之謙,0,0,0,N,peoplename,*,*,*,*,趙之謙,*,*
趙充國,0,0,0,N,peoplename,*,*,*,*,趙充國,*,*
趙崇祚,0,0,0,N,peoplename,*,*,*,*,趙崇祚,*,*
趙衰,0,0,0,N,peoplename,*,*,*,*,趙衰,*,*
趙壹,0,0,0,N,peoplename,*,*,*,*,趙壹,*,*
趙翼,0,0,0,N,peoplename,*,*,*,*,趙翼,*,*
趙曄,0,0,0,N,peoplename,*,*,*,*,趙曄,*,*
趙武,0,0,0,N,peoplename,*,*,*,*,趙武,*,*
趙元昊,0,0,0,N,peoplename,*,*,*,*,趙元昊,*,*
趙元任,0,0,0,N,peoplename,*,*,*,*,趙元任,*,*
趙雲,0,0,0,N,peoplename,*,*,*,*,趙雲,*,*
周勃,0,0,0,N,peoplename,*,*,*,*,周勃,*,*
周邦彥,0,0,0,N,peoplename,*,*,*,*,周邦彥,*,*
周密,0,0,0,N,peoplename,*,*,*,*,周密,*,*
周昉,0,0,0,N,peoplename,*,*,*,*,周昉,*,*
周敦頤,0,0,0,N,peoplename,*,*,*,*,周敦頤,*,*
周公,0,0,0,N,peoplename,*,*,*,*,周公,*,*
周公瑾,0,0,0,N,peoplename,*,*,*,*,周公瑾,*,*
周濟,0,0,0,N,peoplename,*,*,*,*,周濟,*,*
周處,0,0,0,N,peoplename,*,*,*,*,周處,*,*
周樹人,0,0,0,N,peoplename,*,*,*,*,周樹人,*,*
周作人,0,0,0,N,peoplename,*,*,*,*,周作人,*,*
周倉,0,0,0,N,peoplename,*,*,*,*,周倉,*,*
周恩來,0,0,0,N,peoplename,*,*,*,*,周恩來,*,*
周顗,0,0,0,N,peoplename,*,*,*,*,周顗,*,*
周亞夫,0,0,0,N,peoplename,*,*,*,*,周亞夫,*,*
周瑜,0,0,0,N,peoplename,*,*,*,*,周瑜,*,*
周顒,0,0,0,N,peoplename,*,*,*,*,周顒,*,*
紂,0,0,0,N,peoplename,*,*,*,*,紂,*,*
詹天佑,0,0,0,N,peoplename,*,*,*,*,詹天佑,*,*
詹森,0,0,0,N,peoplename,*,*,*,*,詹森,*,*
展禽,0,0,0,N,peoplename,*,*,*,*,展禽,*,*
展子虔,0,0,0,N,peoplename,*,*,*,*,展子虔,*,*
貞德,0,0,0,N,peoplename,*,*,*,*,貞德,*,*
真諦,0,0,0,N,peoplename,*,*,*,*,真諦,*,*
章炳麟,0,0,0,N,peoplename,*,*,*,*,章炳麟,*,*
章邯,0,0,0,N,peoplename,*,*,*,*,章邯,*,*
章懷太子,0,0,0,N,peoplename,*,*,*,*,章懷太子,*,*
章學誠,0,0,0,N,peoplename,*,*,*,*,章學誠,*,*
張邦昌,0,0,0,N,peoplename,*,*,*,*,張邦昌,*,*
張飛,0,0,0,N,peoplename,*,*,*,*,張飛,*,*
張大千,0,0,0,N,peoplename,*,*,*,*,張大千,*,*
張道陵,0,0,0,N,peoplename,*,*,*,*,張道陵,*,*
張湯,0,0,0,N,peoplename,*,*,*,*,張湯,*,*
張耒,0,0,0,N,peoplename,*,*,*,*,張耒,*,*
張麗華,0,0,0,N,peoplename,*,*,*,*,張麗華,*,*
張良,0,0,0,N,peoplename,*,*,*,*,張良,*,*
張果,0,0,0,N,peoplename,*,*,*,*,張果,*,*
張公藝,0,0,0,N,peoplename,*,*,*,*,張公藝,*,*
張可久,0,0,0,N,peoplename,*,*,*,*,張可久,*,*
張翰,0,0,0,N,peoplename,*,*,*,*,張翰,*,*
張衡,0,0,0,N,peoplename,*,*,*,*,張衡,*,*
張華,0,0,0,N,peoplename,*,*,*,*,張華,*,*
張懷瓘,0,0,0,N,peoplename,*,*,*,*,張懷瓘,*,*
張機,0,0,0,N,peoplename,*,*,*,*,張機,*,*
張籍,0,0,0,N,peoplename,*,*,*,*,張籍,*,*
張繼,0,0,0,N,peoplename,*,*,*,*,張繼,*,*
張介賓,0,0,0,N,peoplename,*,*,*,*,張介賓,*,*
張角,0,0,0,N,peoplename,*,*,*,*,張角,*,*
張九齡,0,0,0,N,peoplename,*,*,*,*,張九齡,*,*
張居正,0,0,0,N,peoplename,*,*,*,*,張居正,*,*
張君房,0,0,0,N,peoplename,*,*,*,*,張君房,*,*
張騫,0,0,0,N,peoplename,*,*,*,*,張騫,*,*
張協,0,0,0,N,peoplename,*,*,*,*,張協,*,*
張先,0,0,0,N,peoplename,*,*,*,*,張先,*,*
張獻忠,0,0,0,N,peoplename,*,*,*,*,張獻忠,*,*
張旭,0,0,0,N,peoplename,*,*,*,*,張旭,*,*
張勳,0,0,0,N,peoplename,*,*,*,*,張勳,*,*
張巡,0,0,0,N,peoplename,*,*,*,*,張巡,*,*
張之洞,0,0,0,N,peoplename,*,*,*,*,張之洞,*,*
張芝,0,0,0,N,peoplename,*,*,*,*,張芝,*,*
張志和,0,0,0,N,peoplename,*,*,*,*,張志和,*,*
張潮,0,0,0,N,peoplename,*,*,*,*,張潮,*,*
張敞,0,0,0,N,peoplename,*,*,*,*,張敞,*,*
張士誠,0,0,0,N,peoplename,*,*,*,*,張士誠,*,*
張世傑,0,0,0,N,peoplename,*,*,*,*,張世傑,*,*
張舜民,0,0,0,N,peoplename,*,*,*,*,張舜民,*,*
張若虛,0,0,0,N,peoplename,*,*,*,*,張若虛,*,*
張瑞圖,0,0,0,N,peoplename,*,*,*,*,張瑞圖,*,*
張自忠,0,0,0,N,peoplename,*,*,*,*,張自忠,*,*
張載,0,0,0,N,peoplename,*,*,*,*,張載,*,*
張璪,0,0,0,N,peoplename,*,*,*,*,張璪,*,*
張作霖,0,0,0,N,peoplename,*,*,*,*,張作霖,*,*
張三丰,0,0,0,N,peoplename,*,*,*,*,張三丰,*,*
張僧繇,0,0,0,N,peoplename,*,*,*,*,張僧繇,*,*
張愛玲,0,0,0,N,peoplename,*,*,*,*,張愛玲,*,*
張揖,0,0,0,N,peoplename,*,*,*,*,張揖,*,*
張儀,0,0,0,N,peoplename,*,*,*,*,張儀,*,*
張炎,0,0,0,N,peoplename,*,*,*,*,張炎,*,*
張說,0,0,0,N,peoplename,*,*,*,*,張說,*,*
長孫無忌,0,0,0,N,peoplename,*,*,*,*,長孫無忌,*,*
鄭豐喜,0,0,0,N,peoplename,*,*,*,*,鄭豐喜,*,*
鄭旦,0,0,0,N,peoplename,*,*,*,*,鄭旦,*,*
鄭光祖,0,0,0,N,peoplename,*,*,*,*,鄭光祖,*,*
鄭克塽,0,0,0,N,peoplename,*,*,*,*,鄭克塽,*,*
鄭和,0,0,0,N,peoplename,*,*,*,*,鄭和,*,*
鄭吉,0,0,0,N,peoplename,*,*,*,*,鄭吉,*,*
鄭經,0,0,0,N,peoplename,*,*,*,*,鄭經,*,*
鄭樵,0,0,0,N,peoplename,*,*,*,*,鄭樵,*,*
鄭虔,0,0,0,N,peoplename,*,*,*,*,鄭虔,*,*
鄭燮,0,0,0,N,peoplename,*,*,*,*,鄭燮,*,*
鄭玄,0,0,0,N,peoplename,*,*,*,*,鄭玄,*,*
鄭芝龍,0,0,0,N,peoplename,*,*,*,*,鄭芝龍,*,*
鄭振鐸,0,0,0,N,peoplename,*,*,*,*,鄭振鐸,*,*
鄭眾,0,0,0,N,peoplename,*,*,*,*,鄭眾,*,*
鄭成功,0,0,0,N,peoplename,*,*,*,*,鄭成功,*,*
鄭士良,0,0,0,N,peoplename,*,*,*,*,鄭士良,*,*
鄭思肖,0,0,0,N,peoplename,*,*,*,*,鄭思肖,*,*
鄭文焯,0,0,0,N,peoplename,*,*,*,*,鄭文焯,*,*
朱柏廬,0,0,0,N,peoplename,*,*,*,*,朱柏廬,*,*
朱標,0,0,0,N,peoplename,*,*,*,*,朱標,*,*
朱弁,0,0,0,N,peoplename,*,*,*,*,朱弁,*,*
朱買臣,0,0,0,N,peoplename,*,*,*,*,朱買臣,*,*
朱蒙,0,0,0,N,peoplename,*,*,*,*,朱蒙,*,*
朱穆,0,0,0,N,peoplename,*,*,*,*,朱穆,*,*
朱耷,0,0,0,N,peoplename,*,*,*,*,朱耷,*,*
朱敦儒,0,0,0,N,peoplename,*,*,*,*,朱敦儒,*,*
朱亥,0,0,0,N,peoplename,*,*,*,*,朱亥,*,*
朱駿聲,0,0,0,N,peoplename,*,*,*,*,朱駿聲,*,*
朱慶餘,0,0,0,N,peoplename,*,*,*,*,朱慶餘,*,*
朱全忠,0,0,0,N,peoplename,*,*,*,*,朱全忠,*,*
朱權,0,0,0,N,peoplename,*,*,*,*,朱權,*,*
朱熹,0,0,0,N,peoplename,*,*,*,*,朱熹,*,*
朱執信,0,0,0,N,peoplename,*,*,*,*,朱執信,*,*
朱士行,0,0,0,N,peoplename,*,*,*,*,朱士行,*,*
朱淑真,0,0,0,N,peoplename,*,*,*,*,朱淑真,*,*
朱舜水,0,0,0,N,peoplename,*,*,*,*,朱舜水,*,*
朱自清,0,0,0,N,peoplename,*,*,*,*,朱自清,*,*
朱一貴,0,0,0,N,peoplename,*,*,*,*,朱一貴,*,*
朱彝尊,0,0,0,N,peoplename,*,*,*,*,朱彝尊,*,*
朱溫,0,0,0,N,peoplename,*,*,*,*,朱溫,*,*
朱元璋,0,0,0,N,peoplename,*,*,*,*,朱元璋,*,*
朱筠,0,0,0,N,peoplename,*,*,*,*,朱筠,*,*
諸葛亮,0,0,0,N,peoplename,*,*,*,*,諸葛亮,*,*
竺法蘭,0,0,0,N,peoplename,*,*,*,*,竺法蘭,*,*
竺法護,0,0,0,N,peoplename,*,*,*,*,竺法護,*,*
朱祖謀,0,0,0,N,peoplename,*,*,*,*,朱祖謀,*,*
祝允明,0,0,0,N,peoplename,*,*,*,*,祝允明,*,*
卓別林,0,0,0,N,peoplename,*,*,*,*,卓別林,*,*
卓茂,0,0,0,N,peoplename,*,*,*,*,卓茂,*,*
卓文君,0,0,0,N,peoplename,*,*,*,*,卓文君,*,*
專諸,0,0,0,N,peoplename,*,*,*,*,專諸,*,*
莊周,0,0,0,N,peoplename,*,*,*,*,莊周,*,*
莊子,0,0,0,N,peoplename,*,*,*,*,莊子,*,*
終軍,0,0,0,N,peoplename,*,*,*,*,終軍,*,*
鍾離權,0,0,0,N,peoplename,*,*,*,*,鍾離權,*,*
鍾離春,0,0,0,N,peoplename,*,*,*,*,鍾離春,*,*
鍾會,0,0,0,N,peoplename,*,*,*,*,鍾會,*,*
鍾嶸,0,0,0,N,peoplename,*,*,*,*,鍾嶸,*,*
鍾子期,0,0,0,N,peoplename,*,*,*,*,鍾子期,*,*
鍾嗣成,0,0,0,N,peoplename,*,*,*,*,鍾嗣成,*,*
鍾繇,0,0,0,N,peoplename,*,*,*,*,鍾繇,*,*
仲虺,0,0,0,N,peoplename,*,*,*,*,仲虺,*,*
仲長統,0,0,0,N,peoplename,*,*,*,*,仲長統,*,*
仲由,0,0,0,N,peoplename,*,*,*,*,仲由,*,*
仲雍,0,0,0,N,peoplename,*,*,*,*,仲雍,*,*
郗鑒,0,0,0,N,peoplename,*,*,*,*,郗鑒,*,*
查兌克,0,0,0,N,peoplename,*,*,*,*,查兌克,*,*
察罕帖木兒,0,0,0,N,peoplename,*,*,*,*,察罕帖木兒,*,*
柴門霍夫,0,0,0,N,peoplename,*,*,*,*,柴門霍夫,*,*
柴可夫斯基,0,0,0,N,peoplename,*,*,*,*,柴可夫斯基,*,*
柴榮,0,0,0,N,peoplename,*,*,*,*,柴榮,*,*
晁補之,0,0,0,N,peoplename,*,*,*,*,晁補之,*,*
晁公武,0,0,0,N,peoplename,*,*,*,*,晁公武,*,*
鼂錯,0,0,0,N,peoplename,*,*,*,*,鼂錯,*,*
宸濠,0,0,0,N,peoplename,*,*,*,*,宸濠,*,*
陳霸先,0,0,0,N,peoplename,*,*,*,*,陳霸先,*,*
陳伯之,0,0,0,N,peoplename,*,*,*,*,陳伯之,*,*
陳布雷,0,0,0,N,peoplename,*,*,*,*,陳布雷,*,*
陳彭年,0,0,0,N,peoplename,*,*,*,*,陳彭年,*,*
陳平,0,0,0,N,peoplename,*,*,*,*,陳平,*,*
陳蕃,0,0,0,N,peoplename,*,*,*,*,陳蕃,*,*
陳登,0,0,0,N,peoplename,*,*,*,*,陳登,*,*
陳第,0,0,0,N,peoplename,*,*,*,*,陳第,*,*
陳摶,0,0,0,N,peoplename,*,*,*,*,陳摶,*,*
陳那,0,0,0,N,peoplename,*,*,*,*,陳那,*,*
陳納德,0,0,0,N,peoplename,*,*,*,*,陳納德,*,*
陳澧,0,0,0,N,peoplename,*,*,*,*,陳澧,*,*
陳琳,0,0,0,N,peoplename,*,*,*,*,陳琳,*,*
陳亮,0,0,0,N,peoplename,*,*,*,*,陳亮,*,*
陳果夫,0,0,0,N,peoplename,*,*,*,*,陳果夫,*,*
陳規,0,0,0,N,peoplename,*,*,*,*,陳規,*,*
陳衡恪,0,0,0,N,peoplename,*,*,*,*,陳衡恪,*,*
陳懷生,0,0,0,N,peoplename,*,*,*,*,陳懷生,*,*
陳洪綬,0,0,0,N,peoplename,*,*,*,*,陳洪綬,*,*
陳鴻,0,0,0,N,peoplename,*,*,*,*,陳鴻,*,*
陳繼儒,0,0,0,N,peoplename,*,*,*,*,陳繼儒,*,*
陳靖姑,0,0,0,N,peoplename,*,*,*,*,陳靖姑,*,*
陳炯明,0,0,0,N,peoplename,*,*,*,*,陳炯明,*,*
陳其美,0,0,0,N,peoplename,*,*,*,*,陳其美,*,*
陳獻章,0,0,0,N,peoplename,*,*,*,*,陳獻章,*,*
陳洵,0,0,0,N,peoplename,*,*,*,*,陳洵,*,*
陳之藩,0,0,0,N,peoplename,*,*,*,*,陳之藩,*,*
陳貞慧,0,0,0,N,peoplename,*,*,*,*,陳貞慧,*,*
陳仲子,0,0,0,N,peoplename,*,*,*,*,陳仲子,*,*
陳誠,0,0,0,N,peoplename,*,*,*,*,陳誠,*,*
陳淳,0,0,0,N,peoplename,*,*,*,*,陳淳,*,*
陳師道,0,0,0,N,peoplename,*,*,*,*,陳師道,*,*
陳寔,0,0,0,N,peoplename,*,*,*,*,陳寔,*,*
陳涉,0,0,0,N,peoplename,*,*,*,*,陳涉,*,*
陳少白,0,0,0,N,peoplename,*,*,*,*,陳少白,*,*
陳壽,0,0,0,N,peoplename,*,*,*,*,陳壽,*,*
陳勝,0,0,0,N,peoplename,*,*,*,*,陳勝,*,*
陳水扁,0,0,0,N,peoplename,*,*,*,*,陳水扁,*,*
陳子龍,0,0,0,N,peoplename,*,*,*,*,陳子龍,*,*
陳子昂,0,0,0,N,peoplename,*,*,*,*,陳子昂,*,*
陳造,0,0,0,N,peoplename,*,*,*,*,陳造,*,*
陳慥,0,0,0,N,peoplename,*,*,*,*,陳慥,*,*
陳遵,0,0,0,N,peoplename,*,*,*,*,陳遵,*,*
陳友諒,0,0,0,N,peoplename,*,*,*,*,陳友諒,*,*
陳寅恪,0,0,0,N,peoplename,*,*,*,*,陳寅恪,*,*
陳維崧,0,0,0,N,peoplename,*,*,*,*,陳維崧,*,*
陳與郊,0,0,0,N,peoplename,*,*,*,*,陳與郊,*,*
陳與義,0,0,0,N,peoplename,*,*,*,*,陳與義,*,*
陳垣,0,0,0,N,peoplename,*,*,*,*,陳垣,*,*
陳源,0,0,0,N,peoplename,*,*,*,*,陳源,*,*
陳圓圓,0,0,0,N,peoplename,*,*,*,*,陳圓圓,*,*
常倫,0,0,0,N,peoplename,*,*,*,*,常倫,*,*
常建,0,0,0,N,peoplename,*,*,*,*,常建,*,*
常遇春,0,0,0,N,peoplename,*,*,*,*,常遇春,*,*
唱票,0,0,0,N,peoplename,*,*,*,*,唱票,*,*
成連,0,0,0,N,peoplename,*,*,*,*,成連,*,*
程普,0,0,0,N,peoplename,*,*,*,*,程普,*,*
程邈,0,0,0,N,peoplename,*,*,*,*,程邈,*,*
程顥,0,0,0,N,peoplename,*,*,*,*,程顥,*,*
程長庚,0,0,0,N,peoplename,*,*,*,*,程長庚,*,*
程頤,0,0,0,N,peoplename,*,*,*,*,程頤,*,*
程咬金,0,0,0,N,peoplename,*,*,*,*,程咬金,*,*
程硯秋,0,0,0,N,peoplename,*,*,*,*,程硯秋,*,*
程嬰,0,0,0,N,peoplename,*,*,*,*,程嬰,*,*
程元振,0,0,0,N,peoplename,*,*,*,*,程元振,*,*
鉏麑,0,0,0,N,peoplename,*,*,*,*,鉏麑,*,*
廚川白村,0,0,0,N,peoplename,*,*,*,*,廚川白村,*,*
褚少孫,0,0,0,N,peoplename,*,*,*,*,褚少孫,*,*
褚遂良,0,0,0,N,peoplename,*,*,*,*,褚遂良,*,*
褚威格,0,0,0,N,peoplename,*,*,*,*,褚威格,*,*
觸讋,0,0,0,N,peoplename,*,*,*,*,觸讋,*,*
倕,0,0,0,N,peoplename,*,*,*,*,倕,*,*
川端康成,0,0,0,N,peoplename,*,*,*,*,川端康成,*,*
淳于髡,0,0,0,N,peoplename,*,*,*,*,淳于髡,*,*
淳于意,0,0,0,N,peoplename,*,*,*,*,淳于意,*,*
种放,0,0,0,N,peoplename,*,*,*,*,种放,*,*
种師道,0,0,0,N,peoplename,*,*,*,*,种師道,*,*
种師中,0,0,0,N,peoplename,*,*,*,*,种師中,*,*
施耐庵,0,0,0,N,peoplename,*,*,*,*,施耐庵,*,*
施琅,0,0,0,N,peoplename,*,*,*,*,施琅,*,*
施子安,0,0,0,N,peoplename,*,*,*,*,施子安,*,*
師曠,0,0,0,N,peoplename,*,*,*,*,師曠,*,*
師襄,0,0,0,N,peoplename,*,*,*,*,師襄,*,*
石達開,0,0,0,N,peoplename,*,*,*,*,石達開,*,*
石濤,0,0,0,N,peoplename,*,*,*,*,石濤,*,*
石勒,0,0,0,N,peoplename,*,*,*,*,石勒,*,*
石敬瑭,0,0,0,N,peoplename,*,*,*,*,石敬瑭,*,*
石君寶,0,0,0,N,peoplename,*,*,*,*,石君寶,*,*
石崇,0,0,0,N,peoplename,*,*,*,*,石崇,*,*
史賓格勒,0,0,0,N,peoplename,*,*,*,*,史賓格勒,*,*
史賓塞,0,0,0,N,peoplename,*,*,*,*,史賓塞,*,*
史密斯,0,0,0,N,peoplename,*,*,*,*,史密斯,*,*
史達林,0,0,0,N,peoplename,*,*,*,*,史達林,*,*
史迪威,0,0,0,N,peoplename,*,*,*,*,史迪威,*,*
史蒂芬生,0,0,0,N,peoplename,*,*,*,*,史蒂芬生,*,*
史蒂文生,0,0,0,N,peoplename,*,*,*,*,史蒂文生,*,*
史杜伊夫人,0,0,0,N,peoplename,*,*,*,*,史杜伊夫人,*,*
史塔溫斯基,0,0,0,N,peoplename,*,*,*,*,史塔溫斯基,*,*
史特勞斯,0,0,0,N,peoplename,*,*,*,*,史特勞斯,*,*
史可法,0,0,0,N,peoplename,*,*,*,*,史可法,*,*
史懷哲,0,0,0,N,peoplename,*,*,*,*,史懷哲,*,*
史鰌,0,0,0,N,peoplename,*,*,*,*,史鰌,*,*
史思明,0,0,0,N,peoplename,*,*,*,*,史思明,*,*
史游,0,0,0,N,peoplename,*,*,*,*,史游,*,*
史文赫丁,0,0,0,N,peoplename,*,*,*,*,史文赫丁,*,*
世親,0,0,0,N,peoplename,*,*,*,*,世親,*,*
沙達特,0,0,0,N,peoplename,*,*,*,*,沙達特,*,*
沙特,0,0,0,N,peoplename,*,*,*,*,沙特,*,*
沙利文,0,0,0,N,peoplename,*,*,*,*,沙利文,*,*
沙卡洛夫,0,0,0,N,peoplename,*,*,*,*,沙卡洛夫,*,*
沙畹,0,0,0,N,peoplename,*,*,*,*,沙畹,*,*
莎士比亞,0,0,0,N,peoplename,*,*,*,*,莎士比亞,*,*
舍利弗,0,0,0,N,peoplename,*,*,*,*,舍利弗,*,*
舍利子,0,0,0,N,peoplename,*,*,*,*,舍利子,*,*
攝摩騰,0,0,0,N,peoplename,*,*,*,*,攝摩騰,*,*
少康,0,0,0,N,peoplename,*,*,*,*,少康,*,*
邵雍,0,0,0,N,peoplename,*,*,*,*,邵雍,*,*
山濤,0,0,0,N,peoplename,*,*,*,*,山濤,*,*
善無畏,0,0,0,N,peoplename,*,*,*,*,善無畏,*,*
申包胥,0,0,0,N,peoplename,*,*,*,*,申包胥,*,*
申不害,0,0,0,N,peoplename,*,*,*,*,申不害,*,*
申公,0,0,0,N,peoplename,*,*,*,*,申公,*,*
申生,0,0,0,N,peoplename,*,*,*,*,申生,*,*
神會,0,0,0,N,peoplename,*,*,*,*,神會,*,*
神秀,0,0,0,N,peoplename,*,*,*,*,神秀,*,*
沈葆楨,0,0,0,N,peoplename,*,*,*,*,沈葆楨,*,*
沈復,0,0,0,N,peoplename,*,*,*,*,沈復,*,*
沈括,0,0,0,N,peoplename,*,*,*,*,沈括,*,*
沈兼士,0,0,0,N,peoplename,*,*,*,*,沈兼士,*,*
沈佺期,0,0,0,N,peoplename,*,*,*,*,沈佺期,*,*
沈周,0,0,0,N,peoplename,*,*,*,*,沈周,*,*
沈崇誨,0,0,0,N,peoplename,*,*,*,*,沈崇誨,*,*
沈從文,0,0,0,N,peoplename,*,*,*,*,沈從文,*,*
沈亞之,0,0,0,N,peoplename,*,*,*,*,沈亞之,*,*
沈尹默,0,0,0,N,peoplename,*,*,*,*,沈尹默,*,*
沈約,0,0,0,N,peoplename,*,*,*,*,沈約,*,*
沈雲英,0,0,0,N,peoplename,*,*,*,*,沈雲英,*,*
慎到,0,0,0,N,peoplename,*,*,*,*,慎到,*,*
商鞅,0,0,0,N,peoplename,*,*,*,*,商鞅,*,*
尚可喜,0,0,0,N,peoplename,*,*,*,*,尚可喜,*,*
盛宣懷,0,0,0,N,peoplename,*,*,*,*,盛宣懷,*,*
聖西門,0,0,0,N,peoplename,*,*,*,*,聖西門,*,*
舒伯特,0,0,0,N,peoplename,*,*,*,*,舒伯特,*,*
舒曼,0,0,0,N,peoplename,*,*,*,*,舒曼,*,*
叔本華,0,0,0,N,peoplename,*,*,*,*,叔本華,*,*
叔梁紇,0,0,0,N,peoplename,*,*,*,*,叔梁紇,*,*
叔齊,0,0,0,N,peoplename,*,*,*,*,叔齊,*,*
叔孫通,0,0,0,N,peoplename,*,*,*,*,叔孫通,*,*
豎刁,0,0,0,N,peoplename,*,*,*,*,豎刁,*,*
日意格,0,0,0,N,peoplename,*,*,*,*,日意格,*,*
冉伯牛,0,0,0,N,peoplename,*,*,*,*,冉伯牛,*,*
冉求,0,0,0,N,peoplename,*,*,*,*,冉求,*,*
任昉,0,0,0,N,peoplename,*,*,*,*,任昉,*,*
任囂,0,0,0,N,peoplename,*,*,*,*,任囂,*,*
阮大鋮,0,0,0,N,peoplename,*,*,*,*,阮大鋮,*,*
阮籍,0,0,0,N,peoplename,*,*,*,*,阮籍,*,*
阮咸,0,0,0,N,peoplename,*,*,*,*,阮咸,*,*
阮瑀,0,0,0,N,peoplename,*,*,*,*,阮瑀,*,*
阮元,0,0,0,N,peoplename,*,*,*,*,阮元,*,*
容閎,0,0,0,N,peoplename,*,*,*,*,容閎,*,*
榮祿,0,0,0,N,peoplename,*,*,*,*,榮祿,*,*
子皋,0,0,0,N,peoplename,*,*,*,*,子皋,*,*
子嬰,0,0,0,N,peoplename,*,*,*,*,子嬰,*,*
紫式部,0,0,0,N,peoplename,*,*,*,*,紫式部,*,*
宰予,0,0,0,N,peoplename,*,*,*,*,宰予,*,*
造父,0,0,0,N,peoplename,*,*,*,*,造父,*,*
鄒魯,0,0,0,N,peoplename,*,*,*,*,鄒魯,*,*
鄒忌,0,0,0,N,peoplename,*,*,*,*,鄒忌,*,*
鄒容,0,0,0,N,peoplename,*,*,*,*,鄒容,*,*
鄒衍,0,0,0,N,peoplename,*,*,*,*,鄒衍,*,*
臧獲,0,0,0,N,peoplename,*,*,*,*,臧獲,*,*
曾樸,0,0,0,N,peoplename,*,*,*,*,曾樸,*,*
曾點,0,0,0,N,peoplename,*,*,*,*,曾點,*,*
曾國藩,0,0,0,N,peoplename,*,*,*,*,曾國藩,*,*
曾國荃,0,0,0,N,peoplename,*,*,*,*,曾國荃,*,*
曾鞏,0,0,0,N,peoplename,*,*,*,*,曾鞏,*,*
曾紀澤,0,0,0,N,peoplename,*,*,*,*,曾紀澤,*,*
曾皙,0,0,0,N,peoplename,*,*,*,*,曾皙,*,*
曾參,0,0,0,N,peoplename,*,*,*,*,曾參,*,*
曾文正,0,0,0,N,peoplename,*,*,*,*,曾文正,*,*
足利義滿,0,0,0,N,peoplename,*,*,*,*,足利義滿,*,*
祖逖,0,0,0,N,peoplename,*,*,*,*,祖逖,*,*
祖沖之,0,0,0,N,peoplename,*,*,*,*,祖沖之,*,*
祖乙,0,0,0,N,peoplename,*,*,*,*,祖乙,*,*
左伯桃,0,0,0,N,peoplename,*,*,*,*,左伯桃,*,*
左拉,0,0,0,N,peoplename,*,*,*,*,左拉,*,*
左光斗,0,0,0,N,peoplename,*,*,*,*,左光斗,*,*
左丘明,0,0,0,N,peoplename,*,*,*,*,左丘明,*,*
左宗棠,0,0,0,N,peoplename,*,*,*,*,左宗棠,*,*
左思,0,0,0,N,peoplename,*,*,*,*,左思,*,*
宗密,0,0,0,N,peoplename,*,*,*,*,宗密,*,*
宗喀巴,0,0,0,N,peoplename,*,*,*,*,宗喀巴,*,*
宗臣,0,0,0,N,peoplename,*,*,*,*,宗臣,*,*
宗澤,0,0,0,N,peoplename,*,*,*,*,宗澤,*,*
蔡伯喈,0,0,0,N,peoplename,*,*,*,*,蔡伯喈,*,*
蔡倫,0,0,0,N,peoplename,*,*,*,*,蔡倫,*,*
蔡京,0,0,0,N,peoplename,*,*,*,*,蔡京,*,*
蔡錫勇,0,0,0,N,peoplename,*,*,*,*,蔡錫勇,*,*
蔡襄,0,0,0,N,peoplename,*,*,*,*,蔡襄,*,*
蔡鍔,0,0,0,N,peoplename,*,*,*,*,蔡鍔,*,*
蔡琰,0,0,0,N,peoplename,*,*,*,*,蔡琰,*,*
蔡元培,0,0,0,N,peoplename,*,*,*,*,蔡元培,*,*
蔡邕,0,0,0,N,peoplename,*,*,*,*,蔡邕,*,*
曹霸,0,0,0,N,peoplename,*,*,*,*,曹霸,*,*
曹丕,0,0,0,N,peoplename,*,*,*,*,曹丕,*,*
曹沬,0,0,0,N,peoplename,*,*,*,*,曹沬,*,*
曹孟德,0,0,0,N,peoplename,*,*,*,*,曹孟德,*,*
曹大家,0,0,0,N,peoplename,*,*,*,*,曹大家,*,*
曹錕,0,0,0,N,peoplename,*,*,*,*,曹錕,*,*
曹丘生,0,0,0,N,peoplename,*,*,*,*,曹丘生,*,*
曹雪芹,0,0,0,N,peoplename,*,*,*,*,曹雪芹,*,*
曹植,0,0,0,N,peoplename,*,*,*,*,曹植,*,*
曹汝霖,0,0,0,N,peoplename,*,*,*,*,曹汝霖,*,*
曹操,0,0,0,N,peoplename,*,*,*,*,曹操,*,*
曹參,0,0,0,N,peoplename,*,*,*,*,曹參,*,*
曹娥,0,0,0,N,peoplename,*,*,*,*,曹娥,*,*
蠶叢,0,0,0,N,peoplename,*,*,*,*,蠶叢,*,*
岑參,0,0,0,N,peoplename,*,*,*,*,岑參,*,*
岑毓英,0,0,0,N,peoplename,*,*,*,*,岑毓英,*,*
倉頡,0,0,0,N,peoplename,*,*,*,*,倉頡,*,*
崔白,0,0,0,N,peoplename,*,*,*,*,崔白,*,*
崔塗,0,0,0,N,peoplename,*,*,*,*,崔塗,*,*
崔浩,0,0,0,N,peoplename,*,*,*,*,崔浩,*,*
崔顥,0,0,0,N,peoplename,*,*,*,*,崔顥,*,*
崔杼,0,0,0,N,peoplename,*,*,*,*,崔杼,*,*
崔寔,0,0,0,N,peoplename,*,*,*,*,崔寔,*,*
崔述,0,0,0,N,peoplename,*,*,*,*,崔述,*,*
崔子忠,0,0,0,N,peoplename,*,*,*,*,崔子忠,*,*
崔駰,0,0,0,N,peoplename,*,*,*,*,崔駰,*,*
崔瑗,0,0,0,N,peoplename,*,*,*,*,崔瑗,*,*
從諗,0,0,0,N,peoplename,*,*,*,*,從諗,*,*
司馬談,0,0,0,N,peoplename,*,*,*,*,司馬談,*,*
司馬牛,0,0,0,N,peoplename,*,*,*,*,司馬牛,*,*
司馬光,0,0,0,N,peoplename,*,*,*,*,司馬光,*,*
司馬遷,0,0,0,N,peoplename,*,*,*,*,司馬遷,*,*
司馬相如,0,0,0,N,peoplename,*,*,*,*,司馬相如,*,*
司馬昭,0,0,0,N,peoplename,*,*,*,*,司馬昭,*,*
司馬懿,0,0,0,N,peoplename,*,*,*,*,司馬懿,*,*
司馬炎,0,0,0,N,peoplename,*,*,*,*,司馬炎,*,*
斯賓諾莎,0,0,0,N,peoplename,*,*,*,*,斯賓諾莎,*,*
斯賓塞,0,0,0,N,peoplename,*,*,*,*,斯賓塞,*,*
斯坦貝克,0,0,0,N,peoplename,*,*,*,*,斯坦貝克,*,*
斯坦因,0,0,0,N,peoplename,*,*,*,*,斯坦因,*,*
斯湯達爾,0,0,0,N,peoplename,*,*,*,*,斯湯達爾,*,*
薩都剌,0,0,0,N,peoplename,*,*,*,*,薩都剌,*,*
塞尚,0,0,0,N,peoplename,*,*,*,*,塞尚,*,*
塞凡提斯,0,0,0,N,peoplename,*,*,*,*,塞凡提斯,*,*
賽金花,0,0,0,N,peoplename,*,*,*,*,賽金花,*,*
賽珍珠,0,0,0,N,peoplename,*,*,*,*,賽珍珠,*,*
三島由紀夫,0,0,0,N,peoplename,*,*,*,*,三島由紀夫,*,*
桑弘羊,0,0,0,N,peoplename,*,*,*,*,桑弘羊,*,*
桑欽,0,0,0,N,peoplename,*,*,*,*,桑欽,*,*
僧格林沁,0,0,0,N,peoplename,*,*,*,*,僧格林沁,*,*
僧肇,0,0,0,N,peoplename,*,*,*,*,僧肇,*,*
僧祐,0,0,0,N,peoplename,*,*,*,*,僧祐,*,*
蘇德曼,0,0,0,N,peoplename,*,*,*,*,蘇德曼,*,*
蘇東坡,0,0,0,N,peoplename,*,*,*,*,蘇東坡,*,*
蘇拉,0,0,0,N,peoplename,*,*,*,*,蘇拉,*,*
蘇格拉底,0,0,0,N,peoplename,*,*,*,*,蘇格拉底,*,*
蘇蕙,0,0,0,N,peoplename,*,*,*,*,蘇蕙,*,*
蘇峻,0,0,0,N,peoplename,*,*,*,*,蘇峻,*,*
蘇秦,0,0,0,N,peoplename,*,*,*,*,蘇秦,*,*
蘇洵,0,0,0,N,peoplename,*,*,*,*,蘇洵,*,*
蘇轍,0,0,0,N,peoplename,*,*,*,*,蘇轍,*,*
蘇軾,0,0,0,N,peoplename,*,*,*,*,蘇軾,*,*
蘇舜欽,0,0,0,N,peoplename,*,*,*,*,蘇舜欽,*,*
蘇武,0,0,0,N,peoplename,*,*,*,*,蘇武,*,*
肅順,0,0,0,N,peoplename,*,*,*,*,肅順,*,*
梭羅,0,0,0,N,peoplename,*,*,*,*,梭羅,*,*
所羅門,0,0,0,N,peoplename,*,*,*,*,所羅門,*,*
索靖,0,0,0,N,peoplename,*,*,*,*,索靖,*,*
索忍尼辛,0,0,0,N,peoplename,*,*,*,*,索忍尼辛,*,*
瑣羅亞斯德,0,0,0,N,peoplename,*,*,*,*,瑣羅亞斯德,*,*
孫臏,0,0,0,N,peoplename,*,*,*,*,孫臏,*,*
孫過庭,0,0,0,N,peoplename,*,*,*,*,孫過庭,*,*
孫權,0,0,0,N,peoplename,*,*,*,*,孫權,*,*
孫中山,0,0,0,N,peoplename,*,*,*,*,孫中山,*,*
孫綽,0,0,0,N,peoplename,*,*,*,*,孫綽,*,*
孫傳芳,0,0,0,N,peoplename,*,*,*,*,孫傳芳,*,*
孫山,0,0,0,N,peoplename,*,*,*,*,孫山,*,*
孫叔敖,0,0,0,N,peoplename,*,*,*,*,孫叔敖,*,*
孫子,0,0,0,N,peoplename,*,*,*,*,孫子,*,*
孫策,0,0,0,N,peoplename,*,*,*,*,孫策,*,*
孫思邈,0,0,0,N,peoplename,*,*,*,*,孫思邈,*,*
孫炎,0,0,0,N,peoplename,*,*,*,*,孫炎,*,*
孫吳,0,0,0,N,peoplename,*,*,*,*,孫吳,*,*
孫武,0,0,0,N,peoplename,*,*,*,*,孫武,*,*
孫文,0,0,0,N,peoplename,*,*,*,*,孫文,*,*
松尾芭蕉,0,0,0,N,peoplename,*,*,*,*,松尾芭蕉,*,*
宋濂,0,0,0,N,peoplename,*,*,*,*,宋濂,*,*
宋克,0,0,0,N,peoplename,*,*,*,*,宋克,*,*
宋牼,0,0,0,N,peoplename,*,*,*,*,宋牼,*,*
宋教仁,0,0,0,N,peoplename,*,*,*,*,宋教仁,*,*
宋江,0,0,0,N,peoplename,*,*,*,*,宋江,*,*
宋璟,0,0,0,N,peoplename,*,*,*,*,宋璟,*,*
宋祁,0,0,0,N,peoplename,*,*,*,*,宋祁,*,*
宋之問,0,0,0,N,peoplename,*,*,*,*,宋之問,*,*
宋朝,0,0,0,N,peoplename,*,*,*,*,宋朝,*,*
宋應星,0,0,0,N,peoplename,*,*,*,*,宋應星,*,*
宋琬,0,0,0,N,peoplename,*,*,*,*,宋琬,*,*
宋玉,0,0,0,N,peoplename,*,*,*,*,宋玉,*,*
阿瞞,0,0,0,N,peoplename,*,*,*,*,阿瞞,*,*
阿姆斯壯,0,0,0,N,peoplename,*,*,*,*,阿姆斯壯,*,*
阿底峽,0,0,0,N,peoplename,*,*,*,*,阿底峽,*,*
阿那律,0,0,0,N,peoplename,*,*,*,*,阿那律,*,*
阿難,0,0,0,N,peoplename,*,*,*,*,阿難,*,*
阿難陀,0,0,0,N,peoplename,*,*,*,*,阿難陀,*,*
阿奎那,0,0,0,N,peoplename,*,*,*,*,阿奎那,*,*
阿基米得,0,0,0,N,peoplename,*,*,*,*,阿基米得,*,*
阿闍世,0,0,0,N,peoplename,*,*,*,*,阿闍世,*,*
阿爾考特,0,0,0,N,peoplename,*,*,*,*,阿爾考特,*,*
額爾德尼,0,0,0,N,peoplename,*,*,*,*,額爾德尼,*,*
鄂圖第一,0,0,0,N,peoplename,*,*,*,*,鄂圖第一,*,*
鄂爾泰,0,0,0,N,peoplename,*,*,*,*,鄂爾泰,*,*
閼伯,0,0,0,N,peoplename,*,*,*,*,閼伯,*,*
艾略特,0,0,0,N,peoplename,*,*,*,*,艾略特,*,*
艾儒略,0,0,0,N,peoplename,*,*,*,*,艾儒略,*,*
艾森豪,0,0,0,N,peoplename,*,*,*,*,艾森豪,*,*
艾爾加,0,0,0,N,peoplename,*,*,*,*,艾爾加,*,*
艾維斯普里斯萊,0,0,0,N,peoplename,*,*,*,*,艾維斯普里斯萊,*,*
愛默生,0,0,0,N,peoplename,*,*,*,*,愛默生,*,*
愛彌兒,0,0,0,N,peoplename,*,*,*,*,愛彌兒,*,*
愛迪生,0,0,0,N,peoplename,*,*,*,*,愛迪生,*,*
愛倫坡,0,0,0,N,peoplename,*,*,*,*,愛倫坡,*,*
愛倫凱,0,0,0,N,peoplename,*,*,*,*,愛倫凱,*,*
愛因斯坦,0,0,0,N,peoplename,*,*,*,*,愛因斯坦,*,*
鼇拜,0,0,0,N,peoplename,*,*,*,*,鼇拜,*,*
奡,0,0,0,N,peoplename,*,*,*,*,奡,*,*
奧理略,0,0,0,N,peoplename,*,*,*,*,奧理略,*,*
奧古斯丁,0,0,0,N,peoplename,*,*,*,*,奧古斯丁,*,*
奧坎,0,0,0,N,peoplename,*,*,*,*,奧坎,*,*
奧亨利,0,0,0,N,peoplename,*,*,*,*,奧亨利,*,*
奧斯丁,0,0,0,N,peoplename,*,*,*,*,奧斯丁,*,*
奧斯汀,0,0,0,N,peoplename,*,*,*,*,奧斯汀,*,*
奧爾良,0,0,0,N,peoplename,*,*,*,*,奧爾良,*,*
歐帕林,0,0,0,N,peoplename,*,*,*,*,歐帕林,*,*
歐姆,0,0,0,N,peoplename,*,*,*,*,歐姆,*,*
歐尼爾,0,0,0,N,peoplename,*,*,*,*,歐尼爾,*,*
歐幾里得,0,0,0,N,peoplename,*,*,*,*,歐幾里得,*,*
歐陽通,0,0,0,N,peoplename,*,*,*,*,歐陽通,*,*
歐陽竟無,0,0,0,N,peoplename,*,*,*,*,歐陽竟無,*,*
歐陽炯,0,0,0,N,peoplename,*,*,*,*,歐陽炯,*,*
歐陽修,0,0,0,N,peoplename,*,*,*,*,歐陽修,*,*
歐陽玄,0,0,0,N,peoplename,*,*,*,*,歐陽玄,*,*
歐陽詢,0,0,0,N,peoplename,*,*,*,*,歐陽詢,*,*
歐陽生,0,0,0,N,peoplename,*,*,*,*,歐陽生,*,*
歐文,0,0,0,N,peoplename,*,*,*,*,歐文,*,*
安培,0,0,0,N,peoplename,*,*,*,*,安培,*,*
安民,0,0,0,N,peoplename,*,*,*,*,安民,*,*
安達西德,0,0,0,N,peoplename,*,*,*,*,安達西德,*,*
安得列夫,0,0,0,N,peoplename,*,*,*,*,安得列夫,*,*
安多尼,0,0,0,N,peoplename,*,*,*,*,安多尼,*,*
安敦,0,0,0,N,peoplename,*,*,*,*,安敦,*,*
安東尼,0,0,0,N,peoplename,*,*,*,*,安東尼,*,*
安徒生,0,0,0,N,peoplename,*,*,*,*,安徒生,*,*
安童,0,0,0,N,peoplename,*,*,*,*,安童,*,*
安童哥,0,0,0,N,peoplename,*,*,*,*,安童哥,*,*
安樂公主,0,0,0,N,peoplename,*,*,*,*,安樂公主,*,*
安祿山,0,0,0,N,peoplename,*,*,*,*,安祿山,*,*
安格爾,0,0,0,N,peoplename,*,*,*,*,安格爾,*,*
安吉里科,0,0,0,N,peoplename,*,*,*,*,安吉里科,*,*
安期生,0,0,0,N,peoplename,*,*,*,*,安期生,*,*
安世高,0,0,0,N,peoplename,*,*,*,*,安世高,*,*
恩格斯,0,0,0,N,peoplename,*,*,*,*,恩格斯,*,*
一行,0,0,0,N,peoplename,*,*,*,*,一行,*,*
伊比鳩魯,0,0,0,N,peoplename,*,*,*,*,伊比鳩魯,*,*
伊秉綬,0,0,0,N,peoplename,*,*,*,*,伊秉綬,*,*
伊凡第四,0,0,0,N,peoplename,*,*,*,*,伊凡第四,*,*
伊凡第三,0,0,0,N,peoplename,*,*,*,*,伊凡第三,*,*
伊凡諾夫,0,0,0,N,peoplename,*,*,*,*,伊凡諾夫,*,*
伊藤博文,0,0,0,N,peoplename,*,*,*,*,伊藤博文,*,*
伊拉斯莫斯,0,0,0,N,peoplename,*,*,*,*,伊拉斯莫斯,*,*
伊里布,0,0,0,N,peoplename,*,*,*,*,伊里布,*,*
伊麗莎白一世,0,0,0,N,peoplename,*,*,*,*,伊麗莎白一世,*,*
伊士曼,0,0,0,N,peoplename,*,*,*,*,伊士曼,*,*
伊索,0,0,0,N,peoplename,*,*,*,*,伊索,*,*
伊尹,0,0,0,N,peoplename,*,*,*,*,伊尹,*,*
猗頓,0,0,0,N,peoplename,*,*,*,*,猗頓,*,*
以利亞,0,0,0,N,peoplename,*,*,*,*,以利亞,*,*
以賽亞,0,0,0,N,peoplename,*,*,*,*,以賽亞,*,*
倚相,0,0,0,N,peoplename,*,*,*,*,倚相,*,*
猗頓,0,0,0,N,peoplename,*,*,*,*,猗頓,*,*
弈秋,0,0,0,N,peoplename,*,*,*,*,弈秋,*,*
奕訢,0,0,0,N,peoplename,*,*,*,*,奕訢,*,*
奕山,0,0,0,N,peoplename,*,*,*,*,奕山,*,*
易卜生,0,0,0,N,peoplename,*,*,*,*,易卜生,*,*
易順鼎,0,0,0,N,peoplename,*,*,*,*,易順鼎,*,*
易牙,0,0,0,N,peoplename,*,*,*,*,易牙,*,*
易元吉,0,0,0,N,peoplename,*,*,*,*,易元吉,*,*
羿,0,0,0,N,peoplename,*,*,*,*,羿,*,*
義律,0,0,0,N,peoplename,*,*,*,*,義律,*,*
豷,0,0,0,N,peoplename,*,*,*,*,豷,*,*
亞米契斯,0,0,0,N,peoplename,*,*,*,*,亞米契斯,*,*
亞當斯密,0,0,0,N,peoplename,*,*,*,*,亞當斯密,*,*
亞里斯多德,0,0,0,N,peoplename,*,*,*,*,亞里斯多德,*,*
耶律大石,0,0,0,N,peoplename,*,*,*,*,耶律大石,*,*
耶律休哥,0,0,0,N,peoplename,*,*,*,*,耶律休哥,*,*
耶律楚材,0,0,0,N,peoplename,*,*,*,*,耶律楚材,*,*
耶律阿保機,0,0,0,N,peoplename,*,*,*,*,耶律阿保機,*,*
耶穌,0,0,0,N,peoplename,*,*,*,*,耶穌,*,*
也先,0,0,0,N,peoplename,*,*,*,*,也先,*,*
也速該,0,0,0,N,peoplename,*,*,*,*,也速該,*,*
葉名琛,0,0,0,N,peoplename,*,*,*,*,葉名琛,*,*
葉德輝,0,0,0,N,peoplename,*,*,*,*,葉德輝,*,*
葉堂,0,0,0,N,peoplename,*,*,*,*,葉堂,*,*
葉天士,0,0,0,N,peoplename,*,*,*,*,葉天士,*,*
葉公超,0,0,0,N,peoplename,*,*,*,*,葉公超,*,*
葉憲祖,0,0,0,N,peoplename,*,*,*,*,葉憲祖,*,*
葉成忠,0,0,0,N,peoplename,*,*,*,*,葉成忠,*,*
葉適,0,0,0,N,peoplename,*,*,*,*,葉適,*,*
葉盛蘭,0,0,0,N,peoplename,*,*,*,*,葉盛蘭,*,*
葉慈,0,0,0,N,peoplename,*,*,*,*,葉慈,*,*
葉斯沛森,0,0,0,N,peoplename,*,*,*,*,葉斯沛森,*,*
葉王,0,0,0,N,peoplename,*,*,*,*,葉王,*,*
要離,0,0,0,N,peoplename,*,*,*,*,要離,*,*
姚名達,0,0,0,N,peoplename,*,*,*,*,姚名達,*,*
姚鼐,0,0,0,N,peoplename,*,*,*,*,姚鼐,*,*
姚廣孝,0,0,0,N,peoplename,*,*,*,*,姚廣孝,*,*
姚際恆,0,0,0,N,peoplename,*,*,*,*,姚際恆,*,*
姚興,0,0,0,N,peoplename,*,*,*,*,姚興,*,*
姚雪垠,0,0,0,N,peoplename,*,*,*,*,姚雪垠,*,*
姚萇,0,0,0,N,peoplename,*,*,*,*,姚萇,*,*
姚燧,0,0,0,N,peoplename,*,*,*,*,姚燧,*,*
陶,0,0,0,N,peoplename,*,*,*,*,陶,*,*
窅娘,0,0,0,N,peoplename,*,*,*,*,窅娘,*,*
優婆離,0,0,0,N,peoplename,*,*,*,*,優婆離,*,*
優孟,0,0,0,N,peoplename,*,*,*,*,優孟,*,*
優旃,0,0,0,N,peoplename,*,*,*,*,優旃,*,*
尤袤,0,0,0,N,peoplename,*,*,*,*,尤袤,*,*
尤侗,0,0,0,N,peoplename,*,*,*,*,尤侗,*,*
尤里比底斯,0,0,0,N,peoplename,*,*,*,*,尤里比底斯,*,*
尤列,0,0,0,N,peoplename,*,*,*,*,尤列,*,*
由余,0,0,0,N,peoplename,*,*,*,*,由余,*,*
猶大,0,0,0,N,peoplename,*,*,*,*,猶大,*,*
有若,0,0,0,N,peoplename,*,*,*,*,有若,*,*
言偃,0,0,0,N,peoplename,*,*,*,*,言偃,*,*
閻立本,0,0,0,N,peoplename,*,*,*,*,閻立本,*,*
閻海文,0,0,0,N,peoplename,*,*,*,*,閻海文,*,*
閻錫山,0,0,0,N,peoplename,*,*,*,*,閻錫山,*,*
閻若璩,0,0,0,N,peoplename,*,*,*,*,閻若璩,*,*
顏杲卿,0,0,0,N,peoplename,*,*,*,*,顏杲卿,*,*
顏回,0,0,0,N,peoplename,*,*,*,*,顏回,*,*
顏之推,0,0,0,N,peoplename,*,*,*,*,顏之推,*,*
顏真卿,0,0,0,N,peoplename,*,*,*,*,顏真卿,*,*
顏師古,0,0,0,N,peoplename,*,*,*,*,顏師古,*,*
顏水龍,0,0,0,N,peoplename,*,*,*,*,顏水龍,*,*
顏子淵,0,0,0,N,peoplename,*,*,*,*,顏子淵,*,*
顏延之,0,0,0,N,peoplename,*,*,*,*,顏延之,*,*
顏淵,0,0,0,N,peoplename,*,*,*,*,顏淵,*,*
顏元,0,0,0,N,peoplename,*,*,*,*,顏元,*,*
嚴復,0,0,0,N,peoplename,*,*,*,*,嚴復,*,*
嚴光,0,0,0,N,peoplename,*,*,*,*,嚴光,*,*
嚴可均,0,0,0,N,peoplename,*,*,*,*,嚴可均,*,*
嚴忌,0,0,0,N,peoplename,*,*,*,*,嚴忌,*,*
嚴家淦,0,0,0,N,peoplename,*,*,*,*,嚴家淦,*,*
嚴世蕃,0,0,0,N,peoplename,*,*,*,*,嚴世蕃,*,*
嚴遵,0,0,0,N,peoplename,*,*,*,*,嚴遵,*,*
嚴嵩,0,0,0,N,peoplename,*,*,*,*,嚴嵩,*,*
嚴羽,0,0,0,N,peoplename,*,*,*,*,嚴羽,*,*
彥琮,0,0,0,N,peoplename,*,*,*,*,彥琮,*,*
晏幾道,0,0,0,N,peoplename,*,*,*,*,晏幾道,*,*
晏殊,0,0,0,N,peoplename,*,*,*,*,晏殊,*,*
晏嬰,0,0,0,N,peoplename,*,*,*,*,晏嬰,*,*
殷浩,0,0,0,N,peoplename,*,*,*,*,殷浩,*,*
殷榘,0,0,0,N,peoplename,*,*,*,*,殷榘,*,*
陰麗華,0,0,0,N,peoplename,*,*,*,*,陰麗華,*,*
陰鏗,0,0,0,N,peoplename,*,*,*,*,陰鏗,*,*
陰時夫,0,0,0,N,peoplename,*,*,*,*,陰時夫,*,*
尹喜,0,0,0,N,peoplename,*,*,*,*,尹喜,*,*
尹文,0,0,0,N,peoplename,*,*,*,*,尹文,*,*
印光大師,0,0,0,N,peoplename,*,*,*,*,印光大師,*,*
羊祜,0,0,0,N,peoplename,*,*,*,*,羊祜,*,*
羊角哀,0,0,0,N,peoplename,*,*,*,*,羊角哀,*,*
羊欣,0,0,0,N,peoplename,*,*,*,*,羊欣,*,*
揚雄,0,0,0,N,peoplename,*,*,*,*,揚雄,*,*
陽虎,0,0,0,N,peoplename,*,*,*,*,陽虎,*,*
楊漣,0,0,0,N,peoplename,*,*,*,*,楊漣,*,*
楊國忠,0,0,0,N,peoplename,*,*,*,*,楊國忠,*,*
楊廣,0,0,0,N,peoplename,*,*,*,*,楊廣,*,*
楊惠之,0,0,0,N,peoplename,*,*,*,*,楊惠之,*,*
楊喚,0,0,0,N,peoplename,*,*,*,*,楊喚,*,*
楊繼盛,0,0,0,N,peoplename,*,*,*,*,楊繼盛,*,*
楊堅,0,0,0,N,peoplename,*,*,*,*,楊堅,*,*
楊巨源,0,0,0,N,peoplename,*,*,*,*,楊巨源,*,*
楊小樓,0,0,0,N,peoplename,*,*,*,*,楊小樓,*,*
楊修,0,0,0,N,peoplename,*,*,*,*,楊修,*,*
楊秀清,0,0,0,N,peoplename,*,*,*,*,楊秀清,*,*
楊顯之,0,0,0,N,peoplename,*,*,*,*,楊顯之,*,*
楊行密,0,0,0,N,peoplename,*,*,*,*,楊行密,*,*
楊衒之,0,0,0,N,peoplename,*,*,*,*,楊衒之,*,*
楊振寧,0,0,0,N,peoplename,*,*,*,*,楊振寧,*,*
楊朱,0,0,0,N,peoplename,*,*,*,*,楊朱,*,*
楊時,0,0,0,N,peoplename,*,*,*,*,楊時,*,*
楊守敬,0,0,0,N,peoplename,*,*,*,*,楊守敬,*,*
楊慎,0,0,0,N,peoplename,*,*,*,*,楊慎,*,*
楊樹達,0,0,0,N,peoplename,*,*,*,*,楊樹達,*,*
楊三郎,0,0,0,N,peoplename,*,*,*,*,楊三郎,*,*
楊素,0,0,0,N,peoplename,*,*,*,*,楊素,*,*
楊沂孫,0,0,0,N,peoplename,*,*,*,*,楊沂孫,*,*
楊億,0,0,0,N,peoplename,*,*,*,*,楊億,*,*
楊業,0,0,0,N,peoplename,*,*,*,*,楊業,*,*
楊延昭,0,0,0,N,peoplename,*,*,*,*,楊延昭,*,*
楊維楨,0,0,0,N,peoplename,*,*,*,*,楊維楨,*,*
楊萬里,0,0,0,N,peoplename,*,*,*,*,楊萬里,*,*
楊文廣,0,0,0,N,peoplename,*,*,*,*,楊文廣,*,*
楊文會,0,0,0,N,peoplename,*,*,*,*,楊文會,*,*
楊玉環,0,0,0,N,peoplename,*,*,*,*,楊玉環,*,*
楊惲,0,0,0,N,peoplename,*,*,*,*,楊惲,*,*
養由基,0,0,0,N,peoplename,*,*,*,*,養由基,*,*
英布,0,0,0,N,peoplename,*,*,*,*,英布,*,*
潁考叔,0,0,0,N,peoplename,*,*,*,*,潁考叔,*,*
應璩,0,0,0,N,peoplename,*,*,*,*,應璩,*,*
應劭,0,0,0,N,peoplename,*,*,*,*,應劭,*,*
應瑒,0,0,0,N,peoplename,*,*,*,*,應瑒,*,*
屋大維,0,0,0,N,peoplename,*,*,*,*,屋大維,*,*
烏獲,0,0,0,N,peoplename,*,*,*,*,烏獲,*,*
烏氏倮,0,0,0,N,peoplename,*,*,*,*,烏氏倮,*,*
吳佩孚,0,0,0,N,peoplename,*,*,*,*,吳佩孚,*,*
吳梅,0,0,0,N,peoplename,*,*,*,*,吳梅,*,*
吳鳳,0,0,0,N,peoplename,*,*,*,*,吳鳳,*,*
吳大澂,0,0,0,N,peoplename,*,*,*,*,吳大澂,*,*
吳道子,0,0,0,N,peoplename,*,*,*,*,吳道子,*,*
吳廣,0,0,0,N,peoplename,*,*,*,*,吳廣,*,*
吳敬恆,0,0,0,N,peoplename,*,*,*,*,吳敬恆,*,*
吳敬梓,0,0,0,N,peoplename,*,*,*,*,吳敬梓,*,*
吳均,0,0,0,N,peoplename,*,*,*,*,吳均,*,*
吳起,0,0,0,N,peoplename,*,*,*,*,吳起,*,*
吳質,0,0,0,N,peoplename,*,*,*,*,吳質,*,*
吳稚暉,0,0,0,N,peoplename,*,*,*,*,吳稚暉,*,*
吳鎮,0,0,0,N,peoplename,*,*,*,*,吳鎮,*,*
吳昌碩,0,0,0,N,peoplename,*,*,*,*,吳昌碩,*,*
吳承恩,0,0,0,N,peoplename,*,*,*,*,吳承恩,*,*
吳澄,0,0,0,N,peoplename,*,*,*,*,吳澄,*,*
吳三桂,0,0,0,N,peoplename,*,*,*,*,吳三桂,*,*
吳爾芙,0,0,0,N,peoplename,*,*,*,*,吳爾芙,*,*
吳沃堯,0,0,0,N,peoplename,*,*,*,*,吳沃堯,*,*
吳偉業,0,0,0,N,peoplename,*,*,*,*,吳偉業,*,*
吳文英,0,0,0,N,peoplename,*,*,*,*,吳文英,*,*
吳棫,0,0,0,N,peoplename,*,*,*,*,吳棫,*,*
無著,0,0,0,N,peoplename,*,*,*,*,無著,*,*
伍廷芳,0,0,0,N,peoplename,*,*,*,*,伍廷芳,*,*
伍員,0,0,0,N,peoplename,*,*,*,*,伍員,*,*
武訓,0,0,0,N,peoplename,*,*,*,*,武訓,*,*
武則天,0,0,0,N,peoplename,*,*,*,*,武則天,*,*
兀朮,0,0,0,N,peoplename,*,*,*,*,兀朮,*,*
務光,0,0,0,N,peoplename,*,*,*,*,務光,*,*
瓦特,0,0,0,N,peoplename,*,*,*,*,瓦特,*,*
窩闊臺,0,0,0,N,peoplename,*,*,*,*,窩闊臺,*,*
斡離不,0,0,0,N,peoplename,*,*,*,*,斡離不,*,*
威靈頓,0,0,0,N,peoplename,*,*,*,*,威靈頓,*,*
威爾遜,0,0,0,N,peoplename,*,*,*,*,威爾遜,*,*
韋伯,0,0,0,N,peoplename,*,*,*,*,韋伯,*,*
韋昭,0,0,0,N,peoplename,*,*,*,*,韋昭,*,*
韋莊,0,0,0,N,peoplename,*,*,*,*,韋莊,*,*
韋應物,0,0,0,N,peoplename,*,*,*,*,韋應物,*,*
維摩詰,0,0,0,N,peoplename,*,*,*,*,維摩詰,*,*
尾生,0,0,0,N,peoplename,*,*,*,*,尾生,*,*
隗囂,0,0,0,N,peoplename,*,*,*,*,隗囂,*,*
衛夫人,0,0,0,N,peoplename,*,*,*,*,衛夫人,*,*
衛瓘,0,0,0,N,peoplename,*,*,*,*,衛瓘,*,*
衛玠,0,0,0,N,peoplename,*,*,*,*,衛玠,*,*
衛青,0,0,0,N,peoplename,*,*,*,*,衛青,*,*
魏德邁,0,0,0,N,peoplename,*,*,*,*,魏德邁,*,*
魏良輔,0,0,0,N,peoplename,*,*,*,*,魏良輔,*,*
魏徵,0,0,0,N,peoplename,*,*,*,*,魏徵,*,*
魏長生,0,0,0,N,peoplename,*,*,*,*,魏長生,*,*
魏無忌,0,0,0,N,peoplename,*,*,*,*,魏無忌,*,*
完顏阿骨打,0,0,0,N,peoplename,*,*,*,*,完顏阿骨打,*,*
萬寶常,0,0,0,N,peoplename,*,*,*,*,萬寶常,*,*
萬斯同,0,0,0,N,peoplename,*,*,*,*,萬斯同,*,*
溫八叉,0,0,0,N,peoplename,*,*,*,*,溫八叉,*,*
溫庭筠,0,0,0,N,peoplename,*,*,*,*,溫庭筠,*,*
溫嶠,0,0,0,N,peoplename,*,*,*,*,溫嶠,*,*
文天祥,0,0,0,N,peoplename,*,*,*,*,文天祥,*,*
文同,0,0,0,N,peoplename,*,*,*,*,文同,*,*
文徵明,0,0,0,N,peoplename,*,*,*,*,文徵明,*,*
文種,0,0,0,N,peoplename,*,*,*,*,文種,*,*
文翁,0,0,0,N,peoplename,*,*,*,*,文翁,*,*
聞一多,0,0,0,N,peoplename,*,*,*,*,聞一多,*,*
汪大燮,0,0,0,N,peoplename,*,*,*,*,汪大燮,*,*
汪大淵,0,0,0,N,peoplename,*,*,*,*,汪大淵,*,*
汪踦,0,0,0,N,peoplename,*,*,*,*,汪踦,*,*
汪笑儂,0,0,0,N,peoplename,*,*,*,*,汪笑儂,*,*
汪兆銘,0,0,0,N,peoplename,*,*,*,*,汪兆銘,*,*
汪中,0,0,0,N,peoplename,*,*,*,*,汪中,*,*
汪元量,0,0,0,N,peoplename,*,*,*,*,汪元量,*,*
王勃,0,0,0,N,peoplename,*,*,*,*,王勃,*,*
王襃,0,0,0,N,peoplename,*,*,*,*,王襃,*,*
王賁,0,0,0,N,peoplename,*,*,*,*,王賁,*,*
王弼,0,0,0,N,peoplename,*,*,*,*,王弼,*,*
王莽,0,0,0,N,peoplename,*,*,*,*,王莽,*,*
王蒙,0,0,0,N,peoplename,*,*,*,*,王蒙,*,*
王猛,0,0,0,N,peoplename,*,*,*,*,王猛,*,*
王冕,0,0,0,N,peoplename,*,*,*,*,王冕,*,*
王夫之,0,0,0,N,peoplename,*,*,*,*,王夫之,*,*
王符,0,0,0,N,peoplename,*,*,*,*,王符,*,*
王導,0,0,0,N,peoplename,*,*,*,*,王導,*,*
王鐸,0,0,0,N,peoplename,*,*,*,*,王鐸,*,*
王敦,0,0,0,N,peoplename,*,*,*,*,王敦,*,*
王韜,0,0,0,N,peoplename,*,*,*,*,王韜,*,*
王庭筠,0,0,0,N,peoplename,*,*,*,*,王庭筠,*,*
王通,0,0,0,N,peoplename,*,*,*,*,王通,*,*
王念孫,0,0,0,N,peoplename,*,*,*,*,王念孫,*,*
王陵,0,0,0,N,peoplename,*,*,*,*,王陵,*,*
王國維,0,0,0,N,peoplename,*,*,*,*,王國維,*,*
王珪,0,0,0,N,peoplename,*,*,*,*,王珪,*,*
王愷,0,0,0,N,peoplename,*,*,*,*,王愷,*,*
王魁,0,0,0,N,peoplename,*,*,*,*,王魁,*,*
王翬,0,0,0,N,peoplename,*,*,*,*,王翬,*,*
王畿,0,0,0,N,peoplename,*,*,*,*,王畿,*,*
王季,0,0,0,N,peoplename,*,*,*,*,王季,*,*
王翦,0,0,0,N,peoplename,*,*,*,*,王翦,*,*
王建,0,0,0,N,peoplename,*,*,*,*,王建,*,*
王鑑,0,0,0,N,peoplename,*,*,*,*,王鑑,*,*
王喬,0,0,0,N,peoplename,*,*,*,*,王喬,*,*
王嬙,0,0,0,N,peoplename,*,*,*,*,王嬙,*,*
王羲之,0,0,0,N,peoplename,*,*,*,*,王羲之,*,*
王小玉,0,0,0,N,peoplename,*,*,*,*,王小玉,*,*
王先謙,0,0,0,N,peoplename,*,*,*,*,王先謙,*,*
王仙芝,0,0,0,N,peoplename,*,*,*,*,王仙芝,*,*
王獻之,0,0,0,N,peoplename,*,*,*,*,王獻之,*,*
王祥,0,0,0,N,peoplename,*,*,*,*,王祥,*,*
王之渙,0,0,0,N,peoplename,*,*,*,*,王之渙,*,*
王昭君,0,0,0,N,peoplename,*,*,*,*,王昭君,*,*
王昌齡,0,0,0,N,peoplename,*,*,*,*,王昌齡,*,*
王充,0,0,0,N,peoplename,*,*,*,*,王充,*,*
王實甫,0,0,0,N,peoplename,*,*,*,*,王實甫,*,*
王世貞,0,0,0,N,peoplename,*,*,*,*,王世貞,*,*
王守仁,0,0,0,N,peoplename,*,*,*,*,王守仁,*,*
王叔和,0,0,0,N,peoplename,*,*,*,*,王叔和,*,*
王戎,0,0,0,N,peoplename,*,*,*,*,王戎,*,*
王融,0,0,0,N,peoplename,*,*,*,*,王融,*,*
王次仲,0,0,0,N,peoplename,*,*,*,*,王次仲,*,*
王粲,0,0,0,N,peoplename,*,*,*,*,王粲,*,*
王肅,0,0,0,N,peoplename,*,*,*,*,王肅,*,*
王安石,0,0,0,N,peoplename,*,*,*,*,王安石,*,*
王爾德,0,0,0,N,peoplename,*,*,*,*,王爾德,*,*
王猷定,0,0,0,N,peoplename,*,*,*,*,王猷定,*,*
王右軍,0,0,0,N,peoplename,*,*,*,*,王右軍,*,*
王衍,0,0,0,N,peoplename,*,*,*,*,王衍,*,*
王引之,0,0,0,N,peoplename,*,*,*,*,王引之,*,*
王陽明,0,0,0,N,peoplename,*,*,*,*,王陽明,*,*
王應麟,0,0,0,N,peoplename,*,*,*,*,王應麟,*,*
王維,0,0,0,N,peoplename,*,*,*,*,王維,*,*
王文治,0,0,0,N,peoplename,*,*,*,*,王文治,*,*
王禹偁,0,0,0,N,peoplename,*,*,*,*,王禹偁,*,*
王原祁,0,0,0,N,peoplename,*,*,*,*,王原祁,*,*
王雲五,0,0,0,N,peoplename,*,*,*,*,王雲五,*,*
翁同龢,0,0,0,N,peoplename,*,*,*,*,翁同龢,*,*
于斌,0,0,0,N,peoplename,*,*,*,*,于斌,*,*
于謙,0,0,0,N,peoplename,*,*,*,*,于謙,*,*
于右任,0,0,0,N,peoplename,*,*,*,*,于右任,*,*
俞大猷,0,0,0,N,peoplename,*,*,*,*,俞大猷,*,*
俞樾,0,0,0,N,peoplename,*,*,*,*,俞樾,*,*
虞集,0,0,0,N,peoplename,*,*,*,*,虞集,*,*
虞仲,0,0,0,N,peoplename,*,*,*,*,虞仲,*,*
虞世南,0,0,0,N,peoplename,*,*,*,*,虞世南,*,*
虞允文,0,0,0,N,peoplename,*,*,*,*,虞允文,*,*
魚玄機,0,0,0,N,peoplename,*,*,*,*,魚玄機,*,*
魚朝恩,0,0,0,N,peoplename,*,*,*,*,魚朝恩,*,*
宇文泰,0,0,0,N,peoplename,*,*,*,*,宇文泰,*,*
宇文護,0,0,0,N,peoplename,*,*,*,*,宇文護,*,*
宇文化及,0,0,0,N,peoplename,*,*,*,*,宇文化及,*,*
宇文覺,0,0,0,N,peoplename,*,*,*,*,宇文覺,*,*
雨果,0,0,0,N,peoplename,*,*,*,*,雨果,*,*
禹,0,0,0,N,peoplename,*,*,*,*,禹,*,*
庾亮,0,0,0,N,peoplename,*,*,*,*,庾亮,*,*
庾肩吾,0,0,0,N,peoplename,*,*,*,*,庾肩吾,*,*
庾信,0,0,0,N,peoplename,*,*,*,*,庾信,*,*
郁達夫,0,0,0,N,peoplename,*,*,*,*,郁達夫,*,*
尉遲敬德,0,0,0,N,peoplename,*,*,*,*,尉遲敬德,*,*
尉遲乙僧,0,0,0,N,peoplename,*,*,*,*,尉遲乙僧,*,*
毓賢,0,0,0,N,peoplename,*,*,*,*,毓賢,*,*
豫讓,0,0,0,N,peoplename,*,*,*,*,豫讓,*,*
約翰,0,0,0,N,peoplename,*,*,*,*,約翰,*,*
約瑟芬,0,0,0,N,peoplename,*,*,*,*,約瑟芬,*,*
月稱,0,0,0,N,peoplename,*,*,*,*,月稱,*,*
岳飛,0,0,0,N,peoplename,*,*,*,*,岳飛,*,*
岳珂,0,0,0,N,peoplename,*,*,*,*,岳珂,*,*
岳雲,0,0,0,N,peoplename,*,*,*,*,岳雲,*,*
樂史,0,0,0,N,peoplename,*,*,*,*,樂史,*,*
樂毅,0,0,0,N,peoplename,*,*,*,*,樂毅,*,*
元好問,0,0,0,N,peoplename,*,*,*,*,元好問,*,*
元結,0,0,0,N,peoplename,*,*,*,*,元結,*,*
元稹,0,0,0,N,peoplename,*,*,*,*,元稹,*,*
袁枚,0,0,0,N,peoplename,*,*,*,*,袁枚,*,*
袁宏,0,0,0,N,peoplename,*,*,*,*,袁宏,*,*
袁宏道,0,0,0,N,peoplename,*,*,*,*,袁宏道,*,*
袁崇煥,0,0,0,N,peoplename,*,*,*,*,袁崇煥,*,*
袁世凱,0,0,0,N,peoplename,*,*,*,*,袁世凱,*,*
袁紹,0,0,0,N,peoplename,*,*,*,*,袁紹,*,*
袁樞,0,0,0,N,peoplename,*,*,*,*,袁樞,*,*
袁術,0,0,0,N,peoplename,*,*,*,*,袁術,*,*
袁盎,0,0,0,N,peoplename,*,*,*,*,袁盎,*,*
轅固,0,0,0,N,peoplename,*,*,*,*,轅固,*,*
原憲,0,0,0,N,peoplename,*,*,*,*,原憲,*,*
源賴朝,0,0,0,N,peoplename,*,*,*,*,源賴朝,*,*
雲英,0,0,0,N,peoplename,*,*,*,*,雲英,*,*
惲敬,0,0,0,N,peoplename,*,*,*,*,惲敬,*,*
惲壽平,0,0,0,N,peoplename,*,*,*,*,惲壽平,*,*
