八哥,0,0,0,N,animal,*,*,*,*,八哥,*,*
八色鳥,0,0,0,N,animal,*,*,*,*,八色鳥,*,*
巴蛾,0,0,0,N,animal,*,*,*,*,巴蛾,*,*
鼥,0,0,0,N,animal,*,*,*,*,鼥,*,*
伯勞,0,0,0,N,animal,*,*,*,*,伯勞,*,*
伯勞鳥,0,0,0,N,animal,*,*,*,*,伯勞鳥,*,*
鵓鴿,0,0,0,N,animal,*,*,*,*,鵓鴿,*,*
鵓鴣,0,0,0,N,animal,*,*,*,*,鵓鴣,*,*
薄翅黃蝶,0,0,0,N,animal,*,*,*,*,薄翅黃蝶,*,*
鸔,0,0,0,N,animal,*,*,*,*,鸔,*,*
白背飛蝨,0,0,0,N,animal,*,*,*,*,白背飛蝨,*,*
白背浮塵子,0,0,0,N,animal,*,*,*,*,白背浮塵子,*,*
白鼻心,0,0,0,N,animal,*,*,*,*,白鼻心,*,*
白螞蟻,0,0,0,N,animal,*,*,*,*,白螞蟻,*,*
白眉鴃,0,0,0,N,animal,*,*,*,*,白眉鴃,*,*
白面鼯鼠,0,0,0,N,animal,*,*,*,*,白面鼯鼠,*,*
白粉蝶,0,0,0,N,animal,*,*,*,*,白粉蝶,*,*
白帶魚,0,0,0,N,animal,*,*,*,*,白帶魚,*,*
白頂鶴,0,0,0,N,animal,*,*,*,*,白頂鶴,*,*
白頭翁,0,0,0,N,animal,*,*,*,*,白頭翁,*,*
白條,0,0,0,N,animal,*,*,*,*,白條,*,*
白鰷,0,0,0,N,animal,*,*,*,*,白鰷,*,*
白蠟蟲,0,0,0,N,animal,*,*,*,*,白蠟蟲,*,*
白鰱,0,0,0,N,animal,*,*,*,*,白鰱,*,*
白蛉子,0,0,0,N,animal,*,*,*,*,白蛉子,*,*
白鷺,0,0,0,N,animal,*,*,*,*,白鷺,*,*
白鸛,0,0,0,N,animal,*,*,*,*,白鸛,*,*
白鶴,0,0,0,N,animal,*,*,*,*,白鶴,*,*
白狐,0,0,0,N,animal,*,*,*,*,白狐,*,*
白花蛇,0,0,0,N,animal,*,*,*,*,白花蛇,*,*
白鰭豚,0,0,0,N,animal,*,*,*,*,白鰭豚,*,*
白犀牛,0,0,0,N,animal,*,*,*,*,白犀牛,*,*
白鷳,0,0,0,N,animal,*,*,*,*,白鷳,*,*
白熊,0,0,0,N,animal,*,*,*,*,白熊,*,*
白鯧魚,0,0,0,N,animal,*,*,*,*,白鯧魚,*,*
白脣鹿,0,0,0,N,animal,*,*,*,*,白脣鹿,*,*
白沙,0,0,0,N,animal,*,*,*,*,白沙,*,*
白鼠,0,0,0,N,animal,*,*,*,*,白鼠,*,*
白子魚,0,0,0,N,animal,*,*,*,*,白子魚,*,*
白額雁,0,0,0,N,animal,*,*,*,*,白額雁,*,*
白鵝,0,0,0,N,animal,*,*,*,*,白鵝,*,*
白鷗,0,0,0,N,animal,*,*,*,*,白鷗,*,*
白蟻,0,0,0,N,animal,*,*,*,*,白蟻,*,*
白腰雨燕,0,0,0,N,animal,*,*,*,*,白腰雨燕,*,*
白鼬,0,0,0,N,animal,*,*,*,*,白鼬,*,*
白尾鷲,0,0,0,N,animal,*,*,*,*,白尾鷲,*,*
白魚,0,0,0,N,animal,*,*,*,*,白魚,*,*
百靈鳥,0,0,0,N,animal,*,*,*,*,百靈鳥,*,*
百舌,0,0,0,N,animal,*,*,*,*,百舌,*,*
百足,0,0,0,N,animal,*,*,*,*,百足,*,*
鵯鵊,0,0,0,N,animal,*,*,*,*,鵯鵊,*,*
鵯鶋,0,0,0,N,animal,*,*,*,*,鵯鶋,*,*
北美狼,0,0,0,N,animal,*,*,*,*,北美狼,*,*
北極狐,0,0,0,N,animal,*,*,*,*,北極狐,*,*
北極鯨,0,0,0,N,animal,*,*,*,*,北極鯨,*,*
北極犬,0,0,0,N,animal,*,*,*,*,北極犬,*,*
北京鴨,0,0,0,N,animal,*,*,*,*,北京鴨,*,*
鴇,0,0,0,N,animal,*,*,*,*,鴇,*,*
鴇鳥,0,0,0,N,animal,*,*,*,*,鴇鳥,*,*
寶貝,0,0,0,N,animal,*,*,*,*,寶貝,*,*
抱璣,0,0,0,N,animal,*,*,*,*,抱璣,*,*
鮑,0,0,0,N,animal,*,*,*,*,鮑,*,*
豹,0,0,0,N,animal,*,*,*,*,豹,*,*
豹貓,0,0,0,N,animal,*,*,*,*,豹貓,*,*
豹子,0,0,0,N,animal,*,*,*,*,豹子,*,*
犦,0,0,0,N,animal,*,*,*,*,犦,*,*
斑馬,0,0,0,N,animal,*,*,*,*,斑馬,*,*
斑飛虱,0,0,0,N,animal,*,*,*,*,斑飛虱,*,*
斑蝶,0,0,0,N,animal,*,*,*,*,斑蝶,*,*
斑驢,0,0,0,N,animal,*,*,*,*,斑驢,*,*
斑節蝦,0,0,0,N,animal,*,*,*,*,斑節蝦,*,*
斑鳩,0,0,0,N,animal,*,*,*,*,斑鳩,*,*
斑頸鳩,0,0,0,N,animal,*,*,*,*,斑頸鳩,*,*
斑青鱗魚,0,0,0,N,animal,*,*,*,*,斑青鱗魚,*,*
斑蚊,0,0,0,N,animal,*,*,*,*,斑蚊,*,*
斑魚,0,0,0,N,animal,*,*,*,*,斑魚,*,*
板殼蟲,0,0,0,N,animal,*,*,*,*,板殼蟲,*,*
魬,0,0,0,N,animal,*,*,*,*,魬,*,*
梆兒頭,0,0,0,N,animal,*,*,*,*,梆兒頭,*,*
蚌,0,0,0,N,animal,*,*,*,*,蚌,*,*
比目魚,0,0,0,N,animal,*,*,*,*,比目魚,*,*
蜌,0,0,0,N,animal,*,*,*,*,蜌,*,*
蓖麻蠶,0,0,0,N,animal,*,*,*,*,蓖麻蠶,*,*
鮅,0,0,0,N,animal,*,*,*,*,鮅,*,*
鷩,0,0,0,N,animal,*,*,*,*,鷩,*,*
壁蝨,0,0,0,N,animal,*,*,*,*,壁蝨,*,*
碧鳳蝶,0,0,0,N,animal,*,*,*,*,碧鳳蝶,*,*
贔屭,0,0,0,N,animal,*,*,*,*,贔屭,*,*
鱉,0,0,0,N,animal,*,*,*,*,鱉,*,*
蛂,0,0,0,N,animal,*,*,*,*,蛂,*,*
蝙蝠,0,0,0,N,animal,*,*,*,*,蝙蝠,*,*
鯿,0,0,0,N,animal,*,*,*,*,鯿,*,*
扁擬穀盜蟲,0,0,0,N,animal,*,*,*,*,扁擬穀盜蟲,*,*
卞氏龍,0,0,0,N,animal,*,*,*,*,卞氏龍,*,*
鴘,0,0,0,N,animal,*,*,*,*,鴘,*,*
變形蟲,0,0,0,N,animal,*,*,*,*,變形蟲,*,*
變色龍,0,0,0,N,animal,*,*,*,*,變色龍,*,*
賓師,0,0,0,N,animal,*,*,*,*,賓師,*,*
布穀,0,0,0,N,animal,*,*,*,*,布穀,*,*
布穀鳥,0,0,0,N,animal,*,*,*,*,布穀鳥,*,*
麃,0,0,0,N,animal,*,*,*,*,麃,*,*
盤羊,0,0,0,N,animal,*,*,*,*,盤羊,*,*
螃蟹,0,0,0,N,animal,*,*,*,*,螃蟹,*,*
胖頭魚,0,0,0,N,animal,*,*,*,*,胖頭魚,*,*
棚蜘蛛,0,0,0,N,animal,*,*,*,*,棚蜘蛛,*,*
蓬萊小蛺蝶,0,0,0,N,animal,*,*,*,*,蓬萊小蛺蝶,*,*
彭越,0,0,0,N,animal,*,*,*,*,彭越,*,*
蟛螖,0,0,0,N,animal,*,*,*,*,蟛螖,*,*
蟛蜞,0,0,0,N,animal,*,*,*,*,蟛蜞,*,*
蚍蜉,0,0,0,N,animal,*,*,*,*,蚍蜉,*,*
琵琶鮫,0,0,0,N,animal,*,*,*,*,琵琶鮫,*,*
琵琶蟲,0,0,0,N,animal,*,*,*,*,琵琶蟲,*,*
貔貅,0,0,0,N,animal,*,*,*,*,貔貅,*,*
皮氏花仙螺,0,0,0,N,animal,*,*,*,*,皮氏花仙螺,*,*
皮翼獸,0,0,0,N,animal,*,*,*,*,皮翼獸,*,*
蜱,0,0,0,N,animal,*,*,*,*,蜱,*,*
鷿鷈,0,0,0,N,animal,*,*,*,*,鷿鷈,*,*
瓢蟲,0,0,0,N,animal,*,*,*,*,瓢蟲,*,*
麻鷺,0,0,0,N,animal,*,*,*,*,麻鷺,*,*
麻雀,0,0,0,N,animal,*,*,*,*,麻雀,*,*
麻鴨,0,0,0,N,animal,*,*,*,*,麻鴨,*,*
麻蠅,0,0,0,N,animal,*,*,*,*,麻蠅,*,*
馬,0,0,0,N,animal,*,*,*,*,馬,*,*
馬蜂,0,0,0,N,animal,*,*,*,*,馬蜂,*,*
馬刀,0,0,0,N,animal,*,*,*,*,馬刀,*,*
馬來熊,0,0,0,N,animal,*,*,*,*,馬來熊,*,*
馬陸,0,0,0,N,animal,*,*,*,*,馬陸,*,*
馬騾,0,0,0,N,animal,*,*,*,*,馬騾,*,*
馬蟬,0,0,0,N,animal,*,*,*,*,馬蟬,*,*
馬蝨,0,0,0,N,animal,*,*,*,*,馬蝨,*,*
馬蠅,0,0,0,N,animal,*,*,*,*,馬蠅,*,*
螞蚱,0,0,0,N,animal,*,*,*,*,螞蚱,*,*
抹香鯨,0,0,0,N,animal,*,*,*,*,抹香鯨,*,*
貘,0,0,0,N,animal,*,*,*,*,貘,*,*
墨蝶,0,0,0,N,animal,*,*,*,*,墨蝶,*,*
墨魚,0,0,0,N,animal,*,*,*,*,墨魚,*,*
麥蚜,0,0,0,N,animal,*,*,*,*,麥蚜,*,*
梅花鹿,0,0,0,N,animal,*,*,*,*,梅花鹿,*,*
美麗奴羊,0,0,0,N,animal,*,*,*,*,美麗奴羊,*,*
美洲豹,0,0,0,N,animal,*,*,*,*,美洲豹,*,*
美洲虎,0,0,0,N,animal,*,*,*,*,美洲虎,*,*
蝐,0,0,0,N,animal,*,*,*,*,蝐,*,*
貓,0,0,0,N,animal,*,*,*,*,貓,*,*
貓頭鷹,0,0,0,N,animal,*,*,*,*,貓頭鷹,*,*
貓猴,0,0,0,N,animal,*,*,*,*,貓猴,*,*
貓熊,0,0,0,N,animal,*,*,*,*,貓熊,*,*
毛囊蟲,0,0,0,N,animal,*,*,*,*,毛囊蟲,*,*
毛蚶,0,0,0,N,animal,*,*,*,*,毛蚶,*,*
毛蜞,0,0,0,N,animal,*,*,*,*,毛蜞,*,*
毛蝦,0,0,0,N,animal,*,*,*,*,毛蝦,*,*
毛蟹,0,0,0,N,animal,*,*,*,*,毛蟹,*,*
毛蝨,0,0,0,N,animal,*,*,*,*,毛蝨,*,*
旄牛,0,0,0,N,animal,*,*,*,*,旄牛,*,*
茅蜩,0,0,0,N,animal,*,*,*,*,茅蜩,*,*
蝥,0,0,0,N,animal,*,*,*,*,蝥,*,*
蟊,0,0,0,N,animal,*,*,*,*,蟊,*,*
錨蟲,0,0,0,N,animal,*,*,*,*,錨蟲,*,*
鰻,0,0,0,N,animal,*,*,*,*,鰻,*,*
鰻鱺,0,0,0,N,animal,*,*,*,*,鰻鱺,*,*
鰻魚,0,0,0,N,animal,*,*,*,*,鰻魚,*,*
蟒,0,0,0,N,animal,*,*,*,*,蟒,*,*
蟒蛇,0,0,0,N,animal,*,*,*,*,蟒蛇,*,*
麋,0,0,0,N,animal,*,*,*,*,麋,*,*
麋鹿,0,0,0,N,animal,*,*,*,*,麋鹿,*,*
獼猴,0,0,0,N,animal,*,*,*,*,獼猴,*,*
米象,0,0,0,N,animal,*,*,*,*,米象,*,*
米蚤,0,0,0,N,animal,*,*,*,*,米蚤,*,*
蠛蠓,0,0,0,N,animal,*,*,*,*,蠛蠓,*,*
綿羊,0,0,0,N,animal,*,*,*,*,綿羊,*,*
蝒,0,0,0,N,animal,*,*,*,*,蝒,*,*
鮸,0,0,0,N,animal,*,*,*,*,鮸,*,*
鰵,0,0,0,N,animal,*,*,*,*,鰵,*,*
明蝦,0,0,0,N,animal,*,*,*,*,明蝦,*,*
螟蛉,0,0,0,N,animal,*,*,*,*,螟蛉,*,*
螟蛾,0,0,0,N,animal,*,*,*,*,螟蛾,*,*
牡蠣,0,0,0,N,animal,*,*,*,*,牡蠣,*,*
法螺,0,0,0,N,animal,*,*,*,*,法螺,*,*
非洲象,0,0,0,N,animal,*,*,*,*,非洲象,*,*
飛蝗,0,0,0,N,animal,*,*,*,*,飛蝗,*,*
飛蝨,0,0,0,N,animal,*,*,*,*,飛蝨,*,*
飛蛇,0,0,0,N,animal,*,*,*,*,飛蛇,*,*
飛蟻,0,0,0,N,animal,*,*,*,*,飛蟻,*,*
蜰,0,0,0,N,animal,*,*,*,*,蜰,*,*
蜚,0,0,0,N,animal,*,*,*,*,蜚,*,*
蜚蠊,0,0,0,N,animal,*,*,*,*,蜚蠊,*,*
翡翠,0,0,0,N,animal,*,*,*,*,翡翠,*,*
狒狒,0,0,0,N,animal,*,*,*,*,狒狒,*,*
鯡魚,0,0,0,N,animal,*,*,*,*,鯡魚,*,*
番鴨,0,0,0,N,animal,*,*,*,*,番鴨,*,*
蠜,0,0,0,N,animal,*,*,*,*,蠜,*,*
反舌鳥,0,0,0,N,animal,*,*,*,*,反舌鳥,*,*
飯匙倩,0,0,0,N,animal,*,*,*,*,飯匙倩,*,*
鼢鼠,0,0,0,N,animal,*,*,*,*,鼢鼠,*,*
粉蝶,0,0,0,N,animal,*,*,*,*,粉蝶,*,*
魴,0,0,0,N,animal,*,*,*,*,魴,*,*
紡錘蟲,0,0,0,N,animal,*,*,*,*,紡錘蟲,*,*
放屁蟲,0,0,0,N,animal,*,*,*,*,放屁蟲,*,*
蜂鳥,0,0,0,N,animal,*,*,*,*,蜂鳥,*,*
鳳蝶,0,0,0,N,animal,*,*,*,*,鳳蝶,*,*
蚨蝶,0,0,0,N,animal,*,*,*,*,蚨蝶,*,*
浮塵子,0,0,0,N,animal,*,*,*,*,浮塵子,*,*
蜉蝣,0,0,0,N,animal,*,*,*,*,蜉蝣,*,*
符拔,0,0,0,N,animal,*,*,*,*,符拔,*,*
鶝,0,0,0,N,animal,*,*,*,*,鶝,*,*
鳧,0,0,0,N,animal,*,*,*,*,鳧,*,*
鮒,0,0,0,N,animal,*,*,*,*,鮒,*,*
蝮,0,0,0,N,animal,*,*,*,*,蝮,*,*
鰒,0,0,0,N,animal,*,*,*,*,鰒,*,*
負子鼠,0,0,0,N,animal,*,*,*,*,負子鼠,*,*
蝜蝂,0,0,0,N,animal,*,*,*,*,蝜蝂,*,*
大法螺,0,0,0,N,animal,*,*,*,*,大法螺,*,*
大丹狗,0,0,0,N,animal,*,*,*,*,大丹狗,*,*
大肚魚,0,0,0,N,animal,*,*,*,*,大肚魚,*,*
大羚羊,0,0,0,N,animal,*,*,*,*,大羚羊,*,*
大黃魚,0,0,0,N,animal,*,*,*,*,大黃魚,*,*
大猩猩,0,0,0,N,animal,*,*,*,*,大猩猩,*,*
大翅鯨,0,0,0,N,animal,*,*,*,*,大翅鯨,*,*
德國狼犬,0,0,0,N,animal,*,*,*,*,德國狼犬,*,*
玳瑁,0,0,0,N,animal,*,*,*,*,玳瑁,*,*
袋熊,0,0,0,N,animal,*,*,*,*,袋熊,*,*
袋鼠,0,0,0,N,animal,*,*,*,*,袋鼠,*,*
豆腐鯊,0,0,0,N,animal,*,*,*,*,豆腐鯊,*,*
豆娘,0,0,0,N,animal,*,*,*,*,豆娘,*,*
豆雁,0,0,0,N,animal,*,*,*,*,豆雁,*,*
鬥魚,0,0,0,N,animal,*,*,*,*,鬥魚,*,*
丹頂鶴,0,0,0,N,animal,*,*,*,*,丹頂鶴,*,*
單峰駱駝,0,0,0,N,animal,*,*,*,*,單峰駱駝,*,*
鸐雉,0,0,0,N,animal,*,*,*,*,鸐雉,*,*
帝雉,0,0,0,N,animal,*,*,*,*,帝雉,*,*
螲蟷,0,0,0,N,animal,*,*,*,*,螲蟷,*,*
蝶,0,0,0,N,animal,*,*,*,*,蝶,*,*
鰈,0,0,0,N,animal,*,*,*,*,鰈,*,*
鵰,0,0,0,N,animal,*,*,*,*,鵰,*,*
鯛,0,0,0,N,animal,*,*,*,*,鯛,*,*
貂,0,0,0,N,animal,*,*,*,*,貂,*,*
電魚,0,0,0,N,animal,*,*,*,*,電魚,*,*
杜鵑,0,0,0,N,animal,*,*,*,*,杜鵑,*,*
對蝦,0,0,0,N,animal,*,*,*,*,對蝦,*,*
獺,0,0,0,N,animal,*,*,*,*,獺,*,*
鮐,0,0,0,N,animal,*,*,*,*,鮐,*,*
臺灣粉蝶,0,0,0,N,animal,*,*,*,*,臺灣粉蝶,*,*
臺灣鳳蝶,0,0,0,N,animal,*,*,*,*,臺灣鳳蝶,*,*
臺灣環頸雉,0,0,0,N,animal,*,*,*,*,臺灣環頸雉,*,*
太陽鳥,0,0,0,N,animal,*,*,*,*,太陽鳥,*,*
絛蟲,0,0,0,N,animal,*,*,*,*,絛蟲,*,*
桃蚜,0,0,0,N,animal,*,*,*,*,桃蚜,*,*
頭蝨,0,0,0,N,animal,*,*,*,*,頭蝨,*,*
灘羊,0,0,0,N,animal,*,*,*,*,灘羊,*,*
蟫,0,0,0,N,animal,*,*,*,*,蟫,*,*
彈塗魚,0,0,0,N,animal,*,*,*,*,彈塗魚,*,*
塘鵝,0,0,0,N,animal,*,*,*,*,塘鵝,*,*
螗蜩,0,0,0,N,animal,*,*,*,*,螗蜩,*,*
螳螂,0,0,0,N,animal,*,*,*,*,螳螂,*,*
藤壺,0,0,0,N,animal,*,*,*,*,藤壺,*,*
提壺蘆,0,0,0,N,animal,*,*,*,*,提壺蘆,*,*
鯷,0,0,0,N,animal,*,*,*,*,鯷,*,*
鵜鶘,0,0,0,N,animal,*,*,*,*,鵜鶘,*,*
鐵甲蟲,0,0,0,N,animal,*,*,*,*,鐵甲蟲,*,*
鰷魚,0,0,0,N,animal,*,*,*,*,鰷魚,*,*
跳鼠,0,0,0,N,animal,*,*,*,*,跳鼠,*,*
跳蚤,0,0,0,N,animal,*,*,*,*,跳蚤,*,*
天堂鳥,0,0,0,N,animal,*,*,*,*,天堂鳥,*,*
天牛,0,0,0,N,animal,*,*,*,*,天牛,*,*
天祿,0,0,0,N,animal,*,*,*,*,天祿,*,*
天狗螺,0,0,0,N,animal,*,*,*,*,天狗螺,*,*
天使魚,0,0,0,N,animal,*,*,*,*,天使魚,*,*
天蠶,0,0,0,N,animal,*,*,*,*,天蠶,*,*
天蠶蛾,0,0,0,N,animal,*,*,*,*,天蠶蛾,*,*
天蛾,0,0,0,N,animal,*,*,*,*,天蛾,*,*
天鵝,0,0,0,N,animal,*,*,*,*,天鵝,*,*
田鱉,0,0,0,N,animal,*,*,*,*,田鱉,*,*
田鳧,0,0,0,N,animal,*,*,*,*,田鳧,*,*
田螺,0,0,0,N,animal,*,*,*,*,田螺,*,*
田鼠,0,0,0,N,animal,*,*,*,*,田鼠,*,*
鼮,0,0,0,N,animal,*,*,*,*,鼮,*,*
禿鷲,0,0,0,N,animal,*,*,*,*,禿鷲,*,*
禿鶖,0,0,0,N,animal,*,*,*,*,禿鶖,*,*
禿鷹,0,0,0,N,animal,*,*,*,*,禿鷹,*,*
鵚鶖,0,0,0,N,animal,*,*,*,*,鵚鶖,*,*
土撥鼠,0,0,0,N,animal,*,*,*,*,土撥鼠,*,*
土番鴨,0,0,0,N,animal,*,*,*,*,土番鴨,*,*
土蜂,0,0,0,N,animal,*,*,*,*,土蜂,*,*
土托魚,0,0,0,N,animal,*,*,*,*,土托魚,*,*
土豚,0,0,0,N,animal,*,*,*,*,土豚,*,*
吐綬雞,0,0,0,N,animal,*,*,*,*,吐綬雞,*,*
兔,0,0,0,N,animal,*,*,*,*,兔,*,*
駝鳥,0,0,0,N,animal,*,*,*,*,駝鳥,*,*
駝鹿,0,0,0,N,animal,*,*,*,*,駝鹿,*,*
鴕鳥,0,0,0,N,animal,*,*,*,*,鴕鳥,*,*
鮀,0,0,0,N,animal,*,*,*,*,鮀,*,*
鼉,0,0,0,N,animal,*,*,*,*,鼉,*,*
魋,0,0,0,N,animal,*,*,*,*,魋,*,*
魨,0,0,0,N,animal,*,*,*,*,魨,*,*
豚鼠,0,0,0,N,animal,*,*,*,*,豚鼠,*,*
桐花鳳,0,0,0,N,animal,*,*,*,*,桐花鳳,*,*
鮦,0,0,0,N,animal,*,*,*,*,鮦,*,*
猱,0,0,0,N,animal,*,*,*,*,猱,*,*
獶,0,0,0,N,animal,*,*,*,*,獶,*,*
泥鰍,0,0,0,N,animal,*,*,*,*,泥鰍,*,*
鯢魚,0,0,0,N,animal,*,*,*,*,鯢魚,*,*
牛,0,0,0,N,animal,*,*,*,*,牛,*,*
牛虻,0,0,0,N,animal,*,*,*,*,牛虻,*,*
牛蠅,0,0,0,N,animal,*,*,*,*,牛蠅,*,*
牛蛙,0,0,0,N,animal,*,*,*,*,牛蛙,*,*
瘧蚊,0,0,0,N,animal,*,*,*,*,瘧蚊,*,*
瘧原蟲,0,0,0,N,animal,*,*,*,*,瘧原蟲,*,*
喇叭蟲,0,0,0,N,animal,*,*,*,*,喇叭蟲,*,*
蝲蛄,0,0,0,N,animal,*,*,*,*,蝲蛄,*,*
臘腸狗,0,0,0,N,animal,*,*,*,*,臘腸狗,*,*
蠟嘴,0,0,0,N,animal,*,*,*,*,蠟嘴,*,*
來亨雞,0,0,0,N,animal,*,*,*,*,來亨雞,*,*
鶆,0,0,0,N,animal,*,*,*,*,鶆,*,*
癩頭黿,0,0,0,N,animal,*,*,*,*,癩頭黿,*,*
雷鳥,0,0,0,N,animal,*,*,*,*,雷鳥,*,*
雷龍,0,0,0,N,animal,*,*,*,*,雷龍,*,*
老鷹,0,0,0,N,animal,*,*,*,*,老鷹,*,*
蔞鵝,0,0,0,N,animal,*,*,*,*,蔞鵝,*,*
藍點頦,0,0,0,N,animal,*,*,*,*,藍點頦,*,*
藍鯨,0,0,0,N,animal,*,*,*,*,藍鯨,*,*
懶猴,0,0,0,N,animal,*,*,*,*,懶猴,*,*
狼,0,0,0,N,animal,*,*,*,*,狼,*,*
狼狗,0,0,0,N,animal,*,*,*,*,狼狗,*,*
狼犺,0,0,0,N,animal,*,*,*,*,狼犺,*,*
狼獾,0,0,0,N,animal,*,*,*,*,狼獾,*,*
狼鰭魚,0,0,0,N,animal,*,*,*,*,狼鰭魚,*,*
狼犬,0,0,0,N,animal,*,*,*,*,狼犬,*,*
狼山雞,0,0,0,N,animal,*,*,*,*,狼山雞,*,*
狼魚,0,0,0,N,animal,*,*,*,*,狼魚,*,*
貍,0,0,0,N,animal,*,*,*,*,貍,*,*
犛牛,0,0,0,N,animal,*,*,*,*,犛牛,*,*
氂牛,0,0,0,N,animal,*,*,*,*,氂牛,*,*
鸝黃,0,0,0,N,animal,*,*,*,*,鸝黃,*,*
鯉,0,0,0,N,animal,*,*,*,*,鯉,*,*
鯉魚,0,0,0,N,animal,*,*,*,*,鯉魚,*,*
鱧,0,0,0,N,animal,*,*,*,*,鱧,*,*
鴗,0,0,0,N,animal,*,*,*,*,鴗,*,*
栗鼠,0,0,0,N,animal,*,*,*,*,栗鼠,*,*
蠣鷸,0,0,0,N,animal,*,*,*,*,蠣鷸,*,*
獵豹,0,0,0,N,animal,*,*,*,*,獵豹,*,*
鬣狗,0,0,0,N,animal,*,*,*,*,鬣狗,*,*
鬣蜥,0,0,0,N,animal,*,*,*,*,鬣蜥,*,*
鶹鷅,0,0,0,N,animal,*,*,*,*,鶹鷅,*,*
柳鶯,0,0,0,N,animal,*,*,*,*,柳鶯,*,*
鷚,0,0,0,N,animal,*,*,*,*,鷚,*,*
連錢驄,0,0,0,N,animal,*,*,*,*,連錢驄,*,*
連雀,0,0,0,N,animal,*,*,*,*,連雀,*,*
鰱,0,0,0,N,animal,*,*,*,*,鰱,*,*
磷蝦,0,0,0,N,animal,*,*,*,*,磷蝦,*,*
梁龍,0,0,0,N,animal,*,*,*,*,梁龍,*,*
羚牛,0,0,0,N,animal,*,*,*,*,羚牛,*,*
羚羊,0,0,0,N,animal,*,*,*,*,羚羊,*,*
鯪鯉,0,0,0,N,animal,*,*,*,*,鯪鯉,*,*
靈貓,0,0,0,N,animal,*,*,*,*,靈貓,*,*
蘆花雞,0,0,0,N,animal,*,*,*,*,蘆花雞,*,*
鸕鶿,0,0,0,N,animal,*,*,*,*,鸕鶿,*,*
鱸,0,0,0,N,animal,*,*,*,*,鱸,*,*
鹿,0,0,0,N,animal,*,*,*,*,鹿,*,*
露脊鯨,0,0,0,N,animal,*,*,*,*,露脊鯨,*,*
鷺,0,0,0,N,animal,*,*,*,*,鷺,*,*
鷺鷥,0,0,0,N,animal,*,*,*,*,鷺鷥,*,*
螺螄,0,0,0,N,animal,*,*,*,*,螺螄,*,*
騾,0,0,0,N,animal,*,*,*,*,騾,*,*
騾馬,0,0,0,N,animal,*,*,*,*,騾馬,*,*
騾鮫,0,0,0,N,animal,*,*,*,*,騾鮫,*,*
裸鰮,0,0,0,N,animal,*,*,*,*,裸鰮,*,*
絡緯,0,0,0,N,animal,*,*,*,*,絡緯,*,*
落文,0,0,0,N,animal,*,*,*,*,落文,*,*
駱馬,0,0,0,N,animal,*,*,*,*,駱馬,*,*
駱駝,0,0,0,N,animal,*,*,*,*,駱駝,*,*
輪蟲,0,0,0,N,animal,*,*,*,*,輪蟲,*,*
龍介,0,0,0,N,animal,*,*,*,*,龍介,*,*
龍蝦,0,0,0,N,animal,*,*,*,*,龍蝦,*,*
龍蝨,0,0,0,N,animal,*,*,*,*,龍蝨,*,*
驢,0,0,0,N,animal,*,*,*,*,驢,*,*
驢騾,0,0,0,N,animal,*,*,*,*,驢騾,*,*
驢子,0,0,0,N,animal,*,*,*,*,驢子,*,*
旅鼠,0,0,0,N,animal,*,*,*,*,旅鼠,*,*
綠豆蠅,0,0,0,N,animal,*,*,*,*,綠豆蠅,*,*
鴿,0,0,0,N,animal,*,*,*,*,鴿,*,*
鴿子,0,0,0,N,animal,*,*,*,*,鴿子,*,*
蛤蚧,0,0,0,N,animal,*,*,*,*,蛤蚧,*,*
狗蝨,0,0,0,N,animal,*,*,*,*,狗蝨,*,*
狗蚤,0,0,0,N,animal,*,*,*,*,狗蚤,*,*
姑惡,0,0,0,N,animal,*,*,*,*,姑惡,*,*
鶻鳩,0,0,0,N,animal,*,*,*,*,鶻鳩,*,*
鶻鵃,0,0,0,N,animal,*,*,*,*,鶻鵃,*,*
蝸牛,0,0,0,N,animal,*,*,*,*,蝸牛,*,*
蝸螺,0,0,0,N,animal,*,*,*,*,蝸螺,*,*
蟈蟈兒,0,0,0,N,animal,*,*,*,*,蟈蟈兒,*,*
果蠅,0,0,0,N,animal,*,*,*,*,果蠅,*,*
蜾蠃,0,0,0,N,animal,*,*,*,*,蜾蠃,*,*
鮭魚,0,0,0,N,animal,*,*,*,*,鮭魚,*,*
龜,0,0,0,N,animal,*,*,*,*,龜,*,*
龜殼花,0,0,0,N,animal,*,*,*,*,龜殼花,*,*
鬼車,0,0,0,N,animal,*,*,*,*,鬼車,*,*
鱖,0,0,0,N,animal,*,*,*,*,鱖,*,*
鱖魚,0,0,0,N,animal,*,*,*,*,鱖魚,*,*
廣東住血吸蟲,0,0,0,N,animal,*,*,*,*,廣東住血吸蟲,*,*
弓漿蟲,0,0,0,N,animal,*,*,*,*,弓漿蟲,*,*
弓鰭魚,0,0,0,N,animal,*,*,*,*,弓鰭魚,*,*
公羊,0,0,0,N,animal,*,*,*,*,公羊,*,*
蛬,0,0,0,N,animal,*,*,*,*,蛬,*,*
叩頭蟲,0,0,0,N,animal,*,*,*,*,叩頭蟲,*,*
糠蝦,0,0,0,N,animal,*,*,*,*,糠蝦,*,*
犺,0,0,0,N,animal,*,*,*,*,犺,*,*
枯葉蝶,0,0,0,N,animal,*,*,*,*,枯葉蝶,*,*
寬尾鳳蝶,0,0,0,N,animal,*,*,*,*,寬尾鳳蝶,*,*
鵟,0,0,0,N,animal,*,*,*,*,鵟,*,*
孔雀,0,0,0,N,animal,*,*,*,*,孔雀,*,*
恐鳥,0,0,0,N,animal,*,*,*,*,恐鳥,*,*
恐龍,0,0,0,N,animal,*,*,*,*,恐龍,*,*
哈士蟆,0,0,0,N,animal,*,*,*,*,哈士蟆,*,*
蝦蟆,0,0,0,N,animal,*,*,*,*,蝦蟆,*,*
哈巴狗,0,0,0,N,animal,*,*,*,*,哈巴狗,*,*
禾蟲,0,0,0,N,animal,*,*,*,*,禾蟲,*,*
河蚌,0,0,0,N,animal,*,*,*,*,河蚌,*,*
河馬,0,0,0,N,animal,*,*,*,*,河馬,*,*
河綿,0,0,0,N,animal,*,*,*,*,河綿,*,*
河豚,0,0,0,N,animal,*,*,*,*,河豚,*,*
河狸,0,0,0,N,animal,*,*,*,*,河狸,*,*
荷蘭乳牛,0,0,0,N,animal,*,*,*,*,荷蘭乳牛,*,*
褐飛蝨,0,0,0,N,animal,*,*,*,*,褐飛蝨,*,*
鶡,0,0,0,N,animal,*,*,*,*,鶡,*,*
貉,0,0,0,N,animal,*,*,*,*,貉,*,*
海百合,0,0,0,N,animal,*,*,*,*,海百合,*,*
海豹,0,0,0,N,animal,*,*,*,*,海豹,*,*
海盤車,0,0,0,N,animal,*,*,*,*,海盤車,*,*
海馬,0,0,0,N,animal,*,*,*,*,海馬,*,*
海鰻,0,0,0,N,animal,*,*,*,*,海鰻,*,*
海夫人,0,0,0,N,animal,*,*,*,*,海夫人,*,*
海膽,0,0,0,N,animal,*,*,*,*,海膽,*,*
海燈,0,0,0,N,animal,*,*,*,*,海燈,*,*
海東青,0,0,0,N,animal,*,*,*,*,海東青,*,*
海獺,0,0,0,N,animal,*,*,*,*,海獺,*,*
海兔,0,0,0,N,animal,*,*,*,*,海兔,*,*
海豚,0,0,0,N,animal,*,*,*,*,海豚,*,*
海牛,0,0,0,N,animal,*,*,*,*,海牛,*,*
海狸,0,0,0,N,animal,*,*,*,*,海狸,*,*
海狸鼠,0,0,0,N,animal,*,*,*,*,海狸鼠,*,*
海螺,0,0,0,N,animal,*,*,*,*,海螺,*,*
海龍,0,0,0,N,animal,*,*,*,*,海龍,*,*
海狗,0,0,0,N,animal,*,*,*,*,海狗,*,*
海龜,0,0,0,N,animal,*,*,*,*,海龜,*,*
海葵,0,0,0,N,animal,*,*,*,*,海葵,*,*
海花石,0,0,0,N,animal,*,*,*,*,海花石,*,*
海鯽,0,0,0,N,animal,*,*,*,*,海鯽,*,*
海鏡,0,0,0,N,animal,*,*,*,*,海鏡,*,*
海鞘,0,0,0,N,animal,*,*,*,*,海鞘,*,*
海蛆,0,0,0,N,animal,*,*,*,*,海蛆,*,*
海蝦,0,0,0,N,animal,*,*,*,*,海蝦,*,*
海蟹,0,0,0,N,animal,*,*,*,*,海蟹,*,*
海象,0,0,0,N,animal,*,*,*,*,海象,*,*
海星,0,0,0,N,animal,*,*,*,*,海星,*,*
海蜘蛛,0,0,0,N,animal,*,*,*,*,海蜘蛛,*,*
海蜇,0,0,0,N,animal,*,*,*,*,海蜇,*,*
海獅,0,0,0,N,animal,*,*,*,*,海獅,*,*
海螄,0,0,0,N,animal,*,*,*,*,海螄,*,*
海蛇水母,0,0,0,N,animal,*,*,*,*,海蛇水母,*,*
海扇,0,0,0,N,animal,*,*,*,*,海扇,*,*
海參,0,0,0,N,animal,*,*,*,*,海參,*,*
海藻蟲,0,0,0,N,animal,*,*,*,*,海藻蟲,*,*
海鰓,0,0,0,N,animal,*,*,*,*,海鰓,*,*
海松,0,0,0,N,animal,*,*,*,*,海松,*,*
海蛾魚,0,0,0,N,animal,*,*,*,*,海蛾魚,*,*
海鷗,0,0,0,N,animal,*,*,*,*,海鷗,*,*
海燕,0,0,0,N,animal,*,*,*,*,海燕,*,*
海烏,0,0,0,N,animal,*,*,*,*,海烏,*,*
海月,0,0,0,N,animal,*,*,*,*,海月,*,*
海月水母,0,0,0,N,animal,*,*,*,*,海月水母,*,*
黑豹,0,0,0,N,animal,*,*,*,*,黑豹,*,*
黑斑蚊,0,0,0,N,animal,*,*,*,*,黑斑蚊,*,*
黑面琵鷺,0,0,0,N,animal,*,*,*,*,黑面琵鷺,*,*
黑貂,0,0,0,N,animal,*,*,*,*,黑貂,*,*
黑寡婦,0,0,0,N,animal,*,*,*,*,黑寡婦,*,*
黑冠麻鷺,0,0,0,N,animal,*,*,*,*,黑冠麻鷺,*,*
黑家鼠,0,0,0,N,animal,*,*,*,*,黑家鼠,*,*
黑猩猩,0,0,0,N,animal,*,*,*,*,黑猩猩,*,*
黑熊,0,0,0,N,animal,*,*,*,*,黑熊,*,*
黑尾浮塵子,0,0,0,N,animal,*,*,*,*,黑尾浮塵子,*,*
豪豬,0,0,0,N,animal,*,*,*,*,豪豬,*,*
蠔,0,0,0,N,animal,*,*,*,*,蠔,*,*
猴,0,0,0,N,animal,*,*,*,*,猴,*,*
猴子,0,0,0,N,animal,*,*,*,*,猴子,*,*
吼鶴,0,0,0,N,animal,*,*,*,*,吼鶴,*,*
吼猴,0,0,0,N,animal,*,*,*,*,吼猴,*,*
吼猿,0,0,0,N,animal,*,*,*,*,吼猿,*,*
鱟,0,0,0,N,animal,*,*,*,*,鱟,*,*
蚶,0,0,0,N,animal,*,*,*,*,蚶,*,*
蚶子,0,0,0,N,animal,*,*,*,*,蚶子,*,*
寒號蟲,0,0,0,N,animal,*,*,*,*,寒號蟲,*,*
寒蟬,0,0,0,N,animal,*,*,*,*,寒蟬,*,*
旱獺,0,0,0,N,animal,*,*,*,*,旱獺,*,*
狐,0,0,0,N,animal,*,*,*,*,狐,*,*
蝴蝶,0,0,0,N,animal,*,*,*,*,蝴蝶,*,*
蝴蝶犬,0,0,0,N,animal,*,*,*,*,蝴蝶犬,*,*
鶻鴒,0,0,0,N,animal,*,*,*,*,鶻鴒,*,*
鵠,0,0,0,N,animal,*,*,*,*,鵠,*,*
虎,0,0,0,N,animal,*,*,*,*,虎,*,*
虎頭蜂,0,0,0,N,animal,*,*,*,*,虎頭蜂,*,*
虎甲蟲,0,0,0,N,animal,*,*,*,*,虎甲蟲,*,*
虎鯊,0,0,0,N,animal,*,*,*,*,虎鯊,*,*
花蛢,0,0,0,N,animal,*,*,*,*,花蛢,*,*
花虻,0,0,0,N,animal,*,*,*,*,花虻,*,*
花蛤,0,0,0,N,animal,*,*,*,*,花蛤,*,*
花巾著目,0,0,0,N,animal,*,*,*,*,花巾著目,*,*
花蚤,0,0,0,N,animal,*,*,*,*,花蚤,*,*
畫眉,0,0,0,N,animal,*,*,*,*,畫眉,*,*
火狐,0,0,0,N,animal,*,*,*,*,火狐,*,*
灰鯨,0,0,0,N,animal,*,*,*,*,灰鯨,*,*
蛔,0,0,0,N,animal,*,*,*,*,蛔,*,*
蛔蟲,0,0,0,N,animal,*,*,*,*,蛔蟲,*,*
蟪蛄,0,0,0,N,animal,*,*,*,*,蟪蛄,*,*
雈,0,0,0,N,animal,*,*,*,*,雈,*,*
浣熊,0,0,0,N,animal,*,*,*,*,浣熊,*,*
鯇,0,0,0,N,animal,*,*,*,*,鯇,*,*
鼲鼠,0,0,0,N,animal,*,*,*,*,鼲鼠,*,*
蝗蟲,0,0,0,N,animal,*,*,*,*,蝗蟲,*,*
鰉魚,0,0,0,N,animal,*,*,*,*,鰉魚,*,*
黃蜂,0,0,0,N,animal,*,*,*,*,黃蜂,*,*
黃鳳蝶,0,0,0,N,animal,*,*,*,*,黃鳳蝶,*,*
黃牛,0,0,0,N,animal,*,*,*,*,黃牛,*,*
黃雀,0,0,0,N,animal,*,*,*,*,黃雀,*,*
黃鼠,0,0,0,N,animal,*,*,*,*,黃鼠,*,*
黃鶯,0,0,0,N,animal,*,*,*,*,黃鶯,*,*
黃魚,0,0,0,N,animal,*,*,*,*,黃魚,*,*
魟,0,0,0,N,animal,*,*,*,*,魟,*,*
虹鱒,0,0,0,N,animal,*,*,*,*,虹鱒,*,*
紅頭蠅,0,0,0,N,animal,*,*,*,*,紅頭蠅,*,*
紅螺,0,0,0,N,animal,*,*,*,*,紅螺,*,*
紅鶴,0,0,0,N,animal,*,*,*,*,紅鶴,*,*
紅蟹,0,0,0,N,animal,*,*,*,*,紅蟹,*,*
紅尾伯勞,0,0,0,N,animal,*,*,*,*,紅尾伯勞,*,*
紅魚,0,0,0,N,animal,*,*,*,*,紅魚,*,*
鴻,0,0,0,N,animal,*,*,*,*,鴻,*,*
鴻雁,0,0,0,N,animal,*,*,*,*,鴻雁,*,*
姬鼠,0,0,0,N,animal,*,*,*,*,姬鼠,*,*
雞,0,0,0,N,animal,*,*,*,*,雞,*,*
雞蝨,0,0,0,N,animal,*,*,*,*,雞蝨,*,*
極樂鳥,0,0,0,N,animal,*,*,*,*,極樂鳥,*,*
鶺鴒,0,0,0,N,animal,*,*,*,*,鶺鴒,*,*
麂子,0,0,0,N,animal,*,*,*,*,麂子,*,*
脊百合,0,0,0,N,animal,*,*,*,*,脊百合,*,*
寄居蟹,0,0,0,N,animal,*,*,*,*,寄居蟹,*,*
寄生蠅,0,0,0,N,animal,*,*,*,*,寄生蠅,*,*
鱭,0,0,0,N,animal,*,*,*,*,鱭,*,*
薊馬,0,0,0,N,animal,*,*,*,*,薊馬,*,*
鯽,0,0,0,N,animal,*,*,*,*,鯽,*,*
鯽魚,0,0,0,N,animal,*,*,*,*,鯽魚,*,*
迦蘭陀,0,0,0,N,animal,*,*,*,*,迦蘭陀,*,*
嘉義小灰蝶,0,0,0,N,animal,*,*,*,*,嘉義小灰蝶,*,*
嘉義小蛇目蝶,0,0,0,N,animal,*,*,*,*,嘉義小蛇目蝶,*,*
嘉魚,0,0,0,N,animal,*,*,*,*,嘉魚,*,*
家兔,0,0,0,N,animal,*,*,*,*,家兔,*,*
家鴿,0,0,0,N,animal,*,*,*,*,家鴿,*,*
家蠶,0,0,0,N,animal,*,*,*,*,家蠶,*,*
家鼠,0,0,0,N,animal,*,*,*,*,家鼠,*,*
家鴨,0,0,0,N,animal,*,*,*,*,家鴨,*,*
家燕,0,0,0,N,animal,*,*,*,*,家燕,*,*
家蠅,0,0,0,N,animal,*,*,*,*,家蠅,*,*
家蚊,0,0,0,N,animal,*,*,*,*,家蚊,*,*
蛺蝶,0,0,0,N,animal,*,*,*,*,蛺蝶,*,*
甲,0,0,0,N,animal,*,*,*,*,甲,*,*
介殼蟲,0,0,0,N,animal,*,*,*,*,介殼蟲,*,*
疥癬蟲,0,0,0,N,animal,*,*,*,*,疥癬蟲,*,*
交嘴,0,0,0,N,animal,*,*,*,*,交嘴,*,*
鵁鶄,0,0,0,N,animal,*,*,*,*,鵁鶄,*,*
鷦鷯,0,0,0,N,animal,*,*,*,*,鷦鷯,*,*
角貝,0,0,0,N,animal,*,*,*,*,角貝,*,*
角肩椿象,0,0,0,N,animal,*,*,*,*,角肩椿象,*,*
角魚,0,0,0,N,animal,*,*,*,*,角魚,*,*
腳席,0,0,0,N,animal,*,*,*,*,腳席,*,*
九官鳥,0,0,0,N,animal,*,*,*,*,九官鳥,*,*
九孔,0,0,0,N,animal,*,*,*,*,九孔,*,*
九香蟲,0,0,0,N,animal,*,*,*,*,九香蟲,*,*
鷲,0,0,0,N,animal,*,*,*,*,鷲,*,*
鰜,0,0,0,N,animal,*,*,*,*,鰜,*,*
鰹,0,0,0,N,animal,*,*,*,*,鰹,*,*
鰹鳥,0,0,0,N,animal,*,*,*,*,鰹鳥,*,*
箭柄魚,0,0,0,N,animal,*,*,*,*,箭柄魚,*,*
箭蟲,0,0,0,N,animal,*,*,*,*,箭蟲,*,*
劍羚,0,0,0,N,animal,*,*,*,*,劍羚,*,*
劍龍,0,0,0,N,animal,*,*,*,*,劍龍,*,*
劍旗魚,0,0,0,N,animal,*,*,*,*,劍旗魚,*,*
劍齒虎,0,0,0,N,animal,*,*,*,*,劍齒虎,*,*
劍齒象,0,0,0,N,animal,*,*,*,*,劍齒象,*,*
劍水蚤,0,0,0,N,animal,*,*,*,*,劍水蚤,*,*
劍尾魚,0,0,0,N,animal,*,*,*,*,劍尾魚,*,*
金鈴子,0,0,0,N,animal,*,*,*,*,金鈴子,*,*
金剛猩猩,0,0,0,N,animal,*,*,*,*,金剛猩猩,*,*
金龜子,0,0,0,N,animal,*,*,*,*,金龜子,*,*
金花蟲,0,0,0,N,animal,*,*,*,*,金花蟲,*,*
金錢豹,0,0,0,N,animal,*,*,*,*,金錢豹,*,*
金線蛙,0,0,0,N,animal,*,*,*,*,金線蛙,*,*
金鐘兒,0,0,0,N,animal,*,*,*,*,金鐘兒,*,*
金翅雀,0,0,0,N,animal,*,*,*,*,金翅雀,*,*
金絲猴,0,0,0,N,animal,*,*,*,*,金絲猴,*,*
金絲雀,0,0,0,N,animal,*,*,*,*,金絲雀,*,*
金絲燕,0,0,0,N,animal,*,*,*,*,金絲燕,*,*
金魚,0,0,0,N,animal,*,*,*,*,金魚,*,*
錦花鳥,0,0,0,N,animal,*,*,*,*,錦花鳥,*,*
錦雞,0,0,0,N,animal,*,*,*,*,錦雞,*,*
錦蛇,0,0,0,N,animal,*,*,*,*,錦蛇,*,*
江豚,0,0,0,N,animal,*,*,*,*,江豚,*,*
江珧,0,0,0,N,animal,*,*,*,*,江珧,*,*
橿鳥,0,0,0,N,animal,*,*,*,*,橿鳥,*,*
鯨,0,0,0,N,animal,*,*,*,*,鯨,*,*
鯨魚,0,0,0,N,animal,*,*,*,*,鯨魚,*,*
鏡貝,0,0,0,N,animal,*,*,*,*,鏡貝,*,*
菊石,0,0,0,N,animal,*,*,*,*,菊石,*,*
鶪,0,0,0,N,animal,*,*,*,*,鶪,*,*
舉尾蟲,0,0,0,N,animal,*,*,*,*,舉尾蟲,*,*
巨蜥,0,0,0,N,animal,*,*,*,*,巨蜥,*,*
鋸蜂,0,0,0,N,animal,*,*,*,*,鋸蜂,*,*
鋸鮫,0,0,0,N,animal,*,*,*,*,鋸鮫,*,*
鴃,0,0,0,N,animal,*,*,*,*,鴃,*,*
角鷹,0,0,0,N,animal,*,*,*,*,角鷹,*,*
蠲,0,0,0,N,animal,*,*,*,*,蠲,*,*
卷葉蛾,0,0,0,N,animal,*,*,*,*,卷葉蛾,*,*
卷尾猴,0,0,0,N,animal,*,*,*,*,卷尾猴,*,*
絹猴,0,0,0,N,animal,*,*,*,*,絹猴,*,*
軍艦鳥,0,0,0,N,animal,*,*,*,*,軍艦鳥,*,*
麇,0,0,0,N,animal,*,*,*,*,麇,*,*
鵔鸃,0,0,0,N,animal,*,*,*,*,鵔鸃,*,*
泂蛤仔,0,0,0,N,animal,*,*,*,*,泂蛤仔,*,*
七星瓢蟲,0,0,0,N,animal,*,*,*,*,七星瓢蟲,*,*
旗魚,0,0,0,N,animal,*,*,*,*,旗魚,*,*
企鵝,0,0,0,N,animal,*,*,*,*,企鵝,*,*
蟿螽,0,0,0,N,animal,*,*,*,*,蟿螽,*,*
蚯蚓,0,0,0,N,animal,*,*,*,*,蚯蚓,*,*
秋刀魚,0,0,0,N,animal,*,*,*,*,秋刀魚,*,*
秋蟬,0,0,0,N,animal,*,*,*,*,秋蟬,*,*
鶖,0,0,0,N,animal,*,*,*,*,鶖,*,*
鰍,0,0,0,N,animal,*,*,*,*,鰍,*,*
犰狳,0,0,0,N,animal,*,*,*,*,犰狳,*,*
琴鳥,0,0,0,N,animal,*,*,*,*,琴鳥,*,*
秦吉了,0,0,0,N,animal,*,*,*,*,秦吉了,*,*
螼,0,0,0,N,animal,*,*,*,*,螼,*,*
羌,0,0,0,N,animal,*,*,*,*,羌,*,*
羌鷲,0,0,0,N,animal,*,*,*,*,羌鷲,*,*
蜣螂,0,0,0,N,animal,*,*,*,*,蜣螂,*,*
青蜂,0,0,0,N,animal,*,*,*,*,青蜂,*,*
青鷺,0,0,0,N,animal,*,*,*,*,青鷺,*,*
青鮫,0,0,0,N,animal,*,*,*,*,青鮫,*,*
青雀,0,0,0,N,animal,*,*,*,*,青雀,*,*
青蝦,0,0,0,N,animal,*,*,*,*,青蝦,*,*
青竹絲,0,0,0,N,animal,*,*,*,*,青竹絲,*,*
青鼬,0,0,0,N,animal,*,*,*,*,青鼬,*,*
青蛙,0,0,0,N,animal,*,*,*,*,青蛙,*,*
青魚,0,0,0,N,animal,*,*,*,*,青魚,*,*
蜻蜓,0,0,0,N,animal,*,*,*,*,蜻蜓,*,*
鯖,0,0,0,N,animal,*,*,*,*,鯖,*,*
鴝,0,0,0,N,animal,*,*,*,*,鴝,*,*
鼩鼱,0,0,0,N,animal,*,*,*,*,鼩鼱,*,*
蠷蝚,0,0,0,N,animal,*,*,*,*,蠷蝚,*,*
蠷螋,0,0,0,N,animal,*,*,*,*,蠷螋,*,*
雀,0,0,0,N,animal,*,*,*,*,雀,*,*
雀鯛,0,0,0,N,animal,*,*,*,*,雀鯛,*,*
雀鷹,0,0,0,N,animal,*,*,*,*,雀鷹,*,*
鵲,0,0,0,N,animal,*,*,*,*,鵲,*,*
犬,0,0,0,N,animal,*,*,*,*,犬,*,*
裙帶魚,0,0,0,N,animal,*,*,*,*,裙帶魚,*,*
西施舌,0,0,0,N,animal,*,*,*,*,西施舌,*,*
吸血蛭,0,0,0,N,animal,*,*,*,*,吸血蛭,*,*
希有,0,0,0,N,animal,*,*,*,*,希有,*,*
蜥蜴,0,0,0,N,animal,*,*,*,*,蜥蜴,*,*
螇蚸,0,0,0,N,animal,*,*,*,*,螇蚸,*,*
螇螰,0,0,0,N,animal,*,*,*,*,螇螰,*,*
鼷,0,0,0,N,animal,*,*,*,*,鼷,*,*
鸂鶒,0,0,0,N,animal,*,*,*,*,鸂鶒,*,*
蟋蟀,0,0,0,N,animal,*,*,*,*,蟋蟀,*,*
犀,0,0,0,N,animal,*,*,*,*,犀,*,*
犀頭,0,0,0,N,animal,*,*,*,*,犀頭,*,*
犀鳥,0,0,0,N,animal,*,*,*,*,犀鳥,*,*
犀牛,0,0,0,N,animal,*,*,*,*,犀牛,*,*
喜鵲,0,0,0,N,animal,*,*,*,*,喜鵲,*,*
蟢,0,0,0,N,animal,*,*,*,*,蟢,*,*
細腰蜂,0,0,0,N,animal,*,*,*,*,細腰蜂,*,*
虩,0,0,0,N,animal,*,*,*,*,虩,*,*
蝦,0,0,0,N,animal,*,*,*,*,蝦,*,*
蝦蛄,0,0,0,N,animal,*,*,*,*,蝦蛄,*,*
蝦虎,0,0,0,N,animal,*,*,*,*,蝦虎,*,*
蝦子,0,0,0,N,animal,*,*,*,*,蝦子,*,*
蠍,0,0,0,N,animal,*,*,*,*,蠍,*,*
蠍子,0,0,0,N,animal,*,*,*,*,蠍子,*,*
斜紋夜蛾,0,0,0,N,animal,*,*,*,*,斜紋夜蛾,*,*
血吸蟲,0,0,0,N,animal,*,*,*,*,血吸蟲,*,*
蟹,0,0,0,N,animal,*,*,*,*,蟹,*,*
蠨蛸,0,0,0,N,animal,*,*,*,*,蠨蛸,*,*
小貓熊,0,0,0,N,animal,*,*,*,*,小貓熊,*,*
小蜂,0,0,0,N,animal,*,*,*,*,小蜂,*,*
小丑魚,0,0,0,N,animal,*,*,*,*,小丑魚,*,*
朽木蟲,0,0,0,N,animal,*,*,*,*,朽木蟲,*,*
繡眼,0,0,0,N,animal,*,*,*,*,繡眼,*,*
纖毛蟲,0,0,0,N,animal,*,*,*,*,纖毛蟲,*,*
蚿,0,0,0,N,animal,*,*,*,*,蚿,*,*
鷳,0,0,0,N,animal,*,*,*,*,鷳,*,*
蜆,0,0,0,N,animal,*,*,*,*,蜆,*,*
相思鳥,0,0,0,N,animal,*,*,*,*,相思鳥,*,*
相思子,0,0,0,N,animal,*,*,*,*,相思子,*,*
香麝,0,0,0,N,animal,*,*,*,*,香麝,*,*
香魚,0,0,0,N,animal,*,*,*,*,香魚,*,*
鯗蠹,0,0,0,N,animal,*,*,*,*,鯗蠹,*,*
響尾蛇,0,0,0,N,animal,*,*,*,*,響尾蛇,*,*
象,0,0,0,N,animal,*,*,*,*,象,*,*
象鼻蟲,0,0,0,N,animal,*,*,*,*,象鼻蟲,*,*
象鳥,0,0,0,N,animal,*,*,*,*,象鳥,*,*
象龜,0,0,0,N,animal,*,*,*,*,象龜,*,*
象牙貝,0,0,0,N,animal,*,*,*,*,象牙貝,*,*
嚮導犬,0,0,0,N,animal,*,*,*,*,嚮導犬,*,*
星點彈塗,0,0,0,N,animal,*,*,*,*,星點彈塗,*,*
星點河魨,0,0,0,N,animal,*,*,*,*,星點河魨,*,*
星雞魚,0,0,0,N,animal,*,*,*,*,星雞魚,*,*
星蟲,0,0,0,N,animal,*,*,*,*,星蟲,*,*
星鯊,0,0,0,N,animal,*,*,*,*,星鯊,*,*
猩猩,0,0,0,N,animal,*,*,*,*,猩猩,*,*
旭蟹,0,0,0,N,animal,*,*,*,*,旭蟹,*,*
鷽,0,0,0,N,animal,*,*,*,*,鷽,*,*
雪豹,0,0,0,N,animal,*,*,*,*,雪豹,*,*
鱈,0,0,0,N,animal,*,*,*,*,鱈,*,*
玄鳳,0,0,0,N,animal,*,*,*,*,玄鳳,*,*
玄鶴,0,0,0,N,animal,*,*,*,*,玄鶴,*,*
玄狐,0,0,0,N,animal,*,*,*,*,玄狐,*,*
玄狐蜂,0,0,0,N,animal,*,*,*,*,玄狐蜂,*,*
玄鼠,0,0,0,N,animal,*,*,*,*,玄鼠,*,*
旋毛蟲,0,0,0,N,animal,*,*,*,*,旋毛蟲,*,*
旋木雀,0,0,0,N,animal,*,*,*,*,旋木雀,*,*
馴鹿,0,0,0,N,animal,*,*,*,*,馴鹿,*,*
蟳,0,0,0,N,animal,*,*,*,*,蟳,*,*
鱘,0,0,0,N,animal,*,*,*,*,鱘,*,*
蕈螂,0,0,0,N,animal,*,*,*,*,蕈螂,*,*
蕈蠅,0,0,0,N,animal,*,*,*,*,蕈蠅,*,*
熊,0,0,0,N,animal,*,*,*,*,熊,*,*
熊蜂,0,0,0,N,animal,*,*,*,*,熊蜂,*,*
熊蟻,0,0,0,N,animal,*,*,*,*,熊蟻,*,*
鳷鵲,0,0,0,N,animal,*,*,*,*,鳷鵲,*,*
知更鳥,0,0,0,N,animal,*,*,*,*,知更鳥,*,*
蜘蛛,0,0,0,N,animal,*,*,*,*,蜘蛛,*,*
蟙,0,0,0,N,animal,*,*,*,*,蟙,*,*
指猴,0,0,0,N,animal,*,*,*,*,指猴,*,*
雉,0,0,0,N,animal,*,*,*,*,雉,*,*
雉雞,0,0,0,N,animal,*,*,*,*,雉雞,*,*
雉鳩,0,0,0,N,animal,*,*,*,*,雉鳩,*,*
蚱蟬,0,0,0,N,animal,*,*,*,*,蚱蟬,*,*
䖳,0,0,0,N,animal,*,*,*,*,䖳,*,*
螫蠅,0,0,0,N,animal,*,*,*,*,螫蠅,*,*
鷓鴣,0,0,0,N,animal,*,*,*,*,鷓鴣,*,*
鮡,0,0,0,N,animal,*,*,*,*,鮡,*,*
鸇,0,0,0,N,animal,*,*,*,*,鸇,*,*
珍珠雞,0,0,0,N,animal,*,*,*,*,珍珠雞,*,*
真鯛,0,0,0,N,animal,*,*,*,*,真鯛,*,*
榛雞,0,0,0,N,animal,*,*,*,*,榛雞,*,*
鴆,0,0,0,N,animal,*,*,*,*,鴆,*,*
獐,0,0,0,N,animal,*,*,*,*,獐,*,*
獐子,0,0,0,N,animal,*,*,*,*,獐子,*,*
樟蠶,0,0,0,N,animal,*,*,*,*,樟蠶,*,*
蟑螂,0,0,0,N,animal,*,*,*,*,蟑螂,*,*
鱆,0,0,0,N,animal,*,*,*,*,鱆,*,*
正番鴨,0,0,0,N,animal,*,*,*,*,正番鴨,*,*
朱頂,0,0,0,N,animal,*,*,*,*,朱頂,*,*
朱鷺,0,0,0,N,animal,*,*,*,*,朱鷺,*,*
珠母,0,0,0,N,animal,*,*,*,*,珠母,*,*
珠雞,0,0,0,N,animal,*,*,*,*,珠雞,*,*
豬,0,0,0,N,animal,*,*,*,*,豬,*,*
豬獾,0,0,0,N,animal,*,*,*,*,豬獾,*,*
竹雞,0,0,0,N,animal,*,*,*,*,竹雞,*,*
竹節蟲,0,0,0,N,animal,*,*,*,*,竹節蟲,*,*
竹葉青,0,0,0,N,animal,*,*,*,*,竹葉青,*,*
麈,0,0,0,N,animal,*,*,*,*,麈,*,*
啄木鳥,0,0,0,N,animal,*,*,*,*,啄木鳥,*,*
隼,0,0,0,N,animal,*,*,*,*,隼,*,*
鐘形蟲,0,0,0,N,animal,*,*,*,*,鐘形蟲,*,*
鴟梟,0,0,0,N,animal,*,*,*,*,鴟梟,*,*
尺蠖,0,0,0,N,animal,*,*,*,*,尺蠖,*,*
尺蠖蛾,0,0,0,N,animal,*,*,*,*,尺蠖蛾,*,*
蚇,0,0,0,N,animal,*,*,*,*,蚇,*,*
豉蟲,0,0,0,N,animal,*,*,*,*,豉蟲,*,*
斥鷃,0,0,0,N,animal,*,*,*,*,斥鷃,*,*
赤翡翠,0,0,0,N,animal,*,*,*,*,赤翡翠,*,*
赤練蛇,0,0,0,N,animal,*,*,*,*,赤練蛇,*,*
赤狐,0,0,0,N,animal,*,*,*,*,赤狐,*,*
赤銜,0,0,0,N,animal,*,*,*,*,赤銜,*,*
赤眼卵蜂,0,0,0,N,animal,*,*,*,*,赤眼卵蜂,*,*
赤蛙,0,0,0,N,animal,*,*,*,*,赤蛙,*,*
赤尾青竹絲,0,0,0,N,animal,*,*,*,*,赤尾青竹絲,*,*
叉角羚,0,0,0,N,animal,*,*,*,*,叉角羚,*,*
茶毛蟲,0,0,0,N,animal,*,*,*,*,茶毛蟲,*,*
車螯,0,0,0,N,animal,*,*,*,*,車螯,*,*
硨磲,0,0,0,N,animal,*,*,*,*,硨磲,*,*
豺,0,0,0,N,animal,*,*,*,*,豺,*,*
蠆,0,0,0,N,animal,*,*,*,*,蠆,*,*
巢鼠,0,0,0,N,animal,*,*,*,*,巢鼠,*,*
鯈,0,0,0,N,animal,*,*,*,*,鯈,*,*
臭鼬,0,0,0,N,animal,*,*,*,*,臭鼬,*,*
蟬,0,0,0,N,animal,*,*,*,*,蟬,*,*
獑胡,0,0,0,N,animal,*,*,*,*,獑胡,*,*
蟾蜍,0,0,0,N,animal,*,*,*,*,蟾蜍,*,*
晨風,0,0,0,N,animal,*,*,*,*,晨風,*,*
塵芥蟲,0,0,0,N,animal,*,*,*,*,塵芥蟲,*,*
菖鮋,0,0,0,N,animal,*,*,*,*,菖鮋,*,*
鯧,0,0,0,N,animal,*,*,*,*,鯧,*,*
長臂蝦,0,0,0,N,animal,*,*,*,*,長臂蝦,*,*
長毛象,0,0,0,N,animal,*,*,*,*,長毛象,*,*
長腳蜂,0,0,0,N,animal,*,*,*,*,長腳蜂,*,*
長頸鹿,0,0,0,N,animal,*,*,*,*,長頸鹿,*,*
長耳鴞,0,0,0,N,animal,*,*,*,*,長耳鴞,*,*
長尾闊嘴鳥,0,0,0,N,animal,*,*,*,*,長尾闊嘴鳥,*,*
長吻魚,0,0,0,N,animal,*,*,*,*,長吻魚,*,*
鱨,0,0,0,N,animal,*,*,*,*,鱨,*,*
蟶,0,0,0,N,animal,*,*,*,*,蟶,*,*
貙虎,0,0,0,N,animal,*,*,*,*,貙虎,*,*
吹綿介殼蟲,0,0,0,N,animal,*,*,*,*,吹綿介殼蟲,*,*
槌鯨,0,0,0,N,animal,*,*,*,*,槌鯨,*,*
船蛆,0,0,0,N,animal,*,*,*,*,船蛆,*,*
椿象,0,0,0,N,animal,*,*,*,*,椿象,*,*
舂鉏,0,0,0,N,animal,*,*,*,*,舂鉏,*,*
虱目魚,0,0,0,N,animal,*,*,*,*,虱目魚,*,*
獅,0,0,0,N,animal,*,*,*,*,獅,*,*
獅子,0,0,0,N,animal,*,*,*,*,獅子,*,*
獅子狗,0,0,0,N,animal,*,*,*,*,獅子狗,*,*
蝨,0,0,0,N,animal,*,*,*,*,蝨,*,*
十姊妹,0,0,0,N,animal,*,*,*,*,十姊妹,*,*
十二指腸蟲,0,0,0,N,animal,*,*,*,*,十二指腸蟲,*,*
石鱉,0,0,0,N,animal,*,*,*,*,石鱉,*,*
石蟥,0,0,0,N,animal,*,*,*,*,石蟥,*,*
石燕,0,0,0,N,animal,*,*,*,*,石燕,*,*
石羊,0,0,0,N,animal,*,*,*,*,石羊,*,*
鼫,0,0,0,N,animal,*,*,*,*,鼫,*,*
鼫鼠,0,0,0,N,animal,*,*,*,*,鼫鼠,*,*
食火雞,0,0,0,N,animal,*,*,*,*,食火雞,*,*
食蟲虻,0,0,0,N,animal,*,*,*,*,食蟲虻,*,*
食人鯊,0,0,0,N,animal,*,*,*,*,食人鯊,*,*
食人魚,0,0,0,N,animal,*,*,*,*,食人魚,*,*
食蟻獸,0,0,0,N,animal,*,*,*,*,食蟻獸,*,*
蝕船蟲,0,0,0,N,animal,*,*,*,*,蝕船蟲,*,*
鰣,0,0,0,N,animal,*,*,*,*,鰣,*,*
始祖鳥,0,0,0,N,animal,*,*,*,*,始祖鳥,*,*
豉,0,0,0,N,animal,*,*,*,*,豉,*,*
沙丁魚,0,0,0,N,animal,*,*,*,*,沙丁魚,*,*
沙狐,0,0,0,N,animal,*,*,*,*,沙狐,*,*
沙雞,0,0,0,N,animal,*,*,*,*,沙雞,*,*
沙噀,0,0,0,N,animal,*,*,*,*,沙噀,*,*
沙蠶,0,0,0,N,animal,*,*,*,*,沙蠶,*,*
沙魚,0,0,0,N,animal,*,*,*,*,沙魚,*,*
莎,0,0,0,N,animal,*,*,*,*,莎,*,*
猞猁孫,0,0,0,N,animal,*,*,*,*,猞猁孫,*,*
射魚,0,0,0,N,animal,*,*,*,*,射魚,*,*
麝,0,0,0,N,animal,*,*,*,*,麝,*,*
麝牛,0,0,0,N,animal,*,*,*,*,麝牛,*,*
麝雉,0,0,0,N,animal,*,*,*,*,麝雉,*,*
麝鼠,0,0,0,N,animal,*,*,*,*,麝鼠,*,*
攝龜,0,0,0,N,animal,*,*,*,*,攝龜,*,*
守宮,0,0,0,N,animal,*,*,*,*,守宮,*,*
綬貝,0,0,0,N,animal,*,*,*,*,綬貝,*,*
綬帶鳥,0,0,0,N,animal,*,*,*,*,綬帶鳥,*,*
山蜂,0,0,0,N,animal,*,*,*,*,山蜂,*,*
山和尚,0,0,0,N,animal,*,*,*,*,山和尚,*,*
山雞,0,0,0,N,animal,*,*,*,*,山雞,*,*
山魈,0,0,0,N,animal,*,*,*,*,山魈,*,*
山羊,0,0,0,N,animal,*,*,*,*,山羊,*,*
珊瑚蟲,0,0,0,N,animal,*,*,*,*,珊瑚蟲,*,*
扇貝,0,0,0,N,animal,*,*,*,*,扇貝,*,*
鱔,0,0,0,N,animal,*,*,*,*,鱔,*,*
鱔魚,0,0,0,N,animal,*,*,*,*,鱔魚,*,*
神仙魚,0,0,0,N,animal,*,*,*,*,神仙魚,*,*
樹懶,0,0,0,N,animal,*,*,*,*,樹懶,*,*
樹鼩,0,0,0,N,animal,*,*,*,*,樹鼩,*,*
樹蛙,0,0,0,N,animal,*,*,*,*,樹蛙,*,*
水黽,0,0,0,N,animal,*,*,*,*,水黽,*,*
水母,0,0,0,N,animal,*,*,*,*,水母,*,*
水斧蟲,0,0,0,N,animal,*,*,*,*,水斧蟲,*,*
水獺,0,0,0,N,animal,*,*,*,*,水獺,*,*
水牛,0,0,0,N,animal,*,*,*,*,水牛,*,*
水蠟蟲,0,0,0,N,animal,*,*,*,*,水蠟蟲,*,*
水鹿,0,0,0,N,animal,*,*,*,*,水鹿,*,*
水螅,0,0,0,N,animal,*,*,*,*,水螅,*,*
水蜘蛛,0,0,0,N,animal,*,*,*,*,水蜘蛛,*,*
水蛭,0,0,0,N,animal,*,*,*,*,水蛭,*,*
水虱,0,0,0,N,animal,*,*,*,*,水虱,*,*
水蛇,0,0,0,N,animal,*,*,*,*,水蛇,*,*
水蚤,0,0,0,N,animal,*,*,*,*,水蚤,*,*
水鴨,0,0,0,N,animal,*,*,*,*,水鴨,*,*
睡病蟲,0,0,0,N,animal,*,*,*,*,睡病蟲,*,*
蟯蟲,0,0,0,N,animal,*,*,*,*,蟯蟲,*,*
鵀,0,0,0,N,animal,*,*,*,*,鵀,*,*
儒艮,0,0,0,N,animal,*,*,*,*,儒艮,*,*
狨,0,0,0,N,animal,*,*,*,*,狨,*,*
蠑螈,0,0,0,N,animal,*,*,*,*,蠑螈,*,*
孖蟲,0,0,0,N,animal,*,*,*,*,孖蟲,*,*
鯔,0,0,0,N,animal,*,*,*,*,鯔,*,*
紫燕,0,0,0,N,animal,*,*,*,*,紫燕,*,*
灶馬,0,0,0,N,animal,*,*,*,*,灶馬,*,*
柞蠶,0,0,0,N,animal,*,*,*,*,柞蠶,*,*
鑿船蟲,0,0,0,N,animal,*,*,*,*,鑿船蟲,*,*
鱒,0,0,0,N,animal,*,*,*,*,鱒,*,*
棕熊,0,0,0,N,animal,*,*,*,*,棕熊,*,*
慈烏,0,0,0,N,animal,*,*,*,*,慈烏,*,*
刺蝟,0,0,0,N,animal,*,*,*,*,刺蝟,*,*
蛓毛蟲,0,0,0,N,animal,*,*,*,*,蛓毛蟲,*,*
菜鴨,0,0,0,N,animal,*,*,*,*,菜鴨,*,*
草履蟲,0,0,0,N,animal,*,*,*,*,草履蟲,*,*
草花蛇,0,0,0,N,animal,*,*,*,*,草花蛇,*,*
草蜻蛉,0,0,0,N,animal,*,*,*,*,草蜻蛉,*,*
草蝦,0,0,0,N,animal,*,*,*,*,草蝦,*,*
草蜘蛛,0,0,0,N,animal,*,*,*,*,草蜘蛛,*,*
草蛭,0,0,0,N,animal,*,*,*,*,草蛭,*,*
草螽,0,0,0,N,animal,*,*,*,*,草螽,*,*
蠶蛆蠅,0,0,0,N,animal,*,*,*,*,蠶蛆蠅,*,*
蒼鷺,0,0,0,N,animal,*,*,*,*,蒼鷺,*,*
蒼鷹,0,0,0,N,animal,*,*,*,*,蒼鷹,*,*
蒼蠅,0,0,0,N,animal,*,*,*,*,蒼蠅,*,*
翠鳥,0,0,0,N,animal,*,*,*,*,翠鳥,*,*
絲蟲,0,0,0,N,animal,*,*,*,*,絲蟲,*,*
絲魚,0,0,0,N,animal,*,*,*,*,絲魚,*,*
鰓蝨,0,0,0,N,animal,*,*,*,*,鰓蝨,*,*
三斑家蚊,0,0,0,N,animal,*,*,*,*,三斑家蚊,*,*
三化螟蟲,0,0,0,N,animal,*,*,*,*,三化螟蟲,*,*
三觭龍,0,0,0,N,animal,*,*,*,*,三觭龍,*,*
三線蝶,0,0,0,N,animal,*,*,*,*,三線蝶,*,*
三葉蟲,0,0,0,N,animal,*,*,*,*,三葉蟲,*,*
桑扈,0,0,0,N,animal,*,*,*,*,桑扈,*,*
鷫鷞,0,0,0,N,animal,*,*,*,*,鷫鷞,*,*
梭子蟹,0,0,0,N,animal,*,*,*,*,梭子蟹,*,*
梭微子,0,0,0,N,animal,*,*,*,*,梭微子,*,*
梭魚,0,0,0,N,animal,*,*,*,*,梭魚,*,*
蓑衣丈人,0,0,0,N,animal,*,*,*,*,蓑衣丈人,*,*
筍螺,0,0,0,N,animal,*,*,*,*,筍螺,*,*
松毛蟲,0,0,0,N,animal,*,*,*,*,松毛蟲,*,*
松雞,0,0,0,N,animal,*,*,*,*,松雞,*,*
松球魚,0,0,0,N,animal,*,*,*,*,松球魚,*,*
松鼠,0,0,0,N,animal,*,*,*,*,松鼠,*,*
松藻蟲,0,0,0,N,animal,*,*,*,*,松藻蟲,*,*
松材線蟲,0,0,0,N,animal,*,*,*,*,松材線蟲,*,*
蜙,0,0,0,N,animal,*,*,*,*,蜙,*,*
阿比,0,0,0,N,animal,*,*,*,*,阿比,*,*
峨螺,0,0,0,N,animal,*,*,*,*,峨螺,*,*
蛾子,0,0,0,N,animal,*,*,*,*,蛾子,*,*
鵝,0,0,0,N,animal,*,*,*,*,鵝,*,*
鶚,0,0,0,N,animal,*,*,*,*,鶚,*,*
鱷魚,0,0,0,N,animal,*,*,*,*,鱷魚,*,*
獒,0,0,0,N,animal,*,*,*,*,獒,*,*
澳洲鱷魚,0,0,0,N,animal,*,*,*,*,澳洲鱷魚,*,*
安哥拉兔,0,0,0,N,animal,*,*,*,*,安哥拉兔,*,*
鵪鶉,0,0,0,N,animal,*,*,*,*,鵪鶉,*,*
犴,0,0,0,N,animal,*,*,*,*,犴,*,*
鮟鱇,0,0,0,N,animal,*,*,*,*,鮟鱇,*,*
二口蟲,0,0,0,N,animal,*,*,*,*,二口蟲,*,*
二化螟,0,0,0,N,animal,*,*,*,*,二化螟,*,*
二十八星瓢蟲,0,0,0,N,animal,*,*,*,*,二十八星瓢蟲,*,*
衣蛾,0,0,0,N,animal,*,*,*,*,衣蛾,*,*
異特龍,0,0,0,N,animal,*,*,*,*,異特龍,*,*
鷧,0,0,0,N,animal,*,*,*,*,鷧,*,*
鴨,0,0,0,N,animal,*,*,*,*,鴨,*,*
鴨嘴龍,0,0,0,N,animal,*,*,*,*,鴨嘴龍,*,*
鴨嘴獸,0,0,0,N,animal,*,*,*,*,鴨嘴獸,*,*
牙蟲,0,0,0,N,animal,*,*,*,*,牙蟲,*,*
蚜蟲,0,0,0,N,animal,*,*,*,*,蚜蟲,*,*
野貓,0,0,0,N,animal,*,*,*,*,野貓,*,*
野兔,0,0,0,N,animal,*,*,*,*,野兔,*,*
野牛,0,0,0,N,animal,*,*,*,*,野牛,*,*
野鴿,0,0,0,N,animal,*,*,*,*,野鴿,*,*
野犬,0,0,0,N,animal,*,*,*,*,野犬,*,*
野豬,0,0,0,N,animal,*,*,*,*,野豬,*,*
野蠶,0,0,0,N,animal,*,*,*,*,野蠶,*,*
野鴨,0,0,0,N,animal,*,*,*,*,野鴨,*,*
夜鷺,0,0,0,N,animal,*,*,*,*,夜鷺,*,*
夜光蟲,0,0,0,N,animal,*,*,*,*,夜光蟲,*,*
夜猴,0,0,0,N,animal,*,*,*,*,夜猴,*,*
夜炤,0,0,0,N,animal,*,*,*,*,夜炤,*,*
夜蛾,0,0,0,N,animal,*,*,*,*,夜蛾,*,*
夜鶯,0,0,0,N,animal,*,*,*,*,夜鶯,*,*
夜鷹,0,0,0,N,animal,*,*,*,*,夜鷹,*,*
射干,0,0,0,N,animal,*,*,*,*,射干,*,*
搖蚊,0,0,0,N,animal,*,*,*,*,搖蚊,*,*
鷂,0,0,0,N,animal,*,*,*,*,鷂,*,*
鷂魚,0,0,0,N,animal,*,*,*,*,鷂魚,*,*
魷魚,0,0,0,N,animal,*,*,*,*,魷魚,*,*
油葫蘆,0,0,0,N,animal,*,*,*,*,油葫蘆,*,*
蚰蜒,0,0,0,N,animal,*,*,*,*,蚰蜒,*,*
鮋,0,0,0,N,animal,*,*,*,*,鮋,*,*
有鉤絛蟲,0,0,0,N,animal,*,*,*,*,有鉤絛蟲,*,*
有孔蟲,0,0,0,N,animal,*,*,*,*,有孔蟲,*,*
鼬鼠,0,0,0,N,animal,*,*,*,*,鼬鼠,*,*
煙蚜,0,0,0,N,animal,*,*,*,*,煙蚜,*,*
煙夜蛾,0,0,0,N,animal,*,*,*,*,煙夜蛾,*,*
鳽,0,0,0,N,animal,*,*,*,*,鳽,*,*
蜒蚰,0,0,0,N,animal,*,*,*,*,蜒蚰,*,*
鼴鼠,0,0,0,N,animal,*,*,*,*,鼴鼠,*,*
眼鏡猴,0,0,0,N,animal,*,*,*,*,眼鏡猴,*,*
眼鏡蛇,0,0,0,N,animal,*,*,*,*,眼鏡蛇,*,*
雁,0,0,0,N,animal,*,*,*,*,雁,*,*
燕鴴,0,0,0,N,animal,*,*,*,*,燕鴴,*,*
燕雀,0,0,0,N,animal,*,*,*,*,燕雀,*,*
陰蝨,0,0,0,N,animal,*,*,*,*,陰蝨,*,*
銀環蛇,0,0,0,N,animal,*,*,*,*,銀環蛇,*,*
銀鮫,0,0,0,N,animal,*,*,*,*,銀鮫,*,*
銀鼠,0,0,0,N,animal,*,*,*,*,銀鼠,*,*
銀魚,0,0,0,N,animal,*,*,*,*,銀魚,*,*
印魚,0,0,0,N,animal,*,*,*,*,印魚,*,*
秧雞,0,0,0,N,animal,*,*,*,*,秧雞,*,*
羊毛猴,0,0,0,N,animal,*,*,*,*,羊毛猴,*,*
羊駝,0,0,0,N,animal,*,*,*,*,羊駝,*,*
陽遂足,0,0,0,N,animal,*,*,*,*,陽遂足,*,*
陽烏,0,0,0,N,animal,*,*,*,*,陽烏,*,*
楊枝魚,0,0,0,N,animal,*,*,*,*,楊枝魚,*,*
櫻貝,0,0,0,N,animal,*,*,*,*,櫻貝,*,*
鸚哥,0,0,0,N,animal,*,*,*,*,鸚哥,*,*
鸚鵡,0,0,0,N,animal,*,*,*,*,鸚鵡,*,*
螢火蟲,0,0,0,N,animal,*,*,*,*,螢火蟲,*,*
螢蛾,0,0,0,N,animal,*,*,*,*,螢蛾,*,*
蠅虎,0,0,0,N,animal,*,*,*,*,蠅虎,*,*
烏龜,0,0,0,N,animal,*,*,*,*,烏龜,*,*
烏頰魚,0,0,0,N,animal,*,*,*,*,烏頰魚,*,*
烏賊,0,0,0,N,animal,*,*,*,*,烏賊,*,*
烏鴉,0,0,0,N,animal,*,*,*,*,烏鴉,*,*
烏魚,0,0,0,N,animal,*,*,*,*,烏魚,*,*
鼯鼠,0,0,0,N,animal,*,*,*,*,鼯鼠,*,*
吳郭魚,0,0,0,N,animal,*,*,*,*,吳郭魚,*,*
蜈蚣,0,0,0,N,animal,*,*,*,*,蜈蚣,*,*
無鉤絛蟲,0,0,0,N,animal,*,*,*,*,無鉤絛蟲,*,*
無翼鳥,0,0,0,N,animal,*,*,*,*,無翼鳥,*,*
五倍子,0,0,0,N,animal,*,*,*,*,五倍子,*,*
五倍子蟲,0,0,0,N,animal,*,*,*,*,五倍子蟲,*,*
兀鷲,0,0,0,N,animal,*,*,*,*,兀鷲,*,*
兀鷹,0,0,0,N,animal,*,*,*,*,兀鷹,*,*
膃肭,0,0,0,N,animal,*,*,*,*,膃肭,*,*
渦蟲,0,0,0,N,animal,*,*,*,*,渦蟲,*,*
鮪,0,0,0,N,animal,*,*,*,*,鮪,*,*
蝟,0,0,0,N,animal,*,*,*,*,蝟,*,*
文鳥,0,0,0,N,animal,*,*,*,*,文鳥,*,*
文蛤,0,0,0,N,animal,*,*,*,*,文蛤,*,*
文昌魚,0,0,0,N,animal,*,*,*,*,文昌魚,*,*
文鰩魚,0,0,0,N,animal,*,*,*,*,文鰩魚,*,*
蚊子,0,0,0,N,animal,*,*,*,*,蚊子,*,*
翁蛤,0,0,0,N,animal,*,*,*,*,翁蛤,*,*
魚虎,0,0,0,N,animal,*,*,*,*,魚虎,*,*
魚鳥,0,0,0,N,animal,*,*,*,*,魚鳥,*,*
魚蟲,0,0,0,N,animal,*,*,*,*,魚蟲,*,*
魚蝨,0,0,0,N,animal,*,*,*,*,魚蝨,*,*
漁娘,0,0,0,N,animal,*,*,*,*,漁娘,*,*
雨虎,0,0,0,N,animal,*,*,*,*,雨虎,*,*
雨傘節,0,0,0,N,animal,*,*,*,*,雨傘節,*,*
雨燕,0,0,0,N,animal,*,*,*,*,雨燕,*,*
雨蛙,0,0,0,N,animal,*,*,*,*,雨蛙,*,*
玉螺,0,0,0,N,animal,*,*,*,*,玉螺,*,*
鸒,0,0,0,N,animal,*,*,*,*,鸒,*,*
鸑鷟,0,0,0,N,animal,*,*,*,*,鸑鷟,*,*
鴛鴦,0,0,0,N,animal,*,*,*,*,鴛鴦,*,*
鳶,0,0,0,N,animal,*,*,*,*,鳶,*,*
黿,0,0,0,N,animal,*,*,*,*,黿,*,*
羱羊,0,0,0,N,animal,*,*,*,*,羱羊,*,*
緣椿象,0,0,0,N,animal,*,*,*,*,緣椿象,*,*
