巴,0,0,0,N,nationname,*,*,*,*,巴,*,*
巴貝多,0,0,0,N,nationname,*,*,*,*,巴貝多,*,*
巴比倫,0,0,0,N,nationname,*,*,*,*,巴比倫,*,*
巴布亞紐幾內亞,0,0,0,N,nationname,*,*,*,*,巴布亞紐幾內亞,*,*
巴拿馬,0,0,0,N,nationname,*,*,*,*,巴拿馬,*,*
巴拿馬共和國,0,0,0,N,nationname,*,*,*,*,巴拿馬共和國,*,*
巴拉圭,0,0,0,N,nationname,*,*,*,*,巴拉圭,*,*
巴拉圭共和國,0,0,0,N,nationname,*,*,*,*,巴拉圭共和國,*,*
巴林,0,0,0,N,nationname,*,*,*,*,巴林,*,*
巴哈馬,0,0,0,N,nationname,*,*,*,*,巴哈馬,*,*
巴基斯坦,0,0,0,N,nationname,*,*,*,*,巴基斯坦,*,*
巴基斯坦伊斯蘭共和國,0,0,0,N,nationname,*,*,*,*,巴基斯坦伊斯蘭共和國,*,*
巴西,0,0,0,N,nationname,*,*,*,*,巴西,*,*
巴西聯邦共和國,0,0,0,N,nationname,*,*,*,*,巴西聯邦共和國,*,*
巴什吉爾,0,0,0,N,nationname,*,*,*,*,巴什吉爾,*,*
巴什吉爾自治共和國,0,0,0,N,nationname,*,*,*,*,巴什吉爾自治共和國,*,*
波布那,0,0,0,N,nationname,*,*,*,*,波布那,*,*
波布那共和國,0,0,0,N,nationname,*,*,*,*,波布那共和國,*,*
波蘭,0,0,0,N,nationname,*,*,*,*,波蘭,*,*
波蘭共和國,0,0,0,N,nationname,*,*,*,*,波蘭共和國,*,*
波札那,0,0,0,N,nationname,*,*,*,*,波札那,*,*
波札那共和國,0,0,0,N,nationname,*,*,*,*,波札那共和國,*,*
波斯,0,0,0,N,nationname,*,*,*,*,波斯,*,*
波斯帝國,0,0,0,N,nationname,*,*,*,*,波斯帝國,*,*
波斯國,0,0,0,N,nationname,*,*,*,*,波斯國,*,*
玻利維亞,0,0,0,N,nationname,*,*,*,*,玻利維亞,*,*
玻利維亞共和國,0,0,0,N,nationname,*,*,*,*,玻利維亞共和國,*,*
伯濟國,0,0,0,N,nationname,*,*,*,*,伯濟國,*,*
帛琉共和國,0,0,0,N,nationname,*,*,*,*,帛琉共和國,*,*
勃律,0,0,0,N,nationname,*,*,*,*,勃律,*,*
渤海,0,0,0,N,nationname,*,*,*,*,渤海,*,*
渤海國,0,0,0,N,nationname,*,*,*,*,渤海國,*,*
亳,0,0,0,N,nationname,*,*,*,*,亳,*,*
白象之國,0,0,0,N,nationname,*,*,*,*,白象之國,*,*
白俄羅斯,0,0,0,N,nationname,*,*,*,*,白俄羅斯,*,*
白俄羅斯共和國,0,0,0,N,nationname,*,*,*,*,白俄羅斯共和國,*,*
百濟,0,0,0,N,nationname,*,*,*,*,百濟,*,*
北葉門,0,0,0,N,nationname,*,*,*,*,北葉門,*,*
邶,0,0,0,N,nationname,*,*,*,*,邶,*,*
貝南,0,0,0,N,nationname,*,*,*,*,貝南,*,*
貝南共和國,0,0,0,N,nationname,*,*,*,*,貝南共和國,*,*
貝里斯,0,0,0,N,nationname,*,*,*,*,貝里斯,*,*
褒,0,0,0,N,nationname,*,*,*,*,褒,*,*
保加利亞,0,0,0,N,nationname,*,*,*,*,保加利亞,*,*
保加利亞共和國,0,0,0,N,nationname,*,*,*,*,保加利亞共和國,*,*
比利時,0,0,0,N,nationname,*,*,*,*,比利時,*,*
比利時王國,0,0,0,N,nationname,*,*,*,*,比利時王國,*,*
祕魯,0,0,0,N,nationname,*,*,*,*,祕魯,*,*
祕魯共和國,0,0,0,N,nationname,*,*,*,*,祕魯共和國,*,*
邠,0,0,0,N,nationname,*,*,*,*,邠,*,*
豳,0,0,0,N,nationname,*,*,*,*,豳,*,*
冰島,0,0,0,N,nationname,*,*,*,*,冰島,*,*
冰島共和國,0,0,0,N,nationname,*,*,*,*,冰島共和國,*,*
不丹,0,0,0,N,nationname,*,*,*,*,不丹,*,*
不丹王國,0,0,0,N,nationname,*,*,*,*,不丹王國,*,*
布吉納法索,0,0,0,N,nationname,*,*,*,*,布吉納法索,*,*
帕提亞,0,0,0,N,nationname,*,*,*,*,帕提亞,*,*
葡萄牙,0,0,0,N,nationname,*,*,*,*,葡萄牙,*,*
葡萄牙共和國,0,0,0,N,nationname,*,*,*,*,葡萄牙共和國,*,*
蒲隆地,0,0,0,N,nationname,*,*,*,*,蒲隆地,*,*
蒲隆地共和國,0,0,0,N,nationname,*,*,*,*,蒲隆地共和國,*,*
普魯士,0,0,0,N,nationname,*,*,*,*,普魯士,*,*
馬達加斯加,0,0,0,N,nationname,*,*,*,*,馬達加斯加,*,*
馬達加斯加民主共和國,0,0,0,N,nationname,*,*,*,*,馬達加斯加民主共和國,*,*
馬拉威,0,0,0,N,nationname,*,*,*,*,馬拉威,*,*
馬拉威共和國,0,0,0,N,nationname,*,*,*,*,馬拉威共和國,*,*
馬來西亞,0,0,0,N,nationname,*,*,*,*,馬來西亞,*,*
馬利,0,0,0,N,nationname,*,*,*,*,馬利,*,*
馬利共和國,0,0,0,N,nationname,*,*,*,*,馬利共和國,*,*
馬其頓王國,0,0,0,N,nationname,*,*,*,*,馬其頓王國,*,*
馬紹爾群島,0,0,0,N,nationname,*,*,*,*,馬紹爾群島,*,*
馬爾地夫,0,0,0,N,nationname,*,*,*,*,馬爾地夫,*,*
馬爾地夫共和國,0,0,0,N,nationname,*,*,*,*,馬爾地夫共和國,*,*
馬爾他,0,0,0,N,nationname,*,*,*,*,馬爾他,*,*
馬爾他共和國,0,0,0,N,nationname,*,*,*,*,馬爾他共和國,*,*
摩納哥,0,0,0,N,nationname,*,*,*,*,摩納哥,*,*
摩納哥侯國,0,0,0,N,nationname,*,*,*,*,摩納哥侯國,*,*
摩洛哥,0,0,0,N,nationname,*,*,*,*,摩洛哥,*,*
摩洛哥王國,0,0,0,N,nationname,*,*,*,*,摩洛哥王國,*,*
摩爾多瓦共和國,0,0,0,N,nationname,*,*,*,*,摩爾多瓦共和國,*,*
模里西斯,0,0,0,N,nationname,*,*,*,*,模里西斯,*,*
模里西斯共和國,0,0,0,N,nationname,*,*,*,*,模里西斯共和國,*,*
莫三比克,0,0,0,N,nationname,*,*,*,*,莫三比克,*,*
莫三比克人民共和國,0,0,0,N,nationname,*,*,*,*,莫三比克人民共和國,*,*
墨西哥,0,0,0,N,nationname,*,*,*,*,墨西哥,*,*
墨西哥合眾國,0,0,0,N,nationname,*,*,*,*,墨西哥合眾國,*,*
美利堅合眾國,0,0,0,N,nationname,*,*,*,*,美利堅合眾國,*,*
美國,0,0,0,N,nationname,*,*,*,*,美國,*,*
茅利塔尼亞,0,0,0,N,nationname,*,*,*,*,茅利塔尼亞,*,*
茅利塔尼亞伊斯蘭共和國,0,0,0,N,nationname,*,*,*,*,茅利塔尼亞伊斯蘭共和國,*,*
蒙古帝國,0,0,0,N,nationname,*,*,*,*,蒙古帝國,*,*
孟加拉,0,0,0,N,nationname,*,*,*,*,孟加拉,*,*
孟加拉人民共和國,0,0,0,N,nationname,*,*,*,*,孟加拉人民共和國,*,*
緬甸,0,0,0,N,nationname,*,*,*,*,緬甸,*,*
緬甸聯邦,0,0,0,N,nationname,*,*,*,*,緬甸聯邦,*,*
法蘭西共和國,0,0,0,N,nationname,*,*,*,*,法蘭西共和國,*,*
法國,0,0,0,N,nationname,*,*,*,*,法國,*,*
菲律賓,0,0,0,N,nationname,*,*,*,*,菲律賓,*,*
菲律賓共和國,0,0,0,N,nationname,*,*,*,*,菲律賓共和國,*,*
斐濟,0,0,0,N,nationname,*,*,*,*,斐濟,*,*
斐濟共和國,0,0,0,N,nationname,*,*,*,*,斐濟共和國,*,*
芬蘭,0,0,0,N,nationname,*,*,*,*,芬蘭,*,*
芬蘭共和國,0,0,0,N,nationname,*,*,*,*,芬蘭共和國,*,*
妢胡,0,0,0,N,nationname,*,*,*,*,妢胡,*,*
扶餘國,0,0,0,N,nationname,*,*,*,*,扶餘國,*,*
苻秦,0,0,0,N,nationname,*,*,*,*,苻秦,*,*
偪陽,0,0,0,N,nationname,*,*,*,*,偪陽,*,*
達荷美,0,0,0,N,nationname,*,*,*,*,達荷美,*,*
噠,0,0,0,N,nationname,*,*,*,*,噠,*,*
大不列顛與北愛爾蘭聯合王國,0,0,0,N,nationname,*,*,*,*,大不列顛與北愛爾蘭聯合王國,*,*
大理,0,0,0,N,nationname,*,*,*,*,大理,*,*
大理國,0,0,0,N,nationname,*,*,*,*,大理國,*,*
大利比亞阿拉伯人民社會主義群眾國,0,0,0,N,nationname,*,*,*,*,大利比亞阿拉伯人民社會主義群眾國,*,*
大韓民國,0,0,0,N,nationname,*,*,*,*,大韓民國,*,*
大夏,0,0,0,N,nationname,*,*,*,*,大夏,*,*
大食,0,0,0,N,nationname,*,*,*,*,大食,*,*
大月氏,0,0,0,N,nationname,*,*,*,*,大月氏,*,*
大宛,0,0,0,N,nationname,*,*,*,*,大宛,*,*
德國,0,0,0,N,nationname,*,*,*,*,德國,*,*
德意志民主共和國,0,0,0,N,nationname,*,*,*,*,德意志民主共和國,*,*
德意志聯邦共和國,0,0,0,N,nationname,*,*,*,*,德意志聯邦共和國,*,*
代,0,0,0,N,nationname,*,*,*,*,代,*,*
丹麥,0,0,0,N,nationname,*,*,*,*,丹麥,*,*
丹麥王國,0,0,0,N,nationname,*,*,*,*,丹麥王國,*,*
鄧,0,0,0,N,nationname,*,*,*,*,鄧,*,*
滇,0,0,0,N,nationname,*,*,*,*,滇,*,*
多米尼克,0,0,0,N,nationname,*,*,*,*,多米尼克,*,*
多明尼加,0,0,0,N,nationname,*,*,*,*,多明尼加,*,*
多明尼加共和國,0,0,0,N,nationname,*,*,*,*,多明尼加共和國,*,*
東羅馬帝國,0,0,0,N,nationname,*,*,*,*,東羅馬帝國,*,*
東加,0,0,0,N,nationname,*,*,*,*,東加,*,*
東加王國,0,0,0,N,nationname,*,*,*,*,東加王國,*,*
東越,0,0,0,N,nationname,*,*,*,*,東越,*,*
塔吉克共和國,0,0,0,N,nationname,*,*,*,*,塔吉克共和國,*,*
邰,0,0,0,N,nationname,*,*,*,*,邰,*,*
泰國,0,0,0,N,nationname,*,*,*,*,泰國,*,*
泰王國,0,0,0,N,nationname,*,*,*,*,泰王國,*,*
郯,0,0,0,N,nationname,*,*,*,*,郯,*,*
𨝸,0,0,0,N,nationname,*,*,*,*,𨝸,*,*
坦尚尼亞,0,0,0,N,nationname,*,*,*,*,坦尚尼亞,*,*
坦尚尼亞聯合共和國,0,0,0,N,nationname,*,*,*,*,坦尚尼亞聯合共和國,*,*
滕,0,0,0,N,nationname,*,*,*,*,滕,*,*
條支,0,0,0,N,nationname,*,*,*,*,條支,*,*
突尼西亞,0,0,0,N,nationname,*,*,*,*,突尼西亞,*,*
突尼西亞共和國,0,0,0,N,nationname,*,*,*,*,突尼西亞共和國,*,*
嵞,0,0,0,N,nationname,*,*,*,*,嵞,*,*
土庫曼,0,0,0,N,nationname,*,*,*,*,土庫曼,*,*
土庫曼共和國,0,0,0,N,nationname,*,*,*,*,土庫曼共和國,*,*
土耳其,0,0,0,N,nationname,*,*,*,*,土耳其,*,*
土耳其帝國,0,0,0,N,nationname,*,*,*,*,土耳其帝國,*,*
土耳其共和國,0,0,0,N,nationname,*,*,*,*,土耳其共和國,*,*
吐瓦魯,0,0,0,N,nationname,*,*,*,*,吐瓦魯,*,*
納米比亞共和國,0,0,0,N,nationname,*,*,*,*,納米比亞共和國,*,*
那密比亞,0,0,0,N,nationname,*,*,*,*,那密比亞,*,*
奈及利亞,0,0,0,N,nationname,*,*,*,*,奈及利亞,*,*
奈及利亞聯邦共和國,0,0,0,N,nationname,*,*,*,*,奈及利亞聯邦共和國,*,*
南非,0,0,0,N,nationname,*,*,*,*,南非,*,*
南非共和國,0,0,0,N,nationname,*,*,*,*,南非共和國,*,*
南詔,0,0,0,N,nationname,*,*,*,*,南詔,*,*
南斯拉夫,0,0,0,N,nationname,*,*,*,*,南斯拉夫,*,*
南斯拉夫社會主義聯邦共和國,0,0,0,N,nationname,*,*,*,*,南斯拉夫社會主義聯邦共和國,*,*
南葉門,0,0,0,N,nationname,*,*,*,*,南葉門,*,*
南越,0,0,0,N,nationname,*,*,*,*,南越,*,*
尼泊爾,0,0,0,N,nationname,*,*,*,*,尼泊爾,*,*
尼泊爾王國,0,0,0,N,nationname,*,*,*,*,尼泊爾王國,*,*
尼加拉瓜,0,0,0,N,nationname,*,*,*,*,尼加拉瓜,*,*
尼加拉瓜共和國,0,0,0,N,nationname,*,*,*,*,尼加拉瓜共和國,*,*
尼日,0,0,0,N,nationname,*,*,*,*,尼日,*,*
尼日共和國,0,0,0,N,nationname,*,*,*,*,尼日共和國,*,*
郳,0,0,0,N,nationname,*,*,*,*,郳,*,*
紐西蘭,0,0,0,N,nationname,*,*,*,*,紐西蘭,*,*
挪威,0,0,0,N,nationname,*,*,*,*,挪威,*,*
挪威王國,0,0,0,N,nationname,*,*,*,*,挪威王國,*,*
諾魯,0,0,0,N,nationname,*,*,*,*,諾魯,*,*
諾魯共和國,0,0,0,N,nationname,*,*,*,*,諾魯共和國,*,*
拉脫維亞,0,0,0,N,nationname,*,*,*,*,拉脫維亞,*,*
拉脫維亞共和國,0,0,0,N,nationname,*,*,*,*,拉脫維亞共和國,*,*
萊,0,0,0,N,nationname,*,*,*,*,萊,*,*
賴比瑞亞,0,0,0,N,nationname,*,*,*,*,賴比瑞亞,*,*
賴比瑞亞共和國,0,0,0,N,nationname,*,*,*,*,賴比瑞亞共和國,*,*
賴索托,0,0,0,N,nationname,*,*,*,*,賴索托,*,*
賴索托王國,0,0,0,N,nationname,*,*,*,*,賴索托王國,*,*
老撾,0,0,0,N,nationname,*,*,*,*,老撾,*,*
樓蘭,0,0,0,N,nationname,*,*,*,*,樓蘭,*,*
黎,0,0,0,N,nationname,*,*,*,*,黎,*,*
黎巴嫩,0,0,0,N,nationname,*,*,*,*,黎巴嫩,*,*
黎巴嫩共和國,0,0,0,N,nationname,*,*,*,*,黎巴嫩共和國,*,*
驪戎,0,0,0,N,nationname,*,*,*,*,驪戎,*,*
立陶宛,0,0,0,N,nationname,*,*,*,*,立陶宛,*,*
立陶宛共和國,0,0,0,N,nationname,*,*,*,*,立陶宛共和國,*,*
利比亞,0,0,0,N,nationname,*,*,*,*,利比亞,*,*
列支敦斯登,0,0,0,N,nationname,*,*,*,*,列支敦斯登,*,*
列支敦斯登侯國,0,0,0,N,nationname,*,*,*,*,列支敦斯登侯國,*,*
寮國,0,0,0,N,nationname,*,*,*,*,寮國,*,*
寮人民民主共和國,0,0,0,N,nationname,*,*,*,*,寮人民民主共和國,*,*
兩西西里王國,0,0,0,N,nationname,*,*,*,*,兩西西里王國,*,*
盧森堡,0,0,0,N,nationname,*,*,*,*,盧森堡,*,*
盧森堡大公國,0,0,0,N,nationname,*,*,*,*,盧森堡大公國,*,*
盧安達,0,0,0,N,nationname,*,*,*,*,盧安達,*,*
盧安達共和國,0,0,0,N,nationname,*,*,*,*,盧安達共和國,*,*
魯,0,0,0,N,nationname,*,*,*,*,魯,*,*
六,0,0,0,N,nationname,*,*,*,*,六,*,*
羅馬帝國,0,0,0,N,nationname,*,*,*,*,羅馬帝國,*,*
羅馬尼亞,0,0,0,N,nationname,*,*,*,*,羅馬尼亞,*,*
羅馬尼亞共和國,0,0,0,N,nationname,*,*,*,*,羅馬尼亞共和國,*,*
羅馬共和國,0,0,0,N,nationname,*,*,*,*,羅馬共和國,*,*
羅德西亞,0,0,0,N,nationname,*,*,*,*,羅德西亞,*,*
裸國,0,0,0,N,nationname,*,*,*,*,裸國,*,*
呂底亞王國,0,0,0,N,nationname,*,*,*,*,呂底亞王國,*,*
哥倫比亞,0,0,0,N,nationname,*,*,*,*,哥倫比亞,*,*
哥倫比亞共和國,0,0,0,N,nationname,*,*,*,*,哥倫比亞共和國,*,*
哥斯大黎加,0,0,0,N,nationname,*,*,*,*,哥斯大黎加,*,*
哥斯大黎加共和國,0,0,0,N,nationname,*,*,*,*,哥斯大黎加共和國,*,*
格瑞那達,0,0,0,N,nationname,*,*,*,*,格瑞那達,*,*
葛,0,0,0,N,nationname,*,*,*,*,葛,*,*
葛摩,0,0,0,N,nationname,*,*,*,*,葛摩,*,*
葛摩伊斯蘭聯邦共和國,0,0,0,N,nationname,*,*,*,*,葛摩伊斯蘭聯邦共和國,*,*
蓋亞那合作共和國,0,0,0,N,nationname,*,*,*,*,蓋亞那合作共和國,*,*
高棉,0,0,0,N,nationname,*,*,*,*,高棉,*,*
高麗,0,0,0,N,nationname,*,*,*,*,高麗,*,*
高句麗,0,0,0,N,nationname,*,*,*,*,高句麗,*,*
郜,0,0,0,N,nationname,*,*,*,*,郜,*,*
句驪,0,0,0,N,nationname,*,*,*,*,句驪,*,*
甘比亞,0,0,0,N,nationname,*,*,*,*,甘比亞,*,*
甘比亞共和國,0,0,0,N,nationname,*,*,*,*,甘比亞共和國,*,*
剛果,0,0,0,N,nationname,*,*,*,*,剛果,*,*
剛果人民共和國,0,0,0,N,nationname,*,*,*,*,剛果人民共和國,*,*
古巴,0,0,0,N,nationname,*,*,*,*,古巴,*,*
古巴共和國,0,0,0,N,nationname,*,*,*,*,古巴共和國,*,*
瓜地馬拉,0,0,0,N,nationname,*,*,*,*,瓜地馬拉,*,*
瓜地馬拉共和國,0,0,0,N,nationname,*,*,*,*,瓜地馬拉共和國,*,*
虢,0,0,0,N,nationname,*,*,*,*,虢,*,*
貴霜王朝,0,0,0,N,nationname,*,*,*,*,貴霜王朝,*,*
卡達,0,0,0,N,nationname,*,*,*,*,卡達,*,*
喀麥隆,0,0,0,N,nationname,*,*,*,*,喀麥隆,*,*
喀麥隆共和國,0,0,0,N,nationname,*,*,*,*,喀麥隆共和國,*,*
科威特,0,0,0,N,nationname,*,*,*,*,科威特,*,*
肯亞,0,0,0,N,nationname,*,*,*,*,肯亞,*,*
肯亞共和國,0,0,0,N,nationname,*,*,*,*,肯亞共和國,*,*
康居,0,0,0,N,nationname,*,*,*,*,康居,*,*
鄶,0,0,0,N,nationname,*,*,*,*,鄶,*,*
夔,0,0,0,N,nationname,*,*,*,*,夔,*,*
昆吾,0,0,0,N,nationname,*,*,*,*,昆吾,*,*
哈薩克共和國,0,0,0,N,nationname,*,*,*,*,哈薩克共和國,*,*
荷蘭,0,0,0,N,nationname,*,*,*,*,荷蘭,*,*
荷蘭王國,0,0,0,N,nationname,*,*,*,*,荷蘭王國,*,*
海地,0,0,0,N,nationname,*,*,*,*,海地,*,*
海地共和國,0,0,0,N,nationname,*,*,*,*,海地共和國,*,*
寒,0,0,0,N,nationname,*,*,*,*,寒,*,*
韓,0,0,0,N,nationname,*,*,*,*,韓,*,*
韓國,0,0,0,N,nationname,*,*,*,*,韓國,*,*
扈,0,0,0,N,nationname,*,*,*,*,扈,*,*
花剌子模,0,0,0,N,nationname,*,*,*,*,花剌子模,*,*
霍,0,0,0,N,nationname,*,*,*,*,霍,*,*
宏都拉斯,0,0,0,N,nationname,*,*,*,*,宏都拉斯,*,*
宏都拉斯共和國,0,0,0,N,nationname,*,*,*,*,宏都拉斯共和國,*,*
基輔公國,0,0,0,N,nationname,*,*,*,*,基輔公國,*,*
幾內亞,0,0,0,N,nationname,*,*,*,*,幾內亞,*,*
幾內亞比索,0,0,0,N,nationname,*,*,*,*,幾內亞比索,*,*
幾內亞比索共和國,0,0,0,N,nationname,*,*,*,*,幾內亞比索共和國,*,*
幾內亞共和國,0,0,0,N,nationname,*,*,*,*,幾內亞共和國,*,*
吉布地,0,0,0,N,nationname,*,*,*,*,吉布地,*,*
吉布地共和國,0,0,0,N,nationname,*,*,*,*,吉布地共和國,*,*
吉蔑,0,0,0,N,nationname,*,*,*,*,吉蔑,*,*
吉里巴斯,0,0,0,N,nationname,*,*,*,*,吉里巴斯,*,*
吉里巴斯共和國,0,0,0,N,nationname,*,*,*,*,吉里巴斯共和國,*,*
吉爾吉斯共和國,0,0,0,N,nationname,*,*,*,*,吉爾吉斯共和國,*,*
冀,0,0,0,N,nationname,*,*,*,*,冀,*,*
罽賓,0,0,0,N,nationname,*,*,*,*,罽賓,*,*
加彭,0,0,0,N,nationname,*,*,*,*,加彭,*,*
加彭共和國,0,0,0,N,nationname,*,*,*,*,加彭共和國,*,*
加拿大,0,0,0,N,nationname,*,*,*,*,加拿大,*,*
迦太基,0,0,0,N,nationname,*,*,*,*,迦太基,*,*
迦納,0,0,0,N,nationname,*,*,*,*,迦納,*,*
迦納共和國,0,0,0,N,nationname,*,*,*,*,迦納共和國,*,*
捷克,0,0,0,N,nationname,*,*,*,*,捷克,*,*
捷克共和國,0,0,0,N,nationname,*,*,*,*,捷克共和國,*,*
捷克暨斯洛伐克聯邦共和國,0,0,0,N,nationname,*,*,*,*,捷克暨斯洛伐克聯邦共和國,*,*
焦,0,0,0,N,nationname,*,*,*,*,焦,*,*
教廷,0,0,0,N,nationname,*,*,*,*,教廷,*,*
柬埔寨,0,0,0,N,nationname,*,*,*,*,柬埔寨,*,*
柬埔寨民主國,0,0,0,N,nationname,*,*,*,*,柬埔寨民主國,*,*
晉,0,0,0,N,nationname,*,*,*,*,晉,*,*
江,0,0,0,N,nationname,*,*,*,*,江,*,*
蔣,0,0,0,N,nationname,*,*,*,*,蔣,*,*
精絕,0,0,0,N,nationname,*,*,*,*,精絕,*,*
莒,0,0,0,N,nationname,*,*,*,*,莒,*,*
君子國,0,0,0,N,nationname,*,*,*,*,君子國,*,*
齊,0,0,0,N,nationname,*,*,*,*,齊,*,*
齊國,0,0,0,N,nationname,*,*,*,*,齊國,*,*
杞,0,0,0,N,nationname,*,*,*,*,杞,*,*
喬治亞,0,0,0,N,nationname,*,*,*,*,喬治亞,*,*
喬治亞共和國,0,0,0,N,nationname,*,*,*,*,喬治亞共和國,*,*
龜茲,0,0,0,N,nationname,*,*,*,*,龜茲,*,*
千里達,0,0,0,N,nationname,*,*,*,*,千里達,*,*
千里達及托巴哥共和國,0,0,0,N,nationname,*,*,*,*,千里達及托巴哥共和國,*,*
欽察汗國,0,0,0,N,nationname,*,*,*,*,欽察汗國,*,*
秦國,0,0,0,N,nationname,*,*,*,*,秦國,*,*
佉沙,0,0,0,N,nationname,*,*,*,*,佉沙,*,*
西班牙,0,0,0,N,nationname,*,*,*,*,西班牙,*,*
西班牙王國,0,0,0,N,nationname,*,*,*,*,西班牙王國,*,*
西臺帝國,0,0,0,N,nationname,*,*,*,*,西臺帝國,*,*
西哥德王國,0,0,0,N,nationname,*,*,*,*,西哥德王國,*,*
西夏,0,0,0,N,nationname,*,*,*,*,西夏,*,*
西周,0,0,0,N,nationname,*,*,*,*,西周,*,*
西薩摩亞獨立國,0,0,0,N,nationname,*,*,*,*,西薩摩亞獨立國,*,*
西燕,0,0,0,N,nationname,*,*,*,*,西燕,*,*
希臘,0,0,0,N,nationname,*,*,*,*,希臘,*,*
希臘共和國,0,0,0,N,nationname,*,*,*,*,希臘共和國,*,*
錫蘭,0,0,0,N,nationname,*,*,*,*,錫蘭,*,*
錫金,0,0,0,N,nationname,*,*,*,*,錫金,*,*
鄎,0,0,0,N,nationname,*,*,*,*,鄎,*,*
小宛,0,0,0,N,nationname,*,*,*,*,小宛,*,*
姺,0,0,0,N,nationname,*,*,*,*,姺,*,*
辛巴威,0,0,0,N,nationname,*,*,*,*,辛巴威,*,*
辛巴威共和國,0,0,0,N,nationname,*,*,*,*,辛巴威共和國,*,*
新羅,0,0,0,N,nationname,*,*,*,*,新羅,*,*
新加坡,0,0,0,N,nationname,*,*,*,*,新加坡,*,*
新加坡共和國,0,0,0,N,nationname,*,*,*,*,新加坡共和國,*,*
向,0,0,0,N,nationname,*,*,*,*,向,*,*
象牙海岸,0,0,0,N,nationname,*,*,*,*,象牙海岸,*,*
象牙海岸共和國,0,0,0,N,nationname,*,*,*,*,象牙海岸共和國,*,*
邢,0,0,0,N,nationname,*,*,*,*,邢,*,*
徐,0,0,0,N,nationname,*,*,*,*,徐,*,*
許,0,0,0,N,nationname,*,*,*,*,許,*,*
鄦,0,0,0,N,nationname,*,*,*,*,鄦,*,*
敘利亞阿拉伯共和國,0,0,0,N,nationname,*,*,*,*,敘利亞阿拉伯共和國,*,*
薛,0,0,0,N,nationname,*,*,*,*,薛,*,*
薛延陀,0,0,0,N,nationname,*,*,*,*,薛延陀,*,*
郇,0,0,0,N,nationname,*,*,*,*,郇,*,*
荀,0,0,0,N,nationname,*,*,*,*,荀,*,*
匈牙利,0,0,0,N,nationname,*,*,*,*,匈牙利,*,*
匈牙利共和國,0,0,0,N,nationname,*,*,*,*,匈牙利共和國,*,*
智利,0,0,0,N,nationname,*,*,*,*,智利,*,*
智利共和國,0,0,0,N,nationname,*,*,*,*,智利共和國,*,*
爪哇國,0,0,0,N,nationname,*,*,*,*,爪哇國,*,*
趙,0,0,0,N,nationname,*,*,*,*,趙,*,*
真臘,0,0,0,N,nationname,*,*,*,*,真臘,*,*
鄣,0,0,0,N,nationname,*,*,*,*,鄣,*,*
鄭,0,0,0,N,nationname,*,*,*,*,鄭,*,*
邾,0,0,0,N,nationname,*,*,*,*,邾,*,*
邾婁,0,0,0,N,nationname,*,*,*,*,邾婁,*,*
鑄,0,0,0,N,nationname,*,*,*,*,鑄,*,*
中非共和國,0,0,0,N,nationname,*,*,*,*,中非共和國,*,*
中華民國,0,0,0,N,nationname,*,*,*,*,中華民國,*,*
中山,0,0,0,N,nationname,*,*,*,*,中山,*,*
赤道幾內亞,0,0,0,N,nationname,*,*,*,*,赤道幾內亞,*,*
赤道幾內亞共和國,0,0,0,N,nationname,*,*,*,*,赤道幾內亞共和國,*,*
垞,0,0,0,N,nationname,*,*,*,*,垞,*,*
查德共和國,0,0,0,N,nationname,*,*,*,*,查德共和國,*,*
查理曼帝國,0,0,0,N,nationname,*,*,*,*,查理曼帝國,*,*
朝鮮,0,0,0,N,nationname,*,*,*,*,朝鮮,*,*
朝鮮民主主義人民共和國,0,0,0,N,nationname,*,*,*,*,朝鮮民主主義人民共和國,*,*
陳,0,0,0,N,nationname,*,*,*,*,陳,*,*
郕,0,0,0,N,nationname,*,*,*,*,郕,*,*
楚,0,0,0,N,nationname,*,*,*,*,楚,*,*
川斯凱共和國,0,0,0,N,nationname,*,*,*,*,川斯凱共和國,*,*
邿,0,0,0,N,nationname,*,*,*,*,邿,*,*
獅子山,0,0,0,N,nationname,*,*,*,*,獅子山,*,*
獅子山共和國,0,0,0,N,nationname,*,*,*,*,獅子山共和國,*,*
史瓦濟蘭,0,0,0,N,nationname,*,*,*,*,史瓦濟蘭,*,*
史瓦濟蘭王國,0,0,0,N,nationname,*,*,*,*,史瓦濟蘭王國,*,*
沙烏地阿拉伯,0,0,0,N,nationname,*,*,*,*,沙烏地阿拉伯,*,*
沙烏地阿拉伯王國,0,0,0,N,nationname,*,*,*,*,沙烏地阿拉伯王國,*,*
召,0,0,0,N,nationname,*,*,*,*,召,*,*
鄯善,0,0,0,N,nationname,*,*,*,*,鄯善,*,*
申,0,0,0,N,nationname,*,*,*,*,申,*,*
尚比亞,0,0,0,N,nationname,*,*,*,*,尚比亞,*,*
尚比亞共和國,0,0,0,N,nationname,*,*,*,*,尚比亞共和國,*,*
聖馬利諾,0,0,0,N,nationname,*,*,*,*,聖馬利諾,*,*
聖馬利諾共和國,0,0,0,N,nationname,*,*,*,*,聖馬利諾共和國,*,*
聖多美及普林西比,0,0,0,N,nationname,*,*,*,*,聖多美及普林西比,*,*
聖多美及普林西比民主共和國,0,0,0,N,nationname,*,*,*,*,聖多美及普林西比民主共和國,*,*
聖露西亞,0,0,0,N,nationname,*,*,*,*,聖露西亞,*,*
聖克里斯多福,0,0,0,N,nationname,*,*,*,*,聖克里斯多福,*,*
聖文森及格瑞那丁,0,0,0,N,nationname,*,*,*,*,聖文森及格瑞那丁,*,*
俞,0,0,0,N,nationname,*,*,*,*,俞,*,*
日本,0,0,0,N,nationname,*,*,*,*,日本,*,*
日下,0,0,0,N,nationname,*,*,*,*,日下,*,*
日耳曼帝國,0,0,0,N,nationname,*,*,*,*,日耳曼帝國,*,*
鄀,0,0,0,N,nationname,*,*,*,*,鄀,*,*
瑞典,0,0,0,N,nationname,*,*,*,*,瑞典,*,*
瑞典王國,0,0,0,N,nationname,*,*,*,*,瑞典王國,*,*
瑞士,0,0,0,N,nationname,*,*,*,*,瑞士,*,*
瑞士聯邦,0,0,0,N,nationname,*,*,*,*,瑞士聯邦,*,*
阮,0,0,0,N,nationname,*,*,*,*,阮,*,*
鄹,0,0,0,N,nationname,*,*,*,*,鄹,*,*
鄒,0,0,0,N,nationname,*,*,*,*,鄒,*,*
蔡,0,0,0,N,nationname,*,*,*,*,蔡,*,*
曹,0,0,0,N,nationname,*,*,*,*,曹,*,*
鄫,0,0,0,N,nationname,*,*,*,*,鄫,*,*
斯里蘭卡,0,0,0,N,nationname,*,*,*,*,斯里蘭卡,*,*
斯里蘭卡民主社會主義共和國,0,0,0,N,nationname,*,*,*,*,斯里蘭卡民主社會主義共和國,*,*
斯洛伐克共和國,0,0,0,N,nationname,*,*,*,*,斯洛伐克共和國,*,*
薩爾瓦多,0,0,0,N,nationname,*,*,*,*,薩爾瓦多,*,*
薩爾瓦多共和國,0,0,0,N,nationname,*,*,*,*,薩爾瓦多共和國,*,*
薩伊,0,0,0,N,nationname,*,*,*,*,薩伊,*,*
薩伊共和國,0,0,0,N,nationname,*,*,*,*,薩伊共和國,*,*
塞內加爾,0,0,0,N,nationname,*,*,*,*,塞內加爾,*,*
塞內加爾共和國,0,0,0,N,nationname,*,*,*,*,塞內加爾共和國,*,*
塞席爾,0,0,0,N,nationname,*,*,*,*,塞席爾,*,*
塞席爾共和國,0,0,0,N,nationname,*,*,*,*,塞席爾共和國,*,*
賽普勒斯,0,0,0,N,nationname,*,*,*,*,賽普勒斯,*,*
賽普勒斯共和國,0,0,0,N,nationname,*,*,*,*,賽普勒斯共和國,*,*
蘇丹,0,0,0,N,nationname,*,*,*,*,蘇丹,*,*
蘇丹共和國,0,0,0,N,nationname,*,*,*,*,蘇丹共和國,*,*
蘇利南,0,0,0,N,nationname,*,*,*,*,蘇利南,*,*
蘇利南共和國,0,0,0,N,nationname,*,*,*,*,蘇利南共和國,*,*
蘇聯,0,0,0,N,nationname,*,*,*,*,蘇聯,*,*
蘇維埃社會主義共和國聯邦,0,0,0,N,nationname,*,*,*,*,蘇維埃社會主義共和國聯邦,*,*
宿,0,0,0,N,nationname,*,*,*,*,宿,*,*
索馬利亞,0,0,0,N,nationname,*,*,*,*,索馬利亞,*,*
索馬利亞民主共和國,0,0,0,N,nationname,*,*,*,*,索馬利亞民主共和國,*,*
索羅門群島,0,0,0,N,nationname,*,*,*,*,索羅門群島,*,*
娀,0,0,0,N,nationname,*,*,*,*,娀,*,*
宋,0,0,0,N,nationname,*,*,*,*,宋,*,*
阿曼,0,0,0,N,nationname,*,*,*,*,阿曼,*,*
阿曼蘇丹國,0,0,0,N,nationname,*,*,*,*,阿曼蘇丹國,*,*
阿富汗,0,0,0,N,nationname,*,*,*,*,阿富汗,*,*
阿富汗伊斯蘭國,0,0,0,N,nationname,*,*,*,*,阿富汗伊斯蘭國,*,*
阿拉伯聯合大公國,0,0,0,N,nationname,*,*,*,*,阿拉伯聯合大公國,*,*
阿根廷,0,0,0,N,nationname,*,*,*,*,阿根廷,*,*
阿根廷共和國,0,0,0,N,nationname,*,*,*,*,阿根廷共和國,*,*
阿爾巴尼亞,0,0,0,N,nationname,*,*,*,*,阿爾巴尼亞,*,*
阿爾巴尼亞共和國,0,0,0,N,nationname,*,*,*,*,阿爾巴尼亞共和國,*,*
阿爾及利亞,0,0,0,N,nationname,*,*,*,*,阿爾及利亞,*,*
阿爾及利亞人民民主共和國,0,0,0,N,nationname,*,*,*,*,阿爾及利亞人民民主共和國,*,*
俄羅斯,0,0,0,N,nationname,*,*,*,*,俄羅斯,*,*
俄羅斯聯邦,0,0,0,N,nationname,*,*,*,*,俄羅斯聯邦,*,*
俄國,0,0,0,N,nationname,*,*,*,*,俄國,*,*
厄利垂亞,0,0,0,N,nationname,*,*,*,*,厄利垂亞,*,*
厄瓜多,0,0,0,N,nationname,*,*,*,*,厄瓜多,*,*
厄瓜多共和國,0,0,0,N,nationname,*,*,*,*,厄瓜多共和國,*,*
鄂圖曼土耳其帝國,0,0,0,N,nationname,*,*,*,*,鄂圖曼土耳其帝國,*,*
埃及,0,0,0,N,nationname,*,*,*,*,埃及,*,*
埃及阿拉伯共和國,0,0,0,N,nationname,*,*,*,*,埃及阿拉伯共和國,*,*
愛沙尼亞,0,0,0,N,nationname,*,*,*,*,愛沙尼亞,*,*
愛沙尼亞共和國,0,0,0,N,nationname,*,*,*,*,愛沙尼亞共和國,*,*
愛爾蘭,0,0,0,N,nationname,*,*,*,*,愛爾蘭,*,*
愛爾蘭共和國,0,0,0,N,nationname,*,*,*,*,愛爾蘭共和國,*,*
奧地利,0,0,0,N,nationname,*,*,*,*,奧地利,*,*
奧地利共和國,0,0,0,N,nationname,*,*,*,*,奧地利共和國,*,*
澳大利亞,0,0,0,N,nationname,*,*,*,*,澳大利亞,*,*
澳大利亞聯邦,0,0,0,N,nationname,*,*,*,*,澳大利亞聯邦,*,*
澳洲,0,0,0,N,nationname,*,*,*,*,澳洲,*,*
安道爾,0,0,0,N,nationname,*,*,*,*,安道爾,*,*
安道爾侯國,0,0,0,N,nationname,*,*,*,*,安道爾侯國,*,*
安地卡及巴布達,0,0,0,N,nationname,*,*,*,*,安地卡及巴布達,*,*
安南,0,0,0,N,nationname,*,*,*,*,安南,*,*
安哥拉,0,0,0,N,nationname,*,*,*,*,安哥拉,*,*
安哥拉人民共和國,0,0,0,N,nationname,*,*,*,*,安哥拉人民共和國,*,*
安息,0,0,0,N,nationname,*,*,*,*,安息,*,*
一目,0,0,0,N,nationname,*,*,*,*,一目,*,*
衣索比亞,0,0,0,N,nationname,*,*,*,*,衣索比亞,*,*
衣索比亞人民民主共和國,0,0,0,N,nationname,*,*,*,*,衣索比亞人民民主共和國,*,*
伊拉克,0,0,0,N,nationname,*,*,*,*,伊拉克,*,*
伊拉克共和國,0,0,0,N,nationname,*,*,*,*,伊拉克共和國,*,*
伊朗,0,0,0,N,nationname,*,*,*,*,伊朗,*,*
伊朗伊斯蘭共和國,0,0,0,N,nationname,*,*,*,*,伊朗伊斯蘭共和國,*,*
郼,0,0,0,N,nationname,*,*,*,*,郼,*,*
以色列,0,0,0,N,nationname,*,*,*,*,以色列,*,*
以色列國,0,0,0,N,nationname,*,*,*,*,以色列國,*,*
義大利,0,0,0,N,nationname,*,*,*,*,義大利,*,*
義大利共和國,0,0,0,N,nationname,*,*,*,*,義大利共和國,*,*
義渠,0,0,0,N,nationname,*,*,*,*,義渠,*,*
牙買加,0,0,0,N,nationname,*,*,*,*,牙買加,*,*
亞美尼亞,0,0,0,N,nationname,*,*,*,*,亞美尼亞,*,*
亞美尼亞共和國,0,0,0,N,nationname,*,*,*,*,亞美尼亞共和國,*,*
亞美利加,0,0,0,N,nationname,*,*,*,*,亞美利加,*,*
亞歷山大帝國,0,0,0,N,nationname,*,*,*,*,亞歷山大帝國,*,*
亞加狄亞,0,0,0,N,nationname,*,*,*,*,亞加狄亞,*,*
亞述帝國,0,0,0,N,nationname,*,*,*,*,亞述帝國,*,*
亞塞拜然,0,0,0,N,nationname,*,*,*,*,亞塞拜然,*,*
亞塞拜然共和國,0,0,0,N,nationname,*,*,*,*,亞塞拜然共和國,*,*
夜郎,0,0,0,N,nationname,*,*,*,*,夜郎,*,*
葉門,0,0,0,N,nationname,*,*,*,*,葉門,*,*
葉門共和國,0,0,0,N,nationname,*,*,*,*,葉門共和國,*,*
猶太,0,0,0,N,nationname,*,*,*,*,猶太,*,*
有窮,0,0,0,N,nationname,*,*,*,*,有窮,*,*
鄢,0,0,0,N,nationname,*,*,*,*,鄢,*,*
燕,0,0,0,N,nationname,*,*,*,*,燕,*,*
印度,0,0,0,N,nationname,*,*,*,*,印度,*,*
印度尼西亞,0,0,0,N,nationname,*,*,*,*,印度尼西亞,*,*
印度尼西亞共和國,0,0,0,N,nationname,*,*,*,*,印度尼西亞共和國,*,*
印度共和國,0,0,0,N,nationname,*,*,*,*,印度共和國,*,*
印尼,0,0,0,N,nationname,*,*,*,*,印尼,*,*
英國,0,0,0,N,nationname,*,*,*,*,英國,*,*
烏拉圭,0,0,0,N,nationname,*,*,*,*,烏拉圭,*,*
烏拉圭共和國,0,0,0,N,nationname,*,*,*,*,烏拉圭共和國,*,*
烏干達,0,0,0,N,nationname,*,*,*,*,烏干達,*,*
烏干達共和國,0,0,0,N,nationname,*,*,*,*,烏干達共和國,*,*
烏克蘭,0,0,0,N,nationname,*,*,*,*,烏克蘭,*,*
烏茲別克共和國,0,0,0,N,nationname,*,*,*,*,烏茲別克共和國,*,*
烏孫,0,0,0,N,nationname,*,*,*,*,烏孫,*,*
吳,0,0,0,N,nationname,*,*,*,*,吳,*,*
吳國,0,0,0,N,nationname,*,*,*,*,吳國,*,*
維德角共和國,0,0,0,N,nationname,*,*,*,*,維德角共和國,*,*
委內瑞拉,0,0,0,N,nationname,*,*,*,*,委內瑞拉,*,*
委內瑞拉共和國,0,0,0,N,nationname,*,*,*,*,委內瑞拉共和國,*,*
衛,0,0,0,N,nationname,*,*,*,*,衛,*,*
魏,0,0,0,N,nationname,*,*,*,*,魏,*,*
皖,0,0,0,N,nationname,*,*,*,*,皖,*,*
萬那杜,0,0,0,N,nationname,*,*,*,*,萬那杜,*,*
萬那杜共和國,0,0,0,N,nationname,*,*,*,*,萬那杜共和國,*,*
溫達共和國,0,0,0,N,nationname,*,*,*,*,溫達共和國,*,*
汶萊,0,0,0,N,nationname,*,*,*,*,汶萊,*,*
于闐,0,0,0,N,nationname,*,*,*,*,于闐,*,*
邘,0,0,0,N,nationname,*,*,*,*,邘,*,*
虞,0,0,0,N,nationname,*,*,*,*,虞,*,*
約旦,0,0,0,N,nationname,*,*,*,*,約旦,*,*
約旦哈什米王國,0,0,0,N,nationname,*,*,*,*,約旦哈什米王國,*,*
月支,0,0,0,N,nationname,*,*,*,*,月支,*,*
月氏,0,0,0,N,nationname,*,*,*,*,月氏,*,*
越,0,0,0,N,nationname,*,*,*,*,越,*,*
越南,0,0,0,N,nationname,*,*,*,*,越南,*,*
越南社會主義共和國,0,0,0,N,nationname,*,*,*,*,越南社會主義共和國,*,*
鄖,0,0,0,N,nationname,*,*,*,*,鄖,*,*
鄘,0,0,0,N,nationname,*,*,*,*,鄘,*,*
雍,0,0,0,N,nationname,*,*,*,*,雍,*,*
波旁王朝,0,0,0,N,nationname,*,*,*,*,波旁王朝,*,*
北涼,0,0,0,N,nationname,*,*,*,*,北涼,*,*
北漢,0,0,0,N,nationname,*,*,*,*,北漢,*,*
北齊,0,0,0,N,nationname,*,*,*,*,北齊,*,*
北周,0,0,0,N,nationname,*,*,*,*,北周,*,*
北宋,0,0,0,N,nationname,*,*,*,*,北宋,*,*
北燕,0,0,0,N,nationname,*,*,*,*,北燕,*,*
閩,0,0,0,N,nationname,*,*,*,*,閩,*,*
明,0,0,0,N,nationname,*,*,*,*,明,*,*
明朝,0,0,0,N,nationname,*,*,*,*,明朝,*,*
大夏,0,0,0,N,nationname,*,*,*,*,大夏,*,*
東漢,0,0,0,N,nationname,*,*,*,*,東漢,*,*
東晉,0,0,0,N,nationname,*,*,*,*,東晉,*,*
東周,0,0,0,N,nationname,*,*,*,*,東周,*,*
東魏,0,0,0,N,nationname,*,*,*,*,東魏,*,*
唐,0,0,0,N,nationname,*,*,*,*,唐,*,*
唐朝,0,0,0,N,nationname,*,*,*,*,唐朝,*,*
南唐,0,0,0,N,nationname,*,*,*,*,南唐,*,*
南涼,0,0,0,N,nationname,*,*,*,*,南涼,*,*
南漢,0,0,0,N,nationname,*,*,*,*,南漢,*,*
南齊,0,0,0,N,nationname,*,*,*,*,南齊,*,*
南宋,0,0,0,N,nationname,*,*,*,*,南宋,*,*
南燕,0,0,0,N,nationname,*,*,*,*,南燕,*,*
遼,0,0,0,N,nationname,*,*,*,*,遼,*,*
遼朝,0,0,0,N,nationname,*,*,*,*,遼朝,*,*
劉宋,0,0,0,N,nationname,*,*,*,*,劉宋,*,*
涼,0,0,0,N,nationname,*,*,*,*,涼,*,*
梁,0,0,0,N,nationname,*,*,*,*,梁,*,*
後唐,0,0,0,N,nationname,*,*,*,*,後唐,*,*
後涼,0,0,0,N,nationname,*,*,*,*,後涼,*,*
後梁,0,0,0,N,nationname,*,*,*,*,後梁,*,*
後漢,0,0,0,N,nationname,*,*,*,*,後漢,*,*
後晉,0,0,0,N,nationname,*,*,*,*,後晉,*,*
後秦,0,0,0,N,nationname,*,*,*,*,後秦,*,*
後趙,0,0,0,N,nationname,*,*,*,*,後趙,*,*
後周,0,0,0,N,nationname,*,*,*,*,後周,*,*
後蜀,0,0,0,N,nationname,*,*,*,*,後蜀,*,*
後燕,0,0,0,N,nationname,*,*,*,*,後燕,*,*
後魏,0,0,0,N,nationname,*,*,*,*,後魏,*,*
漢,0,0,0,N,nationname,*,*,*,*,漢,*,*
漢朝,0,0,0,N,nationname,*,*,*,*,漢朝,*,*
金,0,0,0,N,nationname,*,*,*,*,金,*,*
金朝,0,0,0,N,nationname,*,*,*,*,金朝,*,*
晉,0,0,0,N,nationname,*,*,*,*,晉,*,*
晉朝,0,0,0,N,nationname,*,*,*,*,晉朝,*,*
荊南,0,0,0,N,nationname,*,*,*,*,荊南,*,*
齊,0,0,0,N,nationname,*,*,*,*,齊,*,*
前涼,0,0,0,N,nationname,*,*,*,*,前涼,*,*
前漢,0,0,0,N,nationname,*,*,*,*,前漢,*,*
前秦,0,0,0,N,nationname,*,*,*,*,前秦,*,*
前趙,0,0,0,N,nationname,*,*,*,*,前趙,*,*
秦,0,0,0,N,nationname,*,*,*,*,秦,*,*
秦朝,0,0,0,N,nationname,*,*,*,*,秦朝,*,*
清,0,0,0,N,nationname,*,*,*,*,清,*,*
清朝,0,0,0,N,nationname,*,*,*,*,清朝,*,*
西遼,0,0,0,N,nationname,*,*,*,*,西遼,*,*
西涼,0,0,0,N,nationname,*,*,*,*,西涼,*,*
西漢,0,0,0,N,nationname,*,*,*,*,西漢,*,*
西晉,0,0,0,N,nationname,*,*,*,*,西晉,*,*
西秦,0,0,0,N,nationname,*,*,*,*,西秦,*,*
西周,0,0,0,N,nationname,*,*,*,*,西周,*,*
西魏,0,0,0,N,nationname,*,*,*,*,西魏,*,*
夏,0,0,0,N,nationname,*,*,*,*,夏,*,*
夏朝,0,0,0,N,nationname,*,*,*,*,夏朝,*,*
新,0,0,0,N,nationname,*,*,*,*,新,*,*
新朝,0,0,0,N,nationname,*,*,*,*,新朝,*,*
周,0,0,0,N,nationname,*,*,*,*,周,*,*
周朝,0,0,0,N,nationname,*,*,*,*,周朝,*,*
陳,0,0,0,N,nationname,*,*,*,*,陳,*,*
成漢,0,0,0,N,nationname,*,*,*,*,成漢,*,*
商,0,0,0,N,nationname,*,*,*,*,商,*,*
商朝,0,0,0,N,nationname,*,*,*,*,商朝,*,*
蜀,0,0,0,N,nationname,*,*,*,*,蜀,*,*
蜀漢,0,0,0,N,nationname,*,*,*,*,蜀漢,*,*
冉魏,0,0,0,N,nationname,*,*,*,*,冉魏,*,*
曹魏,0,0,0,N,nationname,*,*,*,*,曹魏,*,*
隋,0,0,0,N,nationname,*,*,*,*,隋,*,*
隋朝,0,0,0,N,nationname,*,*,*,*,隋朝,*,*
宋,0,0,0,N,nationname,*,*,*,*,宋,*,*
宋朝,0,0,0,N,nationname,*,*,*,*,宋朝,*,*
殷,0,0,0,N,nationname,*,*,*,*,殷,*,*
殷商,0,0,0,N,nationname,*,*,*,*,殷商,*,*
吳,0,0,0,N,nationname,*,*,*,*,吳,*,*
吳越,0,0,0,N,nationname,*,*,*,*,吳越,*,*
魏,0,0,0,N,nationname,*,*,*,*,魏,*,*
元,0,0,0,N,nationname,*,*,*,*,元,*,*
元朝,0,0,0,N,nationname,*,*,*,*,元朝,*,*
