八哥,1,1,244,N,animal,*,*,*,*,八哥,*,*
八色鳥,1,1,244,N,animal,*,*,*,*,八色鳥,*,*
巴蛾,1,1,518,N,animal,*,*,*,*,巴蛾,*,*
鼥,1,1,518,N,animal,*,*,*,*,鼥,*,*
伯勞,1,1,518,N,animal,*,*,*,*,伯勞,*,*
伯勞鳥,1,1,518,N,animal,*,*,*,*,伯勞鳥,*,*
鵓鴿,1,1,518,N,animal,*,*,*,*,鵓鴿,*,*
鵓鴣,1,1,518,N,animal,*,*,*,*,鵓鴣,*,*
薄翅黃蝶,1,1,518,N,animal,*,*,*,*,薄翅黃蝶,*,*
鸔,1,1,518,N,animal,*,*,*,*,鸔,*,*
白背飛蝨,1,1,518,N,animal,*,*,*,*,白背飛蝨,*,*
白背浮塵子,1,1,518,N,animal,*,*,*,*,白背浮塵子,*,*
白鼻心,1,1,518,N,animal,*,*,*,*,白鼻心,*,*
白螞蟻,1,1,518,N,animal,*,*,*,*,白螞蟻,*,*
白眉鴃,1,1,518,N,animal,*,*,*,*,白眉鴃,*,*
白面鼯鼠,1,1,518,N,animal,*,*,*,*,白面鼯鼠,*,*
白粉蝶,1,1,518,N,animal,*,*,*,*,白粉蝶,*,*
白帶魚,1,1,518,N,animal,*,*,*,*,白帶魚,*,*
白頂鶴,1,1,518,N,animal,*,*,*,*,白頂鶴,*,*
白頭翁,1,1,518,N,animal,*,*,*,*,白頭翁,*,*
白條,1,1,518,N,animal,*,*,*,*,白條,*,*
白鰷,1,1,518,N,animal,*,*,*,*,白鰷,*,*
白蠟蟲,1,1,518,N,animal,*,*,*,*,白蠟蟲,*,*
白鰱,1,1,518,N,animal,*,*,*,*,白鰱,*,*
白蛉子,1,1,518,N,animal,*,*,*,*,白蛉子,*,*
白鷺,1,1,518,N,animal,*,*,*,*,白鷺,*,*
白鸛,1,1,518,N,animal,*,*,*,*,白鸛,*,*
白鶴,1,1,518,N,animal,*,*,*,*,白鶴,*,*
白狐,1,1,518,N,animal,*,*,*,*,白狐,*,*
白花蛇,1,1,518,N,animal,*,*,*,*,白花蛇,*,*
白鰭豚,1,1,518,N,animal,*,*,*,*,白鰭豚,*,*
白犀牛,1,1,518,N,animal,*,*,*,*,白犀牛,*,*
白鷳,1,1,518,N,animal,*,*,*,*,白鷳,*,*
白熊,1,1,518,N,animal,*,*,*,*,白熊,*,*
白鯧魚,1,1,518,N,animal,*,*,*,*,白鯧魚,*,*
白脣鹿,1,1,518,N,animal,*,*,*,*,白脣鹿,*,*
白沙,1,1,518,N,animal,*,*,*,*,白沙,*,*
白鼠,1,1,518,N,animal,*,*,*,*,白鼠,*,*
白子魚,1,1,518,N,animal,*,*,*,*,白子魚,*,*
白額雁,1,1,518,N,animal,*,*,*,*,白額雁,*,*
白鵝,1,1,518,N,animal,*,*,*,*,白鵝,*,*
白鷗,1,1,518,N,animal,*,*,*,*,白鷗,*,*
白蟻,1,1,518,N,animal,*,*,*,*,白蟻,*,*
白腰雨燕,1,1,518,N,animal,*,*,*,*,白腰雨燕,*,*
白鼬,1,1,518,N,animal,*,*,*,*,白鼬,*,*
白尾鷲,1,1,518,N,animal,*,*,*,*,白尾鷲,*,*
白魚,1,1,518,N,animal,*,*,*,*,白魚,*,*
百靈鳥,1,1,244,N,animal,*,*,*,*,百靈鳥,*,*
百舌,1,1,244,N,animal,*,*,*,*,百舌,*,*
百足,1,1,244,N,animal,*,*,*,*,百足,*,*
鵯鵊,1,1,518,N,animal,*,*,*,*,鵯鵊,*,*
鵯鶋,1,1,518,N,animal,*,*,*,*,鵯鶋,*,*
北美狼,1,1,518,N,animal,*,*,*,*,北美狼,*,*
北極狐,1,1,518,N,animal,*,*,*,*,北極狐,*,*
北極鯨,1,1,518,N,animal,*,*,*,*,北極鯨,*,*
北極犬,1,1,518,N,animal,*,*,*,*,北極犬,*,*
北京鴨,1,1,518,N,animal,*,*,*,*,北京鴨,*,*
鴇,1,1,518,N,animal,*,*,*,*,鴇,*,*
鴇鳥,1,1,518,N,animal,*,*,*,*,鴇鳥,*,*
寶貝,1,1,518,N,animal,*,*,*,*,寶貝,*,*
抱璣,1,1,518,N,animal,*,*,*,*,抱璣,*,*
鮑,1,1,518,N,animal,*,*,*,*,鮑,*,*
豹,1,1,518,N,animal,*,*,*,*,豹,*,*
豹貓,1,1,518,N,animal,*,*,*,*,豹貓,*,*
豹子,1,1,518,N,animal,*,*,*,*,豹子,*,*
犦,1,1,518,N,animal,*,*,*,*,犦,*,*
斑馬,1,1,518,N,animal,*,*,*,*,斑馬,*,*
斑飛虱,1,1,518,N,animal,*,*,*,*,斑飛虱,*,*
斑蝶,1,1,518,N,animal,*,*,*,*,斑蝶,*,*
斑驢,1,1,518,N,animal,*,*,*,*,斑驢,*,*
斑節蝦,1,1,518,N,animal,*,*,*,*,斑節蝦,*,*
斑鳩,1,1,518,N,animal,*,*,*,*,斑鳩,*,*
斑頸鳩,1,1,518,N,animal,*,*,*,*,斑頸鳩,*,*
斑青鱗魚,1,1,518,N,animal,*,*,*,*,斑青鱗魚,*,*
斑蚊,1,1,518,N,animal,*,*,*,*,斑蚊,*,*
斑魚,1,1,518,N,animal,*,*,*,*,斑魚,*,*
板殼蟲,1,1,518,N,animal,*,*,*,*,板殼蟲,*,*
魬,1,1,518,N,animal,*,*,*,*,魬,*,*
梆兒頭,1,1,518,N,animal,*,*,*,*,梆兒頭,*,*
蚌,1,1,518,N,animal,*,*,*,*,蚌,*,*
比目魚,1,1,518,N,animal,*,*,*,*,比目魚,*,*
蜌,1,1,518,N,animal,*,*,*,*,蜌,*,*
蓖麻蠶,1,1,518,N,animal,*,*,*,*,蓖麻蠶,*,*
鮅,1,1,518,N,animal,*,*,*,*,鮅,*,*
鷩,1,1,518,N,animal,*,*,*,*,鷩,*,*
壁蝨,1,1,518,N,animal,*,*,*,*,壁蝨,*,*
碧鳳蝶,1,1,518,N,animal,*,*,*,*,碧鳳蝶,*,*
贔屭,1,1,518,N,animal,*,*,*,*,贔屭,*,*
鱉,1,1,518,N,animal,*,*,*,*,鱉,*,*
蛂,1,1,518,N,animal,*,*,*,*,蛂,*,*
蝙蝠,1,1,518,N,animal,*,*,*,*,蝙蝠,*,*
鯿,1,1,518,N,animal,*,*,*,*,鯿,*,*
扁擬穀盜蟲,1,1,518,N,animal,*,*,*,*,扁擬穀盜蟲,*,*
卞氏龍,1,1,518,N,animal,*,*,*,*,卞氏龍,*,*
鴘,1,1,518,N,animal,*,*,*,*,鴘,*,*
變形蟲,1,1,518,N,animal,*,*,*,*,變形蟲,*,*
變色龍,1,1,518,N,animal,*,*,*,*,變色龍,*,*
賓師,1,1,518,N,animal,*,*,*,*,賓師,*,*
布穀,1,1,518,N,animal,*,*,*,*,布穀,*,*
布穀鳥,1,1,518,N,animal,*,*,*,*,布穀鳥,*,*
麃,1,1,518,N,animal,*,*,*,*,麃,*,*
盤羊,1,1,518,N,animal,*,*,*,*,盤羊,*,*
螃蟹,1,1,518,N,animal,*,*,*,*,螃蟹,*,*
胖頭魚,1,1,518,N,animal,*,*,*,*,胖頭魚,*,*
棚蜘蛛,1,1,518,N,animal,*,*,*,*,棚蜘蛛,*,*
蓬萊小蛺蝶,1,1,518,N,animal,*,*,*,*,蓬萊小蛺蝶,*,*
彭越,1,1,518,N,animal,*,*,*,*,彭越,*,*
蟛螖,1,1,518,N,animal,*,*,*,*,蟛螖,*,*
蟛蜞,1,1,518,N,animal,*,*,*,*,蟛蜞,*,*
蚍蜉,1,1,518,N,animal,*,*,*,*,蚍蜉,*,*
琵琶鮫,1,1,518,N,animal,*,*,*,*,琵琶鮫,*,*
琵琶蟲,1,1,518,N,animal,*,*,*,*,琵琶蟲,*,*
貔貅,1,1,518,N,animal,*,*,*,*,貔貅,*,*
皮氏花仙螺,1,1,518,N,animal,*,*,*,*,皮氏花仙螺,*,*
皮翼獸,1,1,518,N,animal,*,*,*,*,皮翼獸,*,*
蜱,1,1,518,N,animal,*,*,*,*,蜱,*,*
鷿鷈,1,1,518,N,animal,*,*,*,*,鷿鷈,*,*
瓢蟲,1,1,518,N,animal,*,*,*,*,瓢蟲,*,*
麻鷺,1,1,518,N,animal,*,*,*,*,麻鷺,*,*
麻雀,1,1,518,N,animal,*,*,*,*,麻雀,*,*
麻鴨,1,1,518,N,animal,*,*,*,*,麻鴨,*,*
麻蠅,1,1,518,N,animal,*,*,*,*,麻蠅,*,*
馬,1,1,518,N,animal,*,*,*,*,馬,*,*
馬蜂,1,1,518,N,animal,*,*,*,*,馬蜂,*,*
馬刀,1,1,518,N,animal,*,*,*,*,馬刀,*,*
馬來熊,1,1,518,N,animal,*,*,*,*,馬來熊,*,*
馬陸,1,1,518,N,animal,*,*,*,*,馬陸,*,*
馬騾,1,1,518,N,animal,*,*,*,*,馬騾,*,*
馬蟬,1,1,518,N,animal,*,*,*,*,馬蟬,*,*
馬蝨,1,1,518,N,animal,*,*,*,*,馬蝨,*,*
馬蠅,1,1,518,N,animal,*,*,*,*,馬蠅,*,*
螞蚱,1,1,518,N,animal,*,*,*,*,螞蚱,*,*
抹香鯨,1,1,518,N,animal,*,*,*,*,抹香鯨,*,*
貘,1,1,518,N,animal,*,*,*,*,貘,*,*
墨蝶,1,1,518,N,animal,*,*,*,*,墨蝶,*,*
墨魚,1,1,518,N,animal,*,*,*,*,墨魚,*,*
麥蚜,1,1,518,N,animal,*,*,*,*,麥蚜,*,*
梅花鹿,1,1,518,N,animal,*,*,*,*,梅花鹿,*,*
美麗奴羊,1,1,518,N,animal,*,*,*,*,美麗奴羊,*,*
美洲豹,1,1,518,N,animal,*,*,*,*,美洲豹,*,*
美洲虎,1,1,518,N,animal,*,*,*,*,美洲虎,*,*
蝐,1,1,518,N,animal,*,*,*,*,蝐,*,*
貓,1,1,518,N,animal,*,*,*,*,貓,*,*
貓頭鷹,1,1,518,N,animal,*,*,*,*,貓頭鷹,*,*
貓猴,1,1,518,N,animal,*,*,*,*,貓猴,*,*
貓熊,1,1,518,N,animal,*,*,*,*,貓熊,*,*
毛囊蟲,1,1,518,N,animal,*,*,*,*,毛囊蟲,*,*
毛蚶,1,1,518,N,animal,*,*,*,*,毛蚶,*,*
毛蜞,1,1,518,N,animal,*,*,*,*,毛蜞,*,*
毛蝦,1,1,518,N,animal,*,*,*,*,毛蝦,*,*
毛蟹,1,1,518,N,animal,*,*,*,*,毛蟹,*,*
毛蝨,1,1,518,N,animal,*,*,*,*,毛蝨,*,*
旄牛,1,1,518,N,animal,*,*,*,*,旄牛,*,*
茅蜩,1,1,518,N,animal,*,*,*,*,茅蜩,*,*
蝥,1,1,518,N,animal,*,*,*,*,蝥,*,*
蟊,1,1,518,N,animal,*,*,*,*,蟊,*,*
錨蟲,1,1,518,N,animal,*,*,*,*,錨蟲,*,*
鰻,1,1,518,N,animal,*,*,*,*,鰻,*,*
鰻鱺,1,1,518,N,animal,*,*,*,*,鰻鱺,*,*
鰻魚,1,1,518,N,animal,*,*,*,*,鰻魚,*,*
蟒,1,1,518,N,animal,*,*,*,*,蟒,*,*
蟒蛇,1,1,518,N,animal,*,*,*,*,蟒蛇,*,*
麋,1,1,518,N,animal,*,*,*,*,麋,*,*
麋鹿,1,1,518,N,animal,*,*,*,*,麋鹿,*,*
獼猴,1,1,518,N,animal,*,*,*,*,獼猴,*,*
米象,1,1,518,N,animal,*,*,*,*,米象,*,*
米蚤,1,1,518,N,animal,*,*,*,*,米蚤,*,*
蠛蠓,1,1,518,N,animal,*,*,*,*,蠛蠓,*,*
綿羊,1,1,518,N,animal,*,*,*,*,綿羊,*,*
蝒,1,1,518,N,animal,*,*,*,*,蝒,*,*
鮸,1,1,518,N,animal,*,*,*,*,鮸,*,*
鰵,1,1,518,N,animal,*,*,*,*,鰵,*,*
明蝦,1,1,518,N,animal,*,*,*,*,明蝦,*,*
螟蛉,1,1,518,N,animal,*,*,*,*,螟蛉,*,*
螟蛾,1,1,518,N,animal,*,*,*,*,螟蛾,*,*
牡蠣,1,1,518,N,animal,*,*,*,*,牡蠣,*,*
法螺,1,1,518,N,animal,*,*,*,*,法螺,*,*
非洲象,1,1,518,N,animal,*,*,*,*,非洲象,*,*
飛蝗,1,1,518,N,animal,*,*,*,*,飛蝗,*,*
飛蝨,1,1,518,N,animal,*,*,*,*,飛蝨,*,*
飛蛇,1,1,518,N,animal,*,*,*,*,飛蛇,*,*
飛蟻,1,1,518,N,animal,*,*,*,*,飛蟻,*,*
蜰,1,1,518,N,animal,*,*,*,*,蜰,*,*
蜚,1,1,518,N,animal,*,*,*,*,蜚,*,*
蜚蠊,1,1,518,N,animal,*,*,*,*,蜚蠊,*,*
翡翠,1,1,518,N,animal,*,*,*,*,翡翠,*,*
狒狒,1,1,518,N,animal,*,*,*,*,狒狒,*,*
鯡魚,1,1,518,N,animal,*,*,*,*,鯡魚,*,*
番鴨,1,1,518,N,animal,*,*,*,*,番鴨,*,*
蠜,1,1,518,N,animal,*,*,*,*,蠜,*,*
反舌鳥,1,1,518,N,animal,*,*,*,*,反舌鳥,*,*
飯匙倩,1,1,518,N,animal,*,*,*,*,飯匙倩,*,*
鼢鼠,1,1,518,N,animal,*,*,*,*,鼢鼠,*,*
粉蝶,1,1,518,N,animal,*,*,*,*,粉蝶,*,*
魴,1,1,518,N,animal,*,*,*,*,魴,*,*
紡錘蟲,1,1,518,N,animal,*,*,*,*,紡錘蟲,*,*
放屁蟲,1,1,518,N,animal,*,*,*,*,放屁蟲,*,*
蜂鳥,1,1,518,N,animal,*,*,*,*,蜂鳥,*,*
鳳蝶,1,1,518,N,animal,*,*,*,*,鳳蝶,*,*
蚨蝶,1,1,518,N,animal,*,*,*,*,蚨蝶,*,*
浮塵子,1,1,518,N,animal,*,*,*,*,浮塵子,*,*
蜉蝣,1,1,518,N,animal,*,*,*,*,蜉蝣,*,*
符拔,1,1,518,N,animal,*,*,*,*,符拔,*,*
鶝,1,1,518,N,animal,*,*,*,*,鶝,*,*
鳧,1,1,518,N,animal,*,*,*,*,鳧,*,*
鮒,1,1,518,N,animal,*,*,*,*,鮒,*,*
蝮,1,1,518,N,animal,*,*,*,*,蝮,*,*
鰒,1,1,518,N,animal,*,*,*,*,鰒,*,*
負子鼠,1,1,518,N,animal,*,*,*,*,負子鼠,*,*
蝜蝂,1,1,518,N,animal,*,*,*,*,蝜蝂,*,*
大法螺,1,1,518,N,animal,*,*,*,*,大法螺,*,*
大丹狗,1,1,518,N,animal,*,*,*,*,大丹狗,*,*
大肚魚,1,1,518,N,animal,*,*,*,*,大肚魚,*,*
大羚羊,1,1,518,N,animal,*,*,*,*,大羚羊,*,*
大黃魚,1,1,518,N,animal,*,*,*,*,大黃魚,*,*
大猩猩,1,1,518,N,animal,*,*,*,*,大猩猩,*,*
大翅鯨,1,1,518,N,animal,*,*,*,*,大翅鯨,*,*
德國狼犬,1,1,518,N,animal,*,*,*,*,德國狼犬,*,*
玳瑁,1,1,518,N,animal,*,*,*,*,玳瑁,*,*
袋熊,1,1,518,N,animal,*,*,*,*,袋熊,*,*
袋鼠,1,1,518,N,animal,*,*,*,*,袋鼠,*,*
豆腐鯊,1,1,518,N,animal,*,*,*,*,豆腐鯊,*,*
豆娘,1,1,518,N,animal,*,*,*,*,豆娘,*,*
豆雁,1,1,518,N,animal,*,*,*,*,豆雁,*,*
鬥魚,1,1,518,N,animal,*,*,*,*,鬥魚,*,*
丹頂鶴,1,1,518,N,animal,*,*,*,*,丹頂鶴,*,*
單峰駱駝,1,1,518,N,animal,*,*,*,*,單峰駱駝,*,*
鸐雉,1,1,518,N,animal,*,*,*,*,鸐雉,*,*
帝雉,1,1,518,N,animal,*,*,*,*,帝雉,*,*
螲蟷,1,1,518,N,animal,*,*,*,*,螲蟷,*,*
蝶,1,1,518,N,animal,*,*,*,*,蝶,*,*
鰈,1,1,518,N,animal,*,*,*,*,鰈,*,*
鵰,1,1,518,N,animal,*,*,*,*,鵰,*,*
鯛,1,1,518,N,animal,*,*,*,*,鯛,*,*
貂,1,1,518,N,animal,*,*,*,*,貂,*,*
電魚,1,1,518,N,animal,*,*,*,*,電魚,*,*
杜鵑,1,1,518,N,animal,*,*,*,*,杜鵑,*,*
對蝦,1,1,518,N,animal,*,*,*,*,對蝦,*,*
獺,1,1,518,N,animal,*,*,*,*,獺,*,*
鮐,1,1,518,N,animal,*,*,*,*,鮐,*,*
臺灣粉蝶,1,1,518,N,animal,*,*,*,*,臺灣粉蝶,*,*
臺灣鳳蝶,1,1,518,N,animal,*,*,*,*,臺灣鳳蝶,*,*
臺灣環頸雉,1,1,518,N,animal,*,*,*,*,臺灣環頸雉,*,*
太陽鳥,1,1,518,N,animal,*,*,*,*,太陽鳥,*,*
絛蟲,1,1,518,N,animal,*,*,*,*,絛蟲,*,*
桃蚜,1,1,518,N,animal,*,*,*,*,桃蚜,*,*
頭蝨,1,1,518,N,animal,*,*,*,*,頭蝨,*,*
灘羊,1,1,518,N,animal,*,*,*,*,灘羊,*,*
蟫,1,1,518,N,animal,*,*,*,*,蟫,*,*
彈塗魚,1,1,518,N,animal,*,*,*,*,彈塗魚,*,*
塘鵝,1,1,518,N,animal,*,*,*,*,塘鵝,*,*
螗蜩,1,1,518,N,animal,*,*,*,*,螗蜩,*,*
螳螂,1,1,518,N,animal,*,*,*,*,螳螂,*,*
藤壺,1,1,518,N,animal,*,*,*,*,藤壺,*,*
提壺蘆,1,1,518,N,animal,*,*,*,*,提壺蘆,*,*
鯷,1,1,518,N,animal,*,*,*,*,鯷,*,*
鵜鶘,1,1,518,N,animal,*,*,*,*,鵜鶘,*,*
鐵甲蟲,1,1,518,N,animal,*,*,*,*,鐵甲蟲,*,*
鰷魚,1,1,518,N,animal,*,*,*,*,鰷魚,*,*
跳鼠,1,1,518,N,animal,*,*,*,*,跳鼠,*,*
跳蚤,1,1,518,N,animal,*,*,*,*,跳蚤,*,*
天堂鳥,1,1,518,N,animal,*,*,*,*,天堂鳥,*,*
天牛,1,1,518,N,animal,*,*,*,*,天牛,*,*
天祿,1,1,518,N,animal,*,*,*,*,天祿,*,*
天狗螺,1,1,518,N,animal,*,*,*,*,天狗螺,*,*
天使魚,1,1,518,N,animal,*,*,*,*,天使魚,*,*
天蠶,1,1,518,N,animal,*,*,*,*,天蠶,*,*
天蠶蛾,1,1,518,N,animal,*,*,*,*,天蠶蛾,*,*
天蛾,1,1,518,N,animal,*,*,*,*,天蛾,*,*
天鵝,1,1,518,N,animal,*,*,*,*,天鵝,*,*
田鱉,1,1,518,N,animal,*,*,*,*,田鱉,*,*
田鳧,1,1,518,N,animal,*,*,*,*,田鳧,*,*
田螺,1,1,518,N,animal,*,*,*,*,田螺,*,*
田鼠,1,1,518,N,animal,*,*,*,*,田鼠,*,*
鼮,1,1,518,N,animal,*,*,*,*,鼮,*,*
禿鷲,1,1,518,N,animal,*,*,*,*,禿鷲,*,*
禿鶖,1,1,518,N,animal,*,*,*,*,禿鶖,*,*
禿鷹,1,1,518,N,animal,*,*,*,*,禿鷹,*,*
鵚鶖,1,1,518,N,animal,*,*,*,*,鵚鶖,*,*
土撥鼠,1,1,518,N,animal,*,*,*,*,土撥鼠,*,*
土番鴨,1,1,518,N,animal,*,*,*,*,土番鴨,*,*
土蜂,1,1,518,N,animal,*,*,*,*,土蜂,*,*
土托魚,1,1,518,N,animal,*,*,*,*,土托魚,*,*
土豚,1,1,518,N,animal,*,*,*,*,土豚,*,*
吐綬雞,1,1,518,N,animal,*,*,*,*,吐綬雞,*,*
兔,1,1,518,N,animal,*,*,*,*,兔,*,*
駝鳥,1,1,518,N,animal,*,*,*,*,駝鳥,*,*
駝鹿,1,1,518,N,animal,*,*,*,*,駝鹿,*,*
鴕鳥,1,1,518,N,animal,*,*,*,*,鴕鳥,*,*
鮀,1,1,518,N,animal,*,*,*,*,鮀,*,*
鼉,1,1,518,N,animal,*,*,*,*,鼉,*,*
魋,1,1,518,N,animal,*,*,*,*,魋,*,*
魨,1,1,518,N,animal,*,*,*,*,魨,*,*
豚鼠,1,1,518,N,animal,*,*,*,*,豚鼠,*,*
桐花鳳,1,1,518,N,animal,*,*,*,*,桐花鳳,*,*
鮦,1,1,518,N,animal,*,*,*,*,鮦,*,*
猱,1,1,518,N,animal,*,*,*,*,猱,*,*
獶,1,1,518,N,animal,*,*,*,*,獶,*,*
泥鰍,1,1,518,N,animal,*,*,*,*,泥鰍,*,*
鯢魚,1,1,518,N,animal,*,*,*,*,鯢魚,*,*
牛,1,1,518,N,animal,*,*,*,*,牛,*,*
牛虻,1,1,518,N,animal,*,*,*,*,牛虻,*,*
牛蠅,1,1,518,N,animal,*,*,*,*,牛蠅,*,*
牛蛙,1,1,518,N,animal,*,*,*,*,牛蛙,*,*
瘧蚊,1,1,518,N,animal,*,*,*,*,瘧蚊,*,*
瘧原蟲,1,1,518,N,animal,*,*,*,*,瘧原蟲,*,*
喇叭蟲,1,1,518,N,animal,*,*,*,*,喇叭蟲,*,*
蝲蛄,1,1,518,N,animal,*,*,*,*,蝲蛄,*,*
臘腸狗,1,1,518,N,animal,*,*,*,*,臘腸狗,*,*
蠟嘴,1,1,518,N,animal,*,*,*,*,蠟嘴,*,*
來亨雞,1,1,518,N,animal,*,*,*,*,來亨雞,*,*
鶆,1,1,518,N,animal,*,*,*,*,鶆,*,*
癩頭黿,1,1,518,N,animal,*,*,*,*,癩頭黿,*,*
雷鳥,1,1,518,N,animal,*,*,*,*,雷鳥,*,*
雷龍,1,1,518,N,animal,*,*,*,*,雷龍,*,*
老鷹,1,1,518,N,animal,*,*,*,*,老鷹,*,*
蔞鵝,1,1,518,N,animal,*,*,*,*,蔞鵝,*,*
藍點頦,1,1,518,N,animal,*,*,*,*,藍點頦,*,*
藍鯨,1,1,518,N,animal,*,*,*,*,藍鯨,*,*
懶猴,1,1,518,N,animal,*,*,*,*,懶猴,*,*
狼,1,1,518,N,animal,*,*,*,*,狼,*,*
狼狗,1,1,518,N,animal,*,*,*,*,狼狗,*,*
狼犺,1,1,518,N,animal,*,*,*,*,狼犺,*,*
狼獾,1,1,518,N,animal,*,*,*,*,狼獾,*,*
狼鰭魚,1,1,518,N,animal,*,*,*,*,狼鰭魚,*,*
狼犬,1,1,518,N,animal,*,*,*,*,狼犬,*,*
狼山雞,1,1,518,N,animal,*,*,*,*,狼山雞,*,*
狼魚,1,1,518,N,animal,*,*,*,*,狼魚,*,*
貍,1,1,518,N,animal,*,*,*,*,貍,*,*
犛牛,1,1,518,N,animal,*,*,*,*,犛牛,*,*
氂牛,1,1,518,N,animal,*,*,*,*,氂牛,*,*
鸝黃,1,1,518,N,animal,*,*,*,*,鸝黃,*,*
鯉,1,1,518,N,animal,*,*,*,*,鯉,*,*
鯉魚,1,1,518,N,animal,*,*,*,*,鯉魚,*,*
鱧,1,1,518,N,animal,*,*,*,*,鱧,*,*
鴗,1,1,518,N,animal,*,*,*,*,鴗,*,*
栗鼠,1,1,518,N,animal,*,*,*,*,栗鼠,*,*
蠣鷸,1,1,518,N,animal,*,*,*,*,蠣鷸,*,*
獵豹,1,1,518,N,animal,*,*,*,*,獵豹,*,*
鬣狗,1,1,518,N,animal,*,*,*,*,鬣狗,*,*
鬣蜥,1,1,518,N,animal,*,*,*,*,鬣蜥,*,*
鶹鷅,1,1,518,N,animal,*,*,*,*,鶹鷅,*,*
柳鶯,1,1,518,N,animal,*,*,*,*,柳鶯,*,*
鷚,1,1,518,N,animal,*,*,*,*,鷚,*,*
連錢驄,1,1,518,N,animal,*,*,*,*,連錢驄,*,*
連雀,1,1,518,N,animal,*,*,*,*,連雀,*,*
鰱,1,1,518,N,animal,*,*,*,*,鰱,*,*
磷蝦,1,1,518,N,animal,*,*,*,*,磷蝦,*,*
梁龍,1,1,518,N,animal,*,*,*,*,梁龍,*,*
羚牛,1,1,518,N,animal,*,*,*,*,羚牛,*,*
羚羊,1,1,518,N,animal,*,*,*,*,羚羊,*,*
鯪鯉,1,1,518,N,animal,*,*,*,*,鯪鯉,*,*
靈貓,1,1,518,N,animal,*,*,*,*,靈貓,*,*
蘆花雞,1,1,518,N,animal,*,*,*,*,蘆花雞,*,*
鸕鶿,1,1,518,N,animal,*,*,*,*,鸕鶿,*,*
鱸,1,1,518,N,animal,*,*,*,*,鱸,*,*
鹿,1,1,518,N,animal,*,*,*,*,鹿,*,*
露脊鯨,1,1,518,N,animal,*,*,*,*,露脊鯨,*,*
鷺,1,1,518,N,animal,*,*,*,*,鷺,*,*
鷺鷥,1,1,518,N,animal,*,*,*,*,鷺鷥,*,*
螺螄,1,1,518,N,animal,*,*,*,*,螺螄,*,*
騾,1,1,518,N,animal,*,*,*,*,騾,*,*
騾馬,1,1,518,N,animal,*,*,*,*,騾馬,*,*
騾鮫,1,1,518,N,animal,*,*,*,*,騾鮫,*,*
裸鰮,1,1,518,N,animal,*,*,*,*,裸鰮,*,*
絡緯,1,1,518,N,animal,*,*,*,*,絡緯,*,*
落文,1,1,518,N,animal,*,*,*,*,落文,*,*
駱馬,1,1,518,N,animal,*,*,*,*,駱馬,*,*
駱駝,1,1,518,N,animal,*,*,*,*,駱駝,*,*
輪蟲,1,1,518,N,animal,*,*,*,*,輪蟲,*,*
龍介,1,1,518,N,animal,*,*,*,*,龍介,*,*
龍蝦,1,1,518,N,animal,*,*,*,*,龍蝦,*,*
龍蝨,1,1,518,N,animal,*,*,*,*,龍蝨,*,*
驢,1,1,518,N,animal,*,*,*,*,驢,*,*
驢騾,1,1,518,N,animal,*,*,*,*,驢騾,*,*
驢子,1,1,518,N,animal,*,*,*,*,驢子,*,*
旅鼠,1,1,518,N,animal,*,*,*,*,旅鼠,*,*
綠豆蠅,1,1,518,N,animal,*,*,*,*,綠豆蠅,*,*
鴿,1,1,518,N,animal,*,*,*,*,鴿,*,*
鴿子,1,1,518,N,animal,*,*,*,*,鴿子,*,*
蛤蚧,1,1,518,N,animal,*,*,*,*,蛤蚧,*,*
狗蝨,1,1,518,N,animal,*,*,*,*,狗蝨,*,*
狗蚤,1,1,518,N,animal,*,*,*,*,狗蚤,*,*
姑惡,1,1,518,N,animal,*,*,*,*,姑惡,*,*
鶻鳩,1,1,518,N,animal,*,*,*,*,鶻鳩,*,*
鶻鵃,1,1,518,N,animal,*,*,*,*,鶻鵃,*,*
蝸牛,1,1,518,N,animal,*,*,*,*,蝸牛,*,*
蝸螺,1,1,518,N,animal,*,*,*,*,蝸螺,*,*
蟈蟈兒,1,1,518,N,animal,*,*,*,*,蟈蟈兒,*,*
果蠅,1,1,518,N,animal,*,*,*,*,果蠅,*,*
蜾蠃,1,1,518,N,animal,*,*,*,*,蜾蠃,*,*
鮭魚,1,1,518,N,animal,*,*,*,*,鮭魚,*,*
龜,1,1,518,N,animal,*,*,*,*,龜,*,*
龜殼花,1,1,518,N,animal,*,*,*,*,龜殼花,*,*
鬼車,1,1,518,N,animal,*,*,*,*,鬼車,*,*
鱖,1,1,518,N,animal,*,*,*,*,鱖,*,*
鱖魚,1,1,518,N,animal,*,*,*,*,鱖魚,*,*
廣東住血吸蟲,1,1,518,N,animal,*,*,*,*,廣東住血吸蟲,*,*
弓漿蟲,1,1,518,N,animal,*,*,*,*,弓漿蟲,*,*
弓鰭魚,1,1,518,N,animal,*,*,*,*,弓鰭魚,*,*
公羊,1,1,518,N,animal,*,*,*,*,公羊,*,*
蛬,1,1,518,N,animal,*,*,*,*,蛬,*,*
叩頭蟲,1,1,518,N,animal,*,*,*,*,叩頭蟲,*,*
糠蝦,1,1,518,N,animal,*,*,*,*,糠蝦,*,*
犺,1,1,518,N,animal,*,*,*,*,犺,*,*
枯葉蝶,1,1,518,N,animal,*,*,*,*,枯葉蝶,*,*
寬尾鳳蝶,1,1,518,N,animal,*,*,*,*,寬尾鳳蝶,*,*
鵟,1,1,518,N,animal,*,*,*,*,鵟,*,*
孔雀,1,1,518,N,animal,*,*,*,*,孔雀,*,*
恐鳥,1,1,518,N,animal,*,*,*,*,恐鳥,*,*
恐龍,1,1,518,N,animal,*,*,*,*,恐龍,*,*
哈士蟆,1,1,518,N,animal,*,*,*,*,哈士蟆,*,*
蝦蟆,1,1,518,N,animal,*,*,*,*,蝦蟆,*,*
哈巴狗,1,1,518,N,animal,*,*,*,*,哈巴狗,*,*
禾蟲,1,1,518,N,animal,*,*,*,*,禾蟲,*,*
河蚌,1,1,518,N,animal,*,*,*,*,河蚌,*,*
河馬,1,1,518,N,animal,*,*,*,*,河馬,*,*
河綿,1,1,518,N,animal,*,*,*,*,河綿,*,*
河豚,1,1,518,N,animal,*,*,*,*,河豚,*,*
河狸,1,1,518,N,animal,*,*,*,*,河狸,*,*
荷蘭乳牛,1,1,518,N,animal,*,*,*,*,荷蘭乳牛,*,*
褐飛蝨,1,1,518,N,animal,*,*,*,*,褐飛蝨,*,*
鶡,1,1,518,N,animal,*,*,*,*,鶡,*,*
貉,1,1,518,N,animal,*,*,*,*,貉,*,*
海百合,1,1,518,N,animal,*,*,*,*,海百合,*,*
海豹,1,1,518,N,animal,*,*,*,*,海豹,*,*
海盤車,1,1,518,N,animal,*,*,*,*,海盤車,*,*
海馬,1,1,518,N,animal,*,*,*,*,海馬,*,*
海鰻,1,1,518,N,animal,*,*,*,*,海鰻,*,*
海夫人,1,1,518,N,animal,*,*,*,*,海夫人,*,*
海膽,1,1,518,N,animal,*,*,*,*,海膽,*,*
海燈,1,1,518,N,animal,*,*,*,*,海燈,*,*
海東青,1,1,518,N,animal,*,*,*,*,海東青,*,*
海獺,1,1,518,N,animal,*,*,*,*,海獺,*,*
海兔,1,1,518,N,animal,*,*,*,*,海兔,*,*
海豚,1,1,518,N,animal,*,*,*,*,海豚,*,*
海牛,1,1,518,N,animal,*,*,*,*,海牛,*,*
海狸,1,1,518,N,animal,*,*,*,*,海狸,*,*
海狸鼠,1,1,518,N,animal,*,*,*,*,海狸鼠,*,*
海螺,1,1,518,N,animal,*,*,*,*,海螺,*,*
海龍,1,1,518,N,animal,*,*,*,*,海龍,*,*
海狗,1,1,518,N,animal,*,*,*,*,海狗,*,*
海龜,1,1,518,N,animal,*,*,*,*,海龜,*,*
海葵,1,1,518,N,animal,*,*,*,*,海葵,*,*
海花石,1,1,518,N,animal,*,*,*,*,海花石,*,*
海鯽,1,1,518,N,animal,*,*,*,*,海鯽,*,*
海鏡,1,1,518,N,animal,*,*,*,*,海鏡,*,*
海鞘,1,1,518,N,animal,*,*,*,*,海鞘,*,*
海蛆,1,1,518,N,animal,*,*,*,*,海蛆,*,*
海蝦,1,1,518,N,animal,*,*,*,*,海蝦,*,*
海蟹,1,1,518,N,animal,*,*,*,*,海蟹,*,*
海象,1,1,518,N,animal,*,*,*,*,海象,*,*
海星,1,1,518,N,animal,*,*,*,*,海星,*,*
海蜘蛛,1,1,518,N,animal,*,*,*,*,海蜘蛛,*,*
海蜇,1,1,518,N,animal,*,*,*,*,海蜇,*,*
海獅,1,1,518,N,animal,*,*,*,*,海獅,*,*
海螄,1,1,518,N,animal,*,*,*,*,海螄,*,*
海蛇水母,1,1,518,N,animal,*,*,*,*,海蛇水母,*,*
海扇,1,1,518,N,animal,*,*,*,*,海扇,*,*
海參,1,1,518,N,animal,*,*,*,*,海參,*,*
海藻蟲,1,1,518,N,animal,*,*,*,*,海藻蟲,*,*
海鰓,1,1,518,N,animal,*,*,*,*,海鰓,*,*
海松,1,1,518,N,animal,*,*,*,*,海松,*,*
海蛾魚,1,1,518,N,animal,*,*,*,*,海蛾魚,*,*
海鷗,1,1,518,N,animal,*,*,*,*,海鷗,*,*
海燕,1,1,518,N,animal,*,*,*,*,海燕,*,*
海烏,1,1,518,N,animal,*,*,*,*,海烏,*,*
海月,1,1,518,N,animal,*,*,*,*,海月,*,*
海月水母,1,1,518,N,animal,*,*,*,*,海月水母,*,*
黑豹,1,1,518,N,animal,*,*,*,*,黑豹,*,*
黑斑蚊,1,1,518,N,animal,*,*,*,*,黑斑蚊,*,*
黑面琵鷺,1,1,518,N,animal,*,*,*,*,黑面琵鷺,*,*
黑貂,1,1,518,N,animal,*,*,*,*,黑貂,*,*
黑寡婦,1,1,518,N,animal,*,*,*,*,黑寡婦,*,*
黑冠麻鷺,1,1,518,N,animal,*,*,*,*,黑冠麻鷺,*,*
黑家鼠,1,1,518,N,animal,*,*,*,*,黑家鼠,*,*
黑猩猩,1,1,518,N,animal,*,*,*,*,黑猩猩,*,*
黑熊,1,1,518,N,animal,*,*,*,*,黑熊,*,*
黑尾浮塵子,1,1,518,N,animal,*,*,*,*,黑尾浮塵子,*,*
豪豬,1,1,518,N,animal,*,*,*,*,豪豬,*,*
蠔,1,1,518,N,animal,*,*,*,*,蠔,*,*
猴,1,1,518,N,animal,*,*,*,*,猴,*,*
猴子,1,1,518,N,animal,*,*,*,*,猴子,*,*
吼鶴,1,1,518,N,animal,*,*,*,*,吼鶴,*,*
吼猴,1,1,518,N,animal,*,*,*,*,吼猴,*,*
吼猿,1,1,518,N,animal,*,*,*,*,吼猿,*,*
鱟,1,1,518,N,animal,*,*,*,*,鱟,*,*
蚶,1,1,518,N,animal,*,*,*,*,蚶,*,*
蚶子,1,1,518,N,animal,*,*,*,*,蚶子,*,*
寒號蟲,1,1,518,N,animal,*,*,*,*,寒號蟲,*,*
寒蟬,1,1,518,N,animal,*,*,*,*,寒蟬,*,*
旱獺,1,1,518,N,animal,*,*,*,*,旱獺,*,*
狐,1,1,518,N,animal,*,*,*,*,狐,*,*
蝴蝶,1,1,518,N,animal,*,*,*,*,蝴蝶,*,*
蝴蝶犬,1,1,518,N,animal,*,*,*,*,蝴蝶犬,*,*
鶻鴒,1,1,518,N,animal,*,*,*,*,鶻鴒,*,*
鵠,1,1,518,N,animal,*,*,*,*,鵠,*,*
虎,1,1,518,N,animal,*,*,*,*,虎,*,*
虎頭蜂,1,1,518,N,animal,*,*,*,*,虎頭蜂,*,*
虎甲蟲,1,1,518,N,animal,*,*,*,*,虎甲蟲,*,*
虎鯊,1,1,518,N,animal,*,*,*,*,虎鯊,*,*
花蛢,1,1,518,N,animal,*,*,*,*,花蛢,*,*
花虻,1,1,518,N,animal,*,*,*,*,花虻,*,*
花蛤,1,1,518,N,animal,*,*,*,*,花蛤,*,*
花巾著目,1,1,518,N,animal,*,*,*,*,花巾著目,*,*
花蚤,1,1,518,N,animal,*,*,*,*,花蚤,*,*
畫眉,1,1,518,N,animal,*,*,*,*,畫眉,*,*
火狐,1,1,518,N,animal,*,*,*,*,火狐,*,*
灰鯨,1,1,518,N,animal,*,*,*,*,灰鯨,*,*
蛔,1,1,518,N,animal,*,*,*,*,蛔,*,*
蛔蟲,1,1,518,N,animal,*,*,*,*,蛔蟲,*,*
蟪蛄,1,1,518,N,animal,*,*,*,*,蟪蛄,*,*
雈,1,1,518,N,animal,*,*,*,*,雈,*,*
浣熊,1,1,518,N,animal,*,*,*,*,浣熊,*,*
鯇,1,1,518,N,animal,*,*,*,*,鯇,*,*
鼲鼠,1,1,518,N,animal,*,*,*,*,鼲鼠,*,*
蝗蟲,1,1,518,N,animal,*,*,*,*,蝗蟲,*,*
鰉魚,1,1,518,N,animal,*,*,*,*,鰉魚,*,*
黃蜂,1,1,518,N,animal,*,*,*,*,黃蜂,*,*
黃鳳蝶,1,1,518,N,animal,*,*,*,*,黃鳳蝶,*,*
黃牛,1,1,518,N,animal,*,*,*,*,黃牛,*,*
黃雀,1,1,518,N,animal,*,*,*,*,黃雀,*,*
黃鼠,1,1,518,N,animal,*,*,*,*,黃鼠,*,*
黃鶯,1,1,518,N,animal,*,*,*,*,黃鶯,*,*
黃魚,1,1,518,N,animal,*,*,*,*,黃魚,*,*
魟,1,1,518,N,animal,*,*,*,*,魟,*,*
虹鱒,1,1,518,N,animal,*,*,*,*,虹鱒,*,*
紅頭蠅,1,1,518,N,animal,*,*,*,*,紅頭蠅,*,*
紅螺,1,1,518,N,animal,*,*,*,*,紅螺,*,*
紅鶴,1,1,518,N,animal,*,*,*,*,紅鶴,*,*
紅蟹,1,1,518,N,animal,*,*,*,*,紅蟹,*,*
紅尾伯勞,1,1,518,N,animal,*,*,*,*,紅尾伯勞,*,*
紅魚,1,1,518,N,animal,*,*,*,*,紅魚,*,*
鴻,1,1,518,N,animal,*,*,*,*,鴻,*,*
鴻雁,1,1,518,N,animal,*,*,*,*,鴻雁,*,*
姬鼠,1,1,518,N,animal,*,*,*,*,姬鼠,*,*
雞,1,1,518,N,animal,*,*,*,*,雞,*,*
雞蝨,1,1,518,N,animal,*,*,*,*,雞蝨,*,*
極樂鳥,1,1,518,N,animal,*,*,*,*,極樂鳥,*,*
鶺鴒,1,1,518,N,animal,*,*,*,*,鶺鴒,*,*
麂子,1,1,518,N,animal,*,*,*,*,麂子,*,*
脊百合,1,1,518,N,animal,*,*,*,*,脊百合,*,*
寄居蟹,1,1,518,N,animal,*,*,*,*,寄居蟹,*,*
寄生蠅,1,1,518,N,animal,*,*,*,*,寄生蠅,*,*
鱭,1,1,518,N,animal,*,*,*,*,鱭,*,*
薊馬,1,1,518,N,animal,*,*,*,*,薊馬,*,*
鯽,1,1,518,N,animal,*,*,*,*,鯽,*,*
鯽魚,1,1,518,N,animal,*,*,*,*,鯽魚,*,*
迦蘭陀,1,1,518,N,animal,*,*,*,*,迦蘭陀,*,*
嘉義小灰蝶,1,1,518,N,animal,*,*,*,*,嘉義小灰蝶,*,*
嘉義小蛇目蝶,1,1,518,N,animal,*,*,*,*,嘉義小蛇目蝶,*,*
嘉魚,1,1,518,N,animal,*,*,*,*,嘉魚,*,*
家兔,1,1,518,N,animal,*,*,*,*,家兔,*,*
家鴿,1,1,518,N,animal,*,*,*,*,家鴿,*,*
家蠶,1,1,518,N,animal,*,*,*,*,家蠶,*,*
家鼠,1,1,518,N,animal,*,*,*,*,家鼠,*,*
家鴨,1,1,518,N,animal,*,*,*,*,家鴨,*,*
家燕,1,1,518,N,animal,*,*,*,*,家燕,*,*
家蠅,1,1,518,N,animal,*,*,*,*,家蠅,*,*
家蚊,1,1,518,N,animal,*,*,*,*,家蚊,*,*
蛺蝶,1,1,518,N,animal,*,*,*,*,蛺蝶,*,*
甲,1,1,518,N,animal,*,*,*,*,甲,*,*
介殼蟲,1,1,518,N,animal,*,*,*,*,介殼蟲,*,*
疥癬蟲,1,1,518,N,animal,*,*,*,*,疥癬蟲,*,*
交嘴,1,1,518,N,animal,*,*,*,*,交嘴,*,*
鵁鶄,1,1,518,N,animal,*,*,*,*,鵁鶄,*,*
鷦鷯,1,1,518,N,animal,*,*,*,*,鷦鷯,*,*
角貝,1,1,518,N,animal,*,*,*,*,角貝,*,*
角肩椿象,1,1,518,N,animal,*,*,*,*,角肩椿象,*,*
角魚,1,1,518,N,animal,*,*,*,*,角魚,*,*
腳席,1,1,518,N,animal,*,*,*,*,腳席,*,*
九官鳥,1,1,244,N,animal,*,*,*,*,九官鳥,*,*
九孔,1,1,244,N,animal,*,*,*,*,九孔,*,*
九香蟲,1,1,244,N,animal,*,*,*,*,九香蟲,*,*
鷲,1,1,518,N,animal,*,*,*,*,鷲,*,*
鰜,1,1,518,N,animal,*,*,*,*,鰜,*,*
鰹,1,1,518,N,animal,*,*,*,*,鰹,*,*
鰹鳥,1,1,518,N,animal,*,*,*,*,鰹鳥,*,*
箭柄魚,1,1,518,N,animal,*,*,*,*,箭柄魚,*,*
箭蟲,1,1,518,N,animal,*,*,*,*,箭蟲,*,*
劍羚,1,1,518,N,animal,*,*,*,*,劍羚,*,*
劍龍,1,1,518,N,animal,*,*,*,*,劍龍,*,*
劍旗魚,1,1,518,N,animal,*,*,*,*,劍旗魚,*,*
劍齒虎,1,1,518,N,animal,*,*,*,*,劍齒虎,*,*
劍齒象,1,1,518,N,animal,*,*,*,*,劍齒象,*,*
劍水蚤,1,1,518,N,animal,*,*,*,*,劍水蚤,*,*
劍尾魚,1,1,518,N,animal,*,*,*,*,劍尾魚,*,*
金鈴子,1,1,518,N,animal,*,*,*,*,金鈴子,*,*
金剛猩猩,1,1,518,N,animal,*,*,*,*,金剛猩猩,*,*
金龜子,1,1,518,N,animal,*,*,*,*,金龜子,*,*
金花蟲,1,1,518,N,animal,*,*,*,*,金花蟲,*,*
金錢豹,1,1,518,N,animal,*,*,*,*,金錢豹,*,*
金線蛙,1,1,518,N,animal,*,*,*,*,金線蛙,*,*
金鐘兒,1,1,518,N,animal,*,*,*,*,金鐘兒,*,*
金翅雀,1,1,518,N,animal,*,*,*,*,金翅雀,*,*
金絲猴,1,1,518,N,animal,*,*,*,*,金絲猴,*,*
金絲雀,1,1,518,N,animal,*,*,*,*,金絲雀,*,*
金絲燕,1,1,518,N,animal,*,*,*,*,金絲燕,*,*
金魚,1,1,518,N,animal,*,*,*,*,金魚,*,*
錦花鳥,1,1,518,N,animal,*,*,*,*,錦花鳥,*,*
錦雞,1,1,518,N,animal,*,*,*,*,錦雞,*,*
錦蛇,1,1,518,N,animal,*,*,*,*,錦蛇,*,*
江豚,1,1,518,N,animal,*,*,*,*,江豚,*,*
江珧,1,1,518,N,animal,*,*,*,*,江珧,*,*
橿鳥,1,1,518,N,animal,*,*,*,*,橿鳥,*,*
鯨,1,1,518,N,animal,*,*,*,*,鯨,*,*
鯨魚,1,1,518,N,animal,*,*,*,*,鯨魚,*,*
鏡貝,1,1,518,N,animal,*,*,*,*,鏡貝,*,*
菊石,1,1,518,N,animal,*,*,*,*,菊石,*,*
鶪,1,1,518,N,animal,*,*,*,*,鶪,*,*
舉尾蟲,1,1,518,N,animal,*,*,*,*,舉尾蟲,*,*
巨蜥,1,1,518,N,animal,*,*,*,*,巨蜥,*,*
鋸蜂,1,1,518,N,animal,*,*,*,*,鋸蜂,*,*
鋸鮫,1,1,518,N,animal,*,*,*,*,鋸鮫,*,*
鴃,1,1,518,N,animal,*,*,*,*,鴃,*,*
角鷹,1,1,518,N,animal,*,*,*,*,角鷹,*,*
蠲,1,1,518,N,animal,*,*,*,*,蠲,*,*
卷葉蛾,1,1,518,N,animal,*,*,*,*,卷葉蛾,*,*
卷尾猴,1,1,518,N,animal,*,*,*,*,卷尾猴,*,*
絹猴,1,1,518,N,animal,*,*,*,*,絹猴,*,*
軍艦鳥,1,1,518,N,animal,*,*,*,*,軍艦鳥,*,*
麇,1,1,518,N,animal,*,*,*,*,麇,*,*
鵔鸃,1,1,518,N,animal,*,*,*,*,鵔鸃,*,*
泂蛤仔,1,1,518,N,animal,*,*,*,*,泂蛤仔,*,*
七星瓢蟲,1,1,244,N,animal,*,*,*,*,七星瓢蟲,*,*
旗魚,1,1,518,N,animal,*,*,*,*,旗魚,*,*
企鵝,1,1,518,N,animal,*,*,*,*,企鵝,*,*
蟿螽,1,1,518,N,animal,*,*,*,*,蟿螽,*,*
蚯蚓,1,1,518,N,animal,*,*,*,*,蚯蚓,*,*
秋刀魚,1,1,518,N,animal,*,*,*,*,秋刀魚,*,*
秋蟬,1,1,518,N,animal,*,*,*,*,秋蟬,*,*
鶖,1,1,518,N,animal,*,*,*,*,鶖,*,*
鰍,1,1,518,N,animal,*,*,*,*,鰍,*,*
犰狳,1,1,518,N,animal,*,*,*,*,犰狳,*,*
琴鳥,1,1,518,N,animal,*,*,*,*,琴鳥,*,*
秦吉了,1,1,518,N,animal,*,*,*,*,秦吉了,*,*
螼,1,1,518,N,animal,*,*,*,*,螼,*,*
羌,1,1,518,N,animal,*,*,*,*,羌,*,*
羌鷲,1,1,518,N,animal,*,*,*,*,羌鷲,*,*
蜣螂,1,1,518,N,animal,*,*,*,*,蜣螂,*,*
青蜂,1,1,518,N,animal,*,*,*,*,青蜂,*,*
青鷺,1,1,518,N,animal,*,*,*,*,青鷺,*,*
青鮫,1,1,518,N,animal,*,*,*,*,青鮫,*,*
青雀,1,1,518,N,animal,*,*,*,*,青雀,*,*
青蝦,1,1,518,N,animal,*,*,*,*,青蝦,*,*
青竹絲,1,1,518,N,animal,*,*,*,*,青竹絲,*,*
青鼬,1,1,518,N,animal,*,*,*,*,青鼬,*,*
青蛙,1,1,518,N,animal,*,*,*,*,青蛙,*,*
青魚,1,1,518,N,animal,*,*,*,*,青魚,*,*
蜻蜓,1,1,518,N,animal,*,*,*,*,蜻蜓,*,*
鯖,1,1,518,N,animal,*,*,*,*,鯖,*,*
鴝,1,1,518,N,animal,*,*,*,*,鴝,*,*
鼩鼱,1,1,518,N,animal,*,*,*,*,鼩鼱,*,*
蠷蝚,1,1,518,N,animal,*,*,*,*,蠷蝚,*,*
蠷螋,1,1,518,N,animal,*,*,*,*,蠷螋,*,*
雀,1,1,518,N,animal,*,*,*,*,雀,*,*
雀鯛,1,1,518,N,animal,*,*,*,*,雀鯛,*,*
雀鷹,1,1,518,N,animal,*,*,*,*,雀鷹,*,*
鵲,1,1,518,N,animal,*,*,*,*,鵲,*,*
犬,1,1,518,N,animal,*,*,*,*,犬,*,*
裙帶魚,1,1,518,N,animal,*,*,*,*,裙帶魚,*,*
西施舌,1,1,518,N,animal,*,*,*,*,西施舌,*,*
吸血蛭,1,1,518,N,animal,*,*,*,*,吸血蛭,*,*
希有,1,1,518,N,animal,*,*,*,*,希有,*,*
蜥蜴,1,1,518,N,animal,*,*,*,*,蜥蜴,*,*
螇蚸,1,1,518,N,animal,*,*,*,*,螇蚸,*,*
螇螰,1,1,518,N,animal,*,*,*,*,螇螰,*,*
鼷,1,1,518,N,animal,*,*,*,*,鼷,*,*
鸂鶒,1,1,518,N,animal,*,*,*,*,鸂鶒,*,*
蟋蟀,1,1,518,N,animal,*,*,*,*,蟋蟀,*,*
犀,1,1,518,N,animal,*,*,*,*,犀,*,*
犀頭,1,1,518,N,animal,*,*,*,*,犀頭,*,*
犀鳥,1,1,518,N,animal,*,*,*,*,犀鳥,*,*
犀牛,1,1,518,N,animal,*,*,*,*,犀牛,*,*
喜鵲,1,1,518,N,animal,*,*,*,*,喜鵲,*,*
蟢,1,1,518,N,animal,*,*,*,*,蟢,*,*
細腰蜂,1,1,518,N,animal,*,*,*,*,細腰蜂,*,*
虩,1,1,518,N,animal,*,*,*,*,虩,*,*
蝦,1,1,518,N,animal,*,*,*,*,蝦,*,*
蝦蛄,1,1,518,N,animal,*,*,*,*,蝦蛄,*,*
蝦虎,1,1,518,N,animal,*,*,*,*,蝦虎,*,*
蝦子,1,1,518,N,animal,*,*,*,*,蝦子,*,*
蠍,1,1,518,N,animal,*,*,*,*,蠍,*,*
蠍子,1,1,518,N,animal,*,*,*,*,蠍子,*,*
斜紋夜蛾,1,1,518,N,animal,*,*,*,*,斜紋夜蛾,*,*
血吸蟲,1,1,518,N,animal,*,*,*,*,血吸蟲,*,*
蟹,1,1,518,N,animal,*,*,*,*,蟹,*,*
蠨蛸,1,1,518,N,animal,*,*,*,*,蠨蛸,*,*
小貓熊,1,1,518,N,animal,*,*,*,*,小貓熊,*,*
小蜂,1,1,518,N,animal,*,*,*,*,小蜂,*,*
小丑魚,1,1,518,N,animal,*,*,*,*,小丑魚,*,*
朽木蟲,1,1,518,N,animal,*,*,*,*,朽木蟲,*,*
繡眼,1,1,518,N,animal,*,*,*,*,繡眼,*,*
纖毛蟲,1,1,518,N,animal,*,*,*,*,纖毛蟲,*,*
蚿,1,1,518,N,animal,*,*,*,*,蚿,*,*
鷳,1,1,518,N,animal,*,*,*,*,鷳,*,*
蜆,1,1,518,N,animal,*,*,*,*,蜆,*,*
相思鳥,1,1,518,N,animal,*,*,*,*,相思鳥,*,*
相思子,1,1,518,N,animal,*,*,*,*,相思子,*,*
香麝,1,1,518,N,animal,*,*,*,*,香麝,*,*
香魚,1,1,518,N,animal,*,*,*,*,香魚,*,*
鯗蠹,1,1,518,N,animal,*,*,*,*,鯗蠹,*,*
響尾蛇,1,1,518,N,animal,*,*,*,*,響尾蛇,*,*
象,1,1,518,N,animal,*,*,*,*,象,*,*
象鼻蟲,1,1,518,N,animal,*,*,*,*,象鼻蟲,*,*
象鳥,1,1,518,N,animal,*,*,*,*,象鳥,*,*
象龜,1,1,518,N,animal,*,*,*,*,象龜,*,*
象牙貝,1,1,518,N,animal,*,*,*,*,象牙貝,*,*
嚮導犬,1,1,518,N,animal,*,*,*,*,嚮導犬,*,*
星點彈塗,1,1,518,N,animal,*,*,*,*,星點彈塗,*,*
星點河魨,1,1,518,N,animal,*,*,*,*,星點河魨,*,*
星雞魚,1,1,518,N,animal,*,*,*,*,星雞魚,*,*
星蟲,1,1,518,N,animal,*,*,*,*,星蟲,*,*
星鯊,1,1,518,N,animal,*,*,*,*,星鯊,*,*
猩猩,1,1,518,N,animal,*,*,*,*,猩猩,*,*
旭蟹,1,1,518,N,animal,*,*,*,*,旭蟹,*,*
鷽,1,1,518,N,animal,*,*,*,*,鷽,*,*
雪豹,1,1,518,N,animal,*,*,*,*,雪豹,*,*
鱈,1,1,518,N,animal,*,*,*,*,鱈,*,*
玄鳳,1,1,518,N,animal,*,*,*,*,玄鳳,*,*
玄鶴,1,1,518,N,animal,*,*,*,*,玄鶴,*,*
玄狐,1,1,518,N,animal,*,*,*,*,玄狐,*,*
玄狐蜂,1,1,518,N,animal,*,*,*,*,玄狐蜂,*,*
玄鼠,1,1,518,N,animal,*,*,*,*,玄鼠,*,*
旋毛蟲,1,1,518,N,animal,*,*,*,*,旋毛蟲,*,*
旋木雀,1,1,518,N,animal,*,*,*,*,旋木雀,*,*
馴鹿,1,1,518,N,animal,*,*,*,*,馴鹿,*,*
蟳,1,1,518,N,animal,*,*,*,*,蟳,*,*
鱘,1,1,518,N,animal,*,*,*,*,鱘,*,*
蕈螂,1,1,518,N,animal,*,*,*,*,蕈螂,*,*
蕈蠅,1,1,518,N,animal,*,*,*,*,蕈蠅,*,*
熊,1,1,518,N,animal,*,*,*,*,熊,*,*
熊蜂,1,1,518,N,animal,*,*,*,*,熊蜂,*,*
熊蟻,1,1,518,N,animal,*,*,*,*,熊蟻,*,*
鳷鵲,1,1,518,N,animal,*,*,*,*,鳷鵲,*,*
知更鳥,1,1,518,N,animal,*,*,*,*,知更鳥,*,*
蜘蛛,1,1,518,N,animal,*,*,*,*,蜘蛛,*,*
蟙,1,1,518,N,animal,*,*,*,*,蟙,*,*
指猴,1,1,518,N,animal,*,*,*,*,指猴,*,*
雉,1,1,518,N,animal,*,*,*,*,雉,*,*
雉雞,1,1,518,N,animal,*,*,*,*,雉雞,*,*
雉鳩,1,1,518,N,animal,*,*,*,*,雉鳩,*,*
蚱蟬,1,1,518,N,animal,*,*,*,*,蚱蟬,*,*
䖳,1,1,518,N,animal,*,*,*,*,䖳,*,*
螫蠅,1,1,518,N,animal,*,*,*,*,螫蠅,*,*
鷓鴣,1,1,518,N,animal,*,*,*,*,鷓鴣,*,*
鮡,1,1,518,N,animal,*,*,*,*,鮡,*,*
鸇,1,1,518,N,animal,*,*,*,*,鸇,*,*
珍珠雞,1,1,518,N,animal,*,*,*,*,珍珠雞,*,*
真鯛,1,1,518,N,animal,*,*,*,*,真鯛,*,*
榛雞,1,1,518,N,animal,*,*,*,*,榛雞,*,*
鴆,1,1,518,N,animal,*,*,*,*,鴆,*,*
獐,1,1,518,N,animal,*,*,*,*,獐,*,*
獐子,1,1,518,N,animal,*,*,*,*,獐子,*,*
樟蠶,1,1,518,N,animal,*,*,*,*,樟蠶,*,*
蟑螂,1,1,518,N,animal,*,*,*,*,蟑螂,*,*
鱆,1,1,518,N,animal,*,*,*,*,鱆,*,*
正番鴨,1,1,518,N,animal,*,*,*,*,正番鴨,*,*
朱頂,1,1,518,N,animal,*,*,*,*,朱頂,*,*
朱鷺,1,1,518,N,animal,*,*,*,*,朱鷺,*,*
珠母,1,1,518,N,animal,*,*,*,*,珠母,*,*
珠雞,1,1,518,N,animal,*,*,*,*,珠雞,*,*
豬,1,1,518,N,animal,*,*,*,*,豬,*,*
豬獾,1,1,518,N,animal,*,*,*,*,豬獾,*,*
竹雞,1,1,518,N,animal,*,*,*,*,竹雞,*,*
竹節蟲,1,1,518,N,animal,*,*,*,*,竹節蟲,*,*
竹葉青,1,1,518,N,animal,*,*,*,*,竹葉青,*,*
麈,1,1,518,N,animal,*,*,*,*,麈,*,*
啄木鳥,1,1,518,N,animal,*,*,*,*,啄木鳥,*,*
隼,1,1,518,N,animal,*,*,*,*,隼,*,*
鐘形蟲,1,1,518,N,animal,*,*,*,*,鐘形蟲,*,*
鴟梟,1,1,518,N,animal,*,*,*,*,鴟梟,*,*
尺蠖,1,1,518,N,animal,*,*,*,*,尺蠖,*,*
尺蠖蛾,1,1,518,N,animal,*,*,*,*,尺蠖蛾,*,*
蚇,1,1,518,N,animal,*,*,*,*,蚇,*,*
豉蟲,1,1,518,N,animal,*,*,*,*,豉蟲,*,*
斥鷃,1,1,518,N,animal,*,*,*,*,斥鷃,*,*
赤翡翠,1,1,518,N,animal,*,*,*,*,赤翡翠,*,*
赤練蛇,1,1,518,N,animal,*,*,*,*,赤練蛇,*,*
赤狐,1,1,518,N,animal,*,*,*,*,赤狐,*,*
赤銜,1,1,518,N,animal,*,*,*,*,赤銜,*,*
赤眼卵蜂,1,1,518,N,animal,*,*,*,*,赤眼卵蜂,*,*
赤蛙,1,1,518,N,animal,*,*,*,*,赤蛙,*,*
赤尾青竹絲,1,1,518,N,animal,*,*,*,*,赤尾青竹絲,*,*
叉角羚,1,1,518,N,animal,*,*,*,*,叉角羚,*,*
茶毛蟲,1,1,518,N,animal,*,*,*,*,茶毛蟲,*,*
車螯,1,1,518,N,animal,*,*,*,*,車螯,*,*
硨磲,1,1,518,N,animal,*,*,*,*,硨磲,*,*
豺,1,1,518,N,animal,*,*,*,*,豺,*,*
蠆,1,1,518,N,animal,*,*,*,*,蠆,*,*
巢鼠,1,1,518,N,animal,*,*,*,*,巢鼠,*,*
鯈,1,1,518,N,animal,*,*,*,*,鯈,*,*
臭鼬,1,1,518,N,animal,*,*,*,*,臭鼬,*,*
蟬,1,1,518,N,animal,*,*,*,*,蟬,*,*
獑胡,1,1,518,N,animal,*,*,*,*,獑胡,*,*
蟾蜍,1,1,518,N,animal,*,*,*,*,蟾蜍,*,*
晨風,1,1,518,N,animal,*,*,*,*,晨風,*,*
塵芥蟲,1,1,518,N,animal,*,*,*,*,塵芥蟲,*,*
菖鮋,1,1,518,N,animal,*,*,*,*,菖鮋,*,*
鯧,1,1,518,N,animal,*,*,*,*,鯧,*,*
長臂蝦,1,1,518,N,animal,*,*,*,*,長臂蝦,*,*
長毛象,1,1,518,N,animal,*,*,*,*,長毛象,*,*
長腳蜂,1,1,518,N,animal,*,*,*,*,長腳蜂,*,*
長頸鹿,1,1,518,N,animal,*,*,*,*,長頸鹿,*,*
長耳鴞,1,1,518,N,animal,*,*,*,*,長耳鴞,*,*
長尾闊嘴鳥,1,1,518,N,animal,*,*,*,*,長尾闊嘴鳥,*,*
長吻魚,1,1,518,N,animal,*,*,*,*,長吻魚,*,*
鱨,1,1,518,N,animal,*,*,*,*,鱨,*,*
蟶,1,1,518,N,animal,*,*,*,*,蟶,*,*
貙虎,1,1,518,N,animal,*,*,*,*,貙虎,*,*
吹綿介殼蟲,1,1,518,N,animal,*,*,*,*,吹綿介殼蟲,*,*
槌鯨,1,1,518,N,animal,*,*,*,*,槌鯨,*,*
船蛆,1,1,518,N,animal,*,*,*,*,船蛆,*,*
椿象,1,1,518,N,animal,*,*,*,*,椿象,*,*
舂鉏,1,1,518,N,animal,*,*,*,*,舂鉏,*,*
虱目魚,1,1,518,N,animal,*,*,*,*,虱目魚,*,*
獅,1,1,518,N,animal,*,*,*,*,獅,*,*
獅子,1,1,518,N,animal,*,*,*,*,獅子,*,*
獅子狗,1,1,518,N,animal,*,*,*,*,獅子狗,*,*
蝨,1,1,518,N,animal,*,*,*,*,蝨,*,*
十姊妹,1,1,244,N,animal,*,*,*,*,十姊妹,*,*
十二指腸蟲,1,1,244,N,animal,*,*,*,*,十二指腸蟲,*,*
石鱉,1,1,518,N,animal,*,*,*,*,石鱉,*,*
石蟥,1,1,518,N,animal,*,*,*,*,石蟥,*,*
石燕,1,1,518,N,animal,*,*,*,*,石燕,*,*
石羊,1,1,518,N,animal,*,*,*,*,石羊,*,*
鼫,1,1,518,N,animal,*,*,*,*,鼫,*,*
鼫鼠,1,1,518,N,animal,*,*,*,*,鼫鼠,*,*
食火雞,1,1,518,N,animal,*,*,*,*,食火雞,*,*
食蟲虻,1,1,518,N,animal,*,*,*,*,食蟲虻,*,*
食人鯊,1,1,518,N,animal,*,*,*,*,食人鯊,*,*
食人魚,1,1,518,N,animal,*,*,*,*,食人魚,*,*
食蟻獸,1,1,518,N,animal,*,*,*,*,食蟻獸,*,*
蝕船蟲,1,1,518,N,animal,*,*,*,*,蝕船蟲,*,*
鰣,1,1,518,N,animal,*,*,*,*,鰣,*,*
始祖鳥,1,1,518,N,animal,*,*,*,*,始祖鳥,*,*
豉,1,1,518,N,animal,*,*,*,*,豉,*,*
沙丁魚,1,1,518,N,animal,*,*,*,*,沙丁魚,*,*
沙狐,1,1,518,N,animal,*,*,*,*,沙狐,*,*
沙雞,1,1,518,N,animal,*,*,*,*,沙雞,*,*
沙噀,1,1,518,N,animal,*,*,*,*,沙噀,*,*
沙蠶,1,1,518,N,animal,*,*,*,*,沙蠶,*,*
沙魚,1,1,518,N,animal,*,*,*,*,沙魚,*,*
莎,1,1,518,N,animal,*,*,*,*,莎,*,*
猞猁孫,1,1,518,N,animal,*,*,*,*,猞猁孫,*,*
射魚,1,1,518,N,animal,*,*,*,*,射魚,*,*
麝,1,1,518,N,animal,*,*,*,*,麝,*,*
麝牛,1,1,518,N,animal,*,*,*,*,麝牛,*,*
麝雉,1,1,518,N,animal,*,*,*,*,麝雉,*,*
麝鼠,1,1,518,N,animal,*,*,*,*,麝鼠,*,*
攝龜,1,1,518,N,animal,*,*,*,*,攝龜,*,*
守宮,1,1,518,N,animal,*,*,*,*,守宮,*,*
綬貝,1,1,518,N,animal,*,*,*,*,綬貝,*,*
綬帶鳥,1,1,518,N,animal,*,*,*,*,綬帶鳥,*,*
山蜂,1,1,518,N,animal,*,*,*,*,山蜂,*,*
山和尚,1,1,518,N,animal,*,*,*,*,山和尚,*,*
山雞,1,1,518,N,animal,*,*,*,*,山雞,*,*
山魈,1,1,518,N,animal,*,*,*,*,山魈,*,*
山羊,1,1,518,N,animal,*,*,*,*,山羊,*,*
珊瑚蟲,1,1,518,N,animal,*,*,*,*,珊瑚蟲,*,*
扇貝,1,1,518,N,animal,*,*,*,*,扇貝,*,*
鱔,1,1,518,N,animal,*,*,*,*,鱔,*,*
鱔魚,1,1,518,N,animal,*,*,*,*,鱔魚,*,*
神仙魚,1,1,518,N,animal,*,*,*,*,神仙魚,*,*
樹懶,1,1,518,N,animal,*,*,*,*,樹懶,*,*
樹鼩,1,1,518,N,animal,*,*,*,*,樹鼩,*,*
樹蛙,1,1,518,N,animal,*,*,*,*,樹蛙,*,*
水黽,1,1,518,N,animal,*,*,*,*,水黽,*,*
水母,1,1,518,N,animal,*,*,*,*,水母,*,*
水斧蟲,1,1,518,N,animal,*,*,*,*,水斧蟲,*,*
水獺,1,1,518,N,animal,*,*,*,*,水獺,*,*
水牛,1,1,518,N,animal,*,*,*,*,水牛,*,*
水蠟蟲,1,1,518,N,animal,*,*,*,*,水蠟蟲,*,*
水鹿,1,1,518,N,animal,*,*,*,*,水鹿,*,*
水螅,1,1,518,N,animal,*,*,*,*,水螅,*,*
水蜘蛛,1,1,518,N,animal,*,*,*,*,水蜘蛛,*,*
水蛭,1,1,518,N,animal,*,*,*,*,水蛭,*,*
水虱,1,1,518,N,animal,*,*,*,*,水虱,*,*
水蛇,1,1,518,N,animal,*,*,*,*,水蛇,*,*
水蚤,1,1,518,N,animal,*,*,*,*,水蚤,*,*
水鴨,1,1,518,N,animal,*,*,*,*,水鴨,*,*
睡病蟲,1,1,518,N,animal,*,*,*,*,睡病蟲,*,*
蟯蟲,1,1,518,N,animal,*,*,*,*,蟯蟲,*,*
鵀,1,1,518,N,animal,*,*,*,*,鵀,*,*
儒艮,1,1,518,N,animal,*,*,*,*,儒艮,*,*
狨,1,1,518,N,animal,*,*,*,*,狨,*,*
蠑螈,1,1,518,N,animal,*,*,*,*,蠑螈,*,*
孖蟲,1,1,518,N,animal,*,*,*,*,孖蟲,*,*
鯔,1,1,518,N,animal,*,*,*,*,鯔,*,*
紫燕,1,1,518,N,animal,*,*,*,*,紫燕,*,*
灶馬,1,1,518,N,animal,*,*,*,*,灶馬,*,*
柞蠶,1,1,518,N,animal,*,*,*,*,柞蠶,*,*
鑿船蟲,1,1,518,N,animal,*,*,*,*,鑿船蟲,*,*
鱒,1,1,518,N,animal,*,*,*,*,鱒,*,*
棕熊,1,1,518,N,animal,*,*,*,*,棕熊,*,*
慈烏,1,1,518,N,animal,*,*,*,*,慈烏,*,*
刺蝟,1,1,518,N,animal,*,*,*,*,刺蝟,*,*
蛓毛蟲,1,1,518,N,animal,*,*,*,*,蛓毛蟲,*,*
菜鴨,1,1,518,N,animal,*,*,*,*,菜鴨,*,*
草履蟲,1,1,518,N,animal,*,*,*,*,草履蟲,*,*
草花蛇,1,1,518,N,animal,*,*,*,*,草花蛇,*,*
草蜻蛉,1,1,518,N,animal,*,*,*,*,草蜻蛉,*,*
草蝦,1,1,518,N,animal,*,*,*,*,草蝦,*,*
草蜘蛛,1,1,518,N,animal,*,*,*,*,草蜘蛛,*,*
草蛭,1,1,518,N,animal,*,*,*,*,草蛭,*,*
草螽,1,1,518,N,animal,*,*,*,*,草螽,*,*
蠶蛆蠅,1,1,518,N,animal,*,*,*,*,蠶蛆蠅,*,*
蒼鷺,1,1,518,N,animal,*,*,*,*,蒼鷺,*,*
蒼鷹,1,1,518,N,animal,*,*,*,*,蒼鷹,*,*
蒼蠅,1,1,518,N,animal,*,*,*,*,蒼蠅,*,*
翠鳥,1,1,518,N,animal,*,*,*,*,翠鳥,*,*
絲蟲,1,1,518,N,animal,*,*,*,*,絲蟲,*,*
絲魚,1,1,518,N,animal,*,*,*,*,絲魚,*,*
鰓蝨,1,1,518,N,animal,*,*,*,*,鰓蝨,*,*
三斑家蚊,1,1,244,N,animal,*,*,*,*,三斑家蚊,*,*
三化螟蟲,1,1,244,N,animal,*,*,*,*,三化螟蟲,*,*
三觭龍,1,1,244,N,animal,*,*,*,*,三觭龍,*,*
三線蝶,1,1,244,N,animal,*,*,*,*,三線蝶,*,*
三葉蟲,1,1,244,N,animal,*,*,*,*,三葉蟲,*,*
桑扈,1,1,518,N,animal,*,*,*,*,桑扈,*,*
鷫鷞,1,1,518,N,animal,*,*,*,*,鷫鷞,*,*
梭子蟹,1,1,518,N,animal,*,*,*,*,梭子蟹,*,*
梭微子,1,1,518,N,animal,*,*,*,*,梭微子,*,*
梭魚,1,1,518,N,animal,*,*,*,*,梭魚,*,*
蓑衣丈人,1,1,518,N,animal,*,*,*,*,蓑衣丈人,*,*
筍螺,1,1,518,N,animal,*,*,*,*,筍螺,*,*
松毛蟲,1,1,518,N,animal,*,*,*,*,松毛蟲,*,*
松雞,1,1,518,N,animal,*,*,*,*,松雞,*,*
松球魚,1,1,518,N,animal,*,*,*,*,松球魚,*,*
松鼠,1,1,518,N,animal,*,*,*,*,松鼠,*,*
松藻蟲,1,1,518,N,animal,*,*,*,*,松藻蟲,*,*
松材線蟲,1,1,518,N,animal,*,*,*,*,松材線蟲,*,*
蜙,1,1,518,N,animal,*,*,*,*,蜙,*,*
阿比,1,1,518,N,animal,*,*,*,*,阿比,*,*
峨螺,1,1,518,N,animal,*,*,*,*,峨螺,*,*
蛾子,1,1,518,N,animal,*,*,*,*,蛾子,*,*
鵝,1,1,518,N,animal,*,*,*,*,鵝,*,*
鶚,1,1,518,N,animal,*,*,*,*,鶚,*,*
鱷魚,1,1,518,N,animal,*,*,*,*,鱷魚,*,*
獒,1,1,518,N,animal,*,*,*,*,獒,*,*
澳洲鱷魚,1,1,518,N,animal,*,*,*,*,澳洲鱷魚,*,*
安哥拉兔,1,1,518,N,animal,*,*,*,*,安哥拉兔,*,*
鵪鶉,1,1,518,N,animal,*,*,*,*,鵪鶉,*,*
犴,1,1,518,N,animal,*,*,*,*,犴,*,*
鮟鱇,1,1,518,N,animal,*,*,*,*,鮟鱇,*,*
二口蟲,1,1,244,N,animal,*,*,*,*,二口蟲,*,*
二化螟,1,1,244,N,animal,*,*,*,*,二化螟,*,*
二十八星瓢蟲,1,1,244,N,animal,*,*,*,*,二十八星瓢蟲,*,*
衣蛾,1,1,518,N,animal,*,*,*,*,衣蛾,*,*
異特龍,1,1,518,N,animal,*,*,*,*,異特龍,*,*
鷧,1,1,518,N,animal,*,*,*,*,鷧,*,*
鴨,1,1,518,N,animal,*,*,*,*,鴨,*,*
鴨嘴龍,1,1,518,N,animal,*,*,*,*,鴨嘴龍,*,*
鴨嘴獸,1,1,518,N,animal,*,*,*,*,鴨嘴獸,*,*
牙蟲,1,1,518,N,animal,*,*,*,*,牙蟲,*,*
蚜蟲,1,1,518,N,animal,*,*,*,*,蚜蟲,*,*
野貓,1,1,518,N,animal,*,*,*,*,野貓,*,*
野兔,1,1,518,N,animal,*,*,*,*,野兔,*,*
野牛,1,1,518,N,animal,*,*,*,*,野牛,*,*
野鴿,1,1,518,N,animal,*,*,*,*,野鴿,*,*
野犬,1,1,518,N,animal,*,*,*,*,野犬,*,*
野豬,1,1,518,N,animal,*,*,*,*,野豬,*,*
野蠶,1,1,518,N,animal,*,*,*,*,野蠶,*,*
野鴨,1,1,518,N,animal,*,*,*,*,野鴨,*,*
夜鷺,1,1,518,N,animal,*,*,*,*,夜鷺,*,*
夜光蟲,1,1,518,N,animal,*,*,*,*,夜光蟲,*,*
夜猴,1,1,518,N,animal,*,*,*,*,夜猴,*,*
夜炤,1,1,518,N,animal,*,*,*,*,夜炤,*,*
夜蛾,1,1,518,N,animal,*,*,*,*,夜蛾,*,*
夜鶯,1,1,518,N,animal,*,*,*,*,夜鶯,*,*
夜鷹,1,1,518,N,animal,*,*,*,*,夜鷹,*,*
射干,1,1,518,N,animal,*,*,*,*,射干,*,*
搖蚊,1,1,518,N,animal,*,*,*,*,搖蚊,*,*
鷂,1,1,518,N,animal,*,*,*,*,鷂,*,*
鷂魚,1,1,518,N,animal,*,*,*,*,鷂魚,*,*
魷魚,1,1,518,N,animal,*,*,*,*,魷魚,*,*
油葫蘆,1,1,518,N,animal,*,*,*,*,油葫蘆,*,*
蚰蜒,1,1,518,N,animal,*,*,*,*,蚰蜒,*,*
鮋,1,1,518,N,animal,*,*,*,*,鮋,*,*
有鉤絛蟲,1,1,518,N,animal,*,*,*,*,有鉤絛蟲,*,*
有孔蟲,1,1,518,N,animal,*,*,*,*,有孔蟲,*,*
鼬鼠,1,1,518,N,animal,*,*,*,*,鼬鼠,*,*
煙蚜,1,1,518,N,animal,*,*,*,*,煙蚜,*,*
煙夜蛾,1,1,518,N,animal,*,*,*,*,煙夜蛾,*,*
鳽,1,1,518,N,animal,*,*,*,*,鳽,*,*
蜒蚰,1,1,518,N,animal,*,*,*,*,蜒蚰,*,*
鼴鼠,1,1,518,N,animal,*,*,*,*,鼴鼠,*,*
眼鏡猴,1,1,518,N,animal,*,*,*,*,眼鏡猴,*,*
眼鏡蛇,1,1,518,N,animal,*,*,*,*,眼鏡蛇,*,*
雁,1,1,518,N,animal,*,*,*,*,雁,*,*
燕鴴,1,1,518,N,animal,*,*,*,*,燕鴴,*,*
燕雀,1,1,518,N,animal,*,*,*,*,燕雀,*,*
陰蝨,1,1,518,N,animal,*,*,*,*,陰蝨,*,*
銀環蛇,1,1,518,N,animal,*,*,*,*,銀環蛇,*,*
銀鮫,1,1,518,N,animal,*,*,*,*,銀鮫,*,*
銀鼠,1,1,518,N,animal,*,*,*,*,銀鼠,*,*
銀魚,1,1,518,N,animal,*,*,*,*,銀魚,*,*
印魚,1,1,518,N,animal,*,*,*,*,印魚,*,*
秧雞,1,1,518,N,animal,*,*,*,*,秧雞,*,*
羊毛猴,1,1,518,N,animal,*,*,*,*,羊毛猴,*,*
羊駝,1,1,518,N,animal,*,*,*,*,羊駝,*,*
陽遂足,1,1,518,N,animal,*,*,*,*,陽遂足,*,*
陽烏,1,1,518,N,animal,*,*,*,*,陽烏,*,*
楊枝魚,1,1,518,N,animal,*,*,*,*,楊枝魚,*,*
櫻貝,1,1,518,N,animal,*,*,*,*,櫻貝,*,*
鸚哥,1,1,518,N,animal,*,*,*,*,鸚哥,*,*
鸚鵡,1,1,518,N,animal,*,*,*,*,鸚鵡,*,*
螢火蟲,1,1,518,N,animal,*,*,*,*,螢火蟲,*,*
螢蛾,1,1,518,N,animal,*,*,*,*,螢蛾,*,*
蠅虎,1,1,518,N,animal,*,*,*,*,蠅虎,*,*
烏龜,1,1,518,N,animal,*,*,*,*,烏龜,*,*
烏頰魚,1,1,518,N,animal,*,*,*,*,烏頰魚,*,*
烏賊,1,1,518,N,animal,*,*,*,*,烏賊,*,*
烏鴉,1,1,518,N,animal,*,*,*,*,烏鴉,*,*
烏魚,1,1,518,N,animal,*,*,*,*,烏魚,*,*
鼯鼠,1,1,518,N,animal,*,*,*,*,鼯鼠,*,*
吳郭魚,1,1,518,N,animal,*,*,*,*,吳郭魚,*,*
蜈蚣,1,1,518,N,animal,*,*,*,*,蜈蚣,*,*
無鉤絛蟲,1,1,518,N,animal,*,*,*,*,無鉤絛蟲,*,*
無翼鳥,1,1,518,N,animal,*,*,*,*,無翼鳥,*,*
五倍子,1,1,244,N,animal,*,*,*,*,五倍子,*,*
五倍子蟲,1,1,244,N,animal,*,*,*,*,五倍子蟲,*,*
兀鷲,1,1,518,N,animal,*,*,*,*,兀鷲,*,*
兀鷹,1,1,518,N,animal,*,*,*,*,兀鷹,*,*
膃肭,1,1,518,N,animal,*,*,*,*,膃肭,*,*
渦蟲,1,1,518,N,animal,*,*,*,*,渦蟲,*,*
鮪,1,1,518,N,animal,*,*,*,*,鮪,*,*
蝟,1,1,518,N,animal,*,*,*,*,蝟,*,*
文鳥,1,1,518,N,animal,*,*,*,*,文鳥,*,*
文蛤,1,1,518,N,animal,*,*,*,*,文蛤,*,*
文昌魚,1,1,518,N,animal,*,*,*,*,文昌魚,*,*
文鰩魚,1,1,518,N,animal,*,*,*,*,文鰩魚,*,*
蚊子,1,1,518,N,animal,*,*,*,*,蚊子,*,*
翁蛤,1,1,518,N,animal,*,*,*,*,翁蛤,*,*
魚虎,1,1,518,N,animal,*,*,*,*,魚虎,*,*
魚鳥,1,1,518,N,animal,*,*,*,*,魚鳥,*,*
魚蟲,1,1,518,N,animal,*,*,*,*,魚蟲,*,*
魚蝨,1,1,518,N,animal,*,*,*,*,魚蝨,*,*
漁娘,1,1,518,N,animal,*,*,*,*,漁娘,*,*
雨虎,1,1,518,N,animal,*,*,*,*,雨虎,*,*
雨傘節,1,1,518,N,animal,*,*,*,*,雨傘節,*,*
雨燕,1,1,518,N,animal,*,*,*,*,雨燕,*,*
雨蛙,1,1,518,N,animal,*,*,*,*,雨蛙,*,*
玉螺,1,1,518,N,animal,*,*,*,*,玉螺,*,*
鸒,1,1,518,N,animal,*,*,*,*,鸒,*,*
鸑鷟,1,1,518,N,animal,*,*,*,*,鸑鷟,*,*
鴛鴦,1,1,518,N,animal,*,*,*,*,鴛鴦,*,*
鳶,1,1,518,N,animal,*,*,*,*,鳶,*,*
黿,1,1,518,N,animal,*,*,*,*,黿,*,*
羱羊,1,1,518,N,animal,*,*,*,*,羱羊,*,*
緣椿象,1,1,518,N,animal,*,*,*,*,緣椿象,*,*
