八角蓮,7,7,244,N,plants,*,*,*,*,八角蓮,*,*
八角茴香,7,7,244,N,plants,*,*,*,*,八角茴香,*,*
八角金盤,7,7,244,N,plants,*,*,*,*,八角金盤,*,*
八仙花,7,7,244,N,plants,*,*,*,*,八仙花,*,*
巴豆,7,7,518,N,plants,*,*,*,*,巴豆,*,*
巴旦杏,7,7,518,N,plants,*,*,*,*,巴旦杏,*,*
巴戟天,7,7,518,N,plants,*,*,*,*,巴戟天,*,*
芭芒,7,7,518,N,plants,*,*,*,*,芭芒,*,*
芭蕉,7,7,518,N,plants,*,*,*,*,芭蕉,*,*
菝,7,7,518,N,plants,*,*,*,*,菝,*,*
霸王鞭,7,7,518,N,plants,*,*,*,*,霸王鞭,*,*
波髮藻,7,7,518,N,plants,*,*,*,*,波髮藻,*,*
波羅蜜,7,7,518,N,plants,*,*,*,*,波羅蜜,*,*
波斯菊,7,7,518,N,plants,*,*,*,*,波斯菊,*,*
菠菜,7,7,518,N,plants,*,*,*,*,菠菜,*,*
柏木,7,7,518,N,plants,*,*,*,*,柏木,*,*
薄荷,7,7,518,N,plants,*,*,*,*,薄荷,*,*
白皮松,7,7,518,N,plants,*,*,*,*,白皮松,*,*
白蘋,7,7,518,N,plants,*,*,*,*,白蘋,*,*
白麻,7,7,518,N,plants,*,*,*,*,白麻,*,*
白茅,7,7,518,N,plants,*,*,*,*,白茅,*,*
白木耳,7,7,518,N,plants,*,*,*,*,白木耳,*,*
白附子,7,7,518,N,plants,*,*,*,*,白附子,*,*
白豆蔻,7,7,518,N,plants,*,*,*,*,白豆蔻,*,*
白頭翁,7,7,518,N,plants,*,*,*,*,白頭翁,*,*
白檀,7,7,518,N,plants,*,*,*,*,白檀,*,*
白藤,7,7,518,N,plants,*,*,*,*,白藤,*,*
白桐,7,7,518,N,plants,*,*,*,*,白桐,*,*
白蠟樹,7,7,518,N,plants,*,*,*,*,白蠟樹,*,*
白蘭花,7,7,518,N,plants,*,*,*,*,白蘭花,*,*
白梨,7,7,518,N,plants,*,*,*,*,白梨,*,*
白楝,7,7,518,N,plants,*,*,*,*,白楝,*,*
白蘞,7,7,518,N,plants,*,*,*,*,白蘞,*,*
白古蘇花,7,7,518,N,plants,*,*,*,*,白古蘇花,*,*
白荷蘭翹搖,7,7,518,N,plants,*,*,*,*,白荷蘭翹搖,*,*
白蒿,7,7,518,N,plants,*,*,*,*,白蒿,*,*
白花八角,7,7,518,N,plants,*,*,*,*,白花八角,*,*
白花菜,7,7,518,N,plants,*,*,*,*,白花菜,*,*
白芨,7,7,518,N,plants,*,*,*,*,白芨,*,*
白千層,7,7,518,N,plants,*,*,*,*,白千層,*,*
白前,7,7,518,N,plants,*,*,*,*,白前,*,*
白屈菜,7,7,518,N,plants,*,*,*,*,白屈菜,*,*
白喜草,7,7,518,N,plants,*,*,*,*,白喜草,*,*
白小豆,7,7,518,N,plants,*,*,*,*,白小豆,*,*
白蘚,7,7,518,N,plants,*,*,*,*,白蘚,*,*
白辛樹,7,7,518,N,plants,*,*,*,*,白辛樹,*,*
白芷,7,7,518,N,plants,*,*,*,*,白芷,*,*
白朮,7,7,518,N,plants,*,*,*,*,白朮,*,*
白菖,7,7,518,N,plants,*,*,*,*,白菖,*,*
白桵,7,7,518,N,plants,*,*,*,*,白桵,*,*
白菜,7,7,518,N,plants,*,*,*,*,白菜,*,*
白塞木,7,7,518,N,plants,*,*,*,*,白塞木,*,*
白蘇,7,7,518,N,plants,*,*,*,*,白蘇,*,*
白松,7,7,518,N,plants,*,*,*,*,白松,*,*
白艾,7,7,518,N,plants,*,*,*,*,白艾,*,*
白楊,7,7,518,N,plants,*,*,*,*,白楊,*,*
白英,7,7,518,N,plants,*,*,*,*,白英,*,*
白薇,7,7,518,N,plants,*,*,*,*,白薇,*,*
白榆,7,7,518,N,plants,*,*,*,*,白榆,*,*
白玉蘭,7,7,518,N,plants,*,*,*,*,白玉蘭,*,*
白芋,7,7,518,N,plants,*,*,*,*,白芋,*,*
百部,7,7,244,N,plants,*,*,*,*,百部,*,*
百脈根,7,7,244,N,plants,*,*,*,*,百脈根,*,*
百里香,7,7,244,N,plants,*,*,*,*,百里香,*,*
百合,7,7,244,N,plants,*,*,*,*,百合,*,*
百香果,7,7,244,N,plants,*,*,*,*,百香果,*,*
百日草,7,7,244,N,plants,*,*,*,*,百日草,*,*
百子蓮,7,7,244,N,plants,*,*,*,*,百子蓮,*,*
敗醬,7,7,518,N,plants,*,*,*,*,敗醬,*,*
稗,7,7,518,N,plants,*,*,*,*,稗,*,*
貝母,7,7,518,N,plants,*,*,*,*,貝母,*,*
貝多樹,7,7,518,N,plants,*,*,*,*,貝多樹,*,*
貝殼杉,7,7,518,N,plants,*,*,*,*,貝殼杉,*,*
𣖾,7,7,213,N,plants,*,*,*,*,𣖾,*,*
枹木,7,7,518,N,plants,*,*,*,*,枹木,*,*
寶相,7,7,518,N,plants,*,*,*,*,寶相,*,*
寶珠茶,7,7,518,N,plants,*,*,*,*,寶珠茶,*,*
鮑魚菇,7,7,518,N,plants,*,*,*,*,鮑魚菇,*,*
報歲蘭,7,7,518,N,plants,*,*,*,*,報歲蘭,*,*
斑竹,7,7,518,N,plants,*,*,*,*,斑竹,*,*
板栗,7,7,518,N,plants,*,*,*,*,板栗,*,*
半邊蓮,7,7,518,N,plants,*,*,*,*,半邊蓮,*,*
半夏,7,7,518,N,plants,*,*,*,*,半夏,*,*
荸薺,7,7,518,N,plants,*,*,*,*,荸薺,*,*
筆筒樹,7,7,518,N,plants,*,*,*,*,筆筒樹,*,*
筆龍膽,7,7,518,N,plants,*,*,*,*,筆龍膽,*,*
蓖麻,7,7,518,N,plants,*,*,*,*,蓖麻,*,*
萆薢,7,7,518,N,plants,*,*,*,*,萆薢,*,*
蓽茇,7,7,518,N,plants,*,*,*,*,蓽茇,*,*
薜荔,7,7,518,N,plants,*,*,*,*,薜荔,*,*
藨,7,7,518,N,plants,*,*,*,*,藨,*,*
扁柏,7,7,518,N,plants,*,*,*,*,扁柏,*,*
扁豆,7,7,518,N,plants,*,*,*,*,扁豆,*,*
扁桃,7,7,518,N,plants,*,*,*,*,扁桃,*,*
萹,7,7,518,N,plants,*,*,*,*,萹,*,*
稨,7,7,518,N,plants,*,*,*,*,稨,*,*
濱豇豆,7,7,518,N,plants,*,*,*,*,濱豇豆,*,*
檳榔,7,7,518,N,plants,*,*,*,*,檳榔,*,*
栟柑,7,7,518,N,plants,*,*,*,*,栟柑,*,*
捕蟲堇菜,7,7,518,N,plants,*,*,*,*,捕蟲堇菜,*,*
捕蠅草,7,7,518,N,plants,*,*,*,*,捕蠅草,*,*
布袋蓮,7,7,518,N,plants,*,*,*,*,布袋蓮,*,*
朴,7,7,518,N,plants,*,*,*,*,朴,*,*
破布子,7,7,518,N,plants,*,*,*,*,破布子,*,*
蒪,7,7,518,N,plants,*,*,*,*,蒪,*,*
排香草,7,7,518,N,plants,*,*,*,*,排香草,*,*
牌錢樹,7,7,518,N,plants,*,*,*,*,牌錢樹,*,*
佩蘭,7,7,518,N,plants,*,*,*,*,佩蘭,*,*
匏,7,7,518,N,plants,*,*,*,*,匏,*,*
泡桐,7,7,518,N,plants,*,*,*,*,泡桐,*,*
炮竹紅,7,7,518,N,plants,*,*,*,*,炮竹紅,*,*
盤固草,7,7,518,N,plants,*,*,*,*,盤固草,*,*
蟠桃,7,7,518,N,plants,*,*,*,*,蟠桃,*,*
胖大海,7,7,518,N,plants,*,*,*,*,胖大海,*,*
蓬,7,7,518,N,plants,*,*,*,*,蓬,*,*
蓬葆,7,7,518,N,plants,*,*,*,*,蓬葆,*,*
蓬虆,7,7,518,N,plants,*,*,*,*,蓬虆,*,*
椪柑,7,7,518,N,plants,*,*,*,*,椪柑,*,*
枇杷,7,7,518,N,plants,*,*,*,*,枇杷,*,*
芘,7,7,518,N,plants,*,*,*,*,芘,*,*
皮果,7,7,518,N,plants,*,*,*,*,皮果,*,*
啤酒花,7,7,518,N,plants,*,*,*,*,啤酒花,*,*
萹蓄,7,7,518,N,plants,*,*,*,*,萹蓄,*,*
楩楠,7,7,518,N,plants,*,*,*,*,楩楠,*,*
蘋,7,7,518,N,plants,*,*,*,*,蘋,*,*
萍,7,7,518,N,plants,*,*,*,*,萍,*,*
荓,7,7,518,N,plants,*,*,*,*,荓,*,*
瓶爾小草,7,7,518,N,plants,*,*,*,*,瓶爾小草,*,*
蘋婆,7,7,518,N,plants,*,*,*,*,蘋婆,*,*
蘋果,7,7,518,N,plants,*,*,*,*,蘋果,*,*
葡萄,7,7,518,N,plants,*,*,*,*,葡萄,*,*
葡萄葉銀蓮花,7,7,518,N,plants,*,*,*,*,葡萄葉銀蓮花,*,*
葡萄柚,7,7,518,N,plants,*,*,*,*,葡萄柚,*,*
蒲,7,7,518,N,plants,*,*,*,*,蒲,*,*
蒲桃,7,7,518,N,plants,*,*,*,*,蒲桃,*,*
蒲公英,7,7,518,N,plants,*,*,*,*,蒲公英,*,*
蒲葵,7,7,518,N,plants,*,*,*,*,蒲葵,*,*
菩提樹,7,7,518,N,plants,*,*,*,*,菩提樹,*,*
麻黃,7,7,518,N,plants,*,*,*,*,麻黃,*,*
麻竹,7,7,518,N,plants,*,*,*,*,麻竹,*,*
馬勃,7,7,518,N,plants,*,*,*,*,馬勃,*,*
馬蹄金,7,7,518,N,plants,*,*,*,*,馬蹄金,*,*
馬尼拉麻,7,7,518,N,plants,*,*,*,*,馬尼拉麻,*,*
馬拉巴栗,7,7,518,N,plants,*,*,*,*,馬拉巴栗,*,*
馬鬣松,7,7,518,N,plants,*,*,*,*,馬鬣松,*,*
馬鈴瓜,7,7,518,N,plants,*,*,*,*,馬鈴瓜,*,*
馬鈴薯,7,7,518,N,plants,*,*,*,*,馬鈴薯,*,*
馬甲子,7,7,518,N,plants,*,*,*,*,馬甲子,*,*
馬錢子,7,7,518,N,plants,*,*,*,*,馬錢子,*,*
馬齒莧,7,7,518,N,plants,*,*,*,*,馬齒莧,*,*
馬醉木,7,7,518,N,plants,*,*,*,*,馬醉木,*,*
馬鞍藤,7,7,518,N,plants,*,*,*,*,馬鞍藤,*,*
馬纓丹,7,7,518,N,plants,*,*,*,*,馬纓丹,*,*
馬尾,7,7,518,N,plants,*,*,*,*,馬尾,*,*
馬尾藻,7,7,518,N,plants,*,*,*,*,馬尾藻,*,*
馬尾松,7,7,518,N,plants,*,*,*,*,馬尾松,*,*
蘑菇,7,7,518,N,plants,*,*,*,*,蘑菇,*,*
茉莉,7,7,518,N,plants,*,*,*,*,茉莉,*,*
沒藥,7,7,518,N,plants,*,*,*,*,沒藥,*,*
麥冬,7,7,518,N,plants,*,*,*,*,麥冬,*,*
玫瑰,7,7,518,N,plants,*,*,*,*,玫瑰,*,*
梅,7,7,518,N,plants,*,*,*,*,梅,*,*
美人蕉,7,7,518,N,plants,*,*,*,*,美人蕉,*,*
美人樹,7,7,518,N,plants,*,*,*,*,美人樹,*,*
貓尾紅,7,7,518,N,plants,*,*,*,*,貓尾紅,*,*
毛地黃,7,7,518,N,plants,*,*,*,*,毛地黃,*,*
毛氈苔,7,7,518,N,plants,*,*,*,*,毛氈苔,*,*
毛竹,7,7,518,N,plants,*,*,*,*,毛竹,*,*
茅,7,7,518,N,plants,*,*,*,*,茅,*,*
茅莓,7,7,518,N,plants,*,*,*,*,茅莓,*,*
茅膏菜,7,7,518,N,plants,*,*,*,*,茅膏菜,*,*
茆,7,7,518,N,plants,*,*,*,*,茆,*,*
楙,7,7,518,N,plants,*,*,*,*,楙,*,*
蔓菁,7,7,518,N,plants,*,*,*,*,蔓菁,*,*
饅頭果,7,7,518,N,plants,*,*,*,*,饅頭果,*,*
樠,7,7,518,N,plants,*,*,*,*,樠,*,*
滿天星,7,7,518,N,plants,*,*,*,*,滿天星,*,*
曼陀羅,7,7,518,N,plants,*,*,*,*,曼陀羅,*,*
蔓綠絨,7,7,518,N,plants,*,*,*,*,蔓綠絨,*,*
蔓荊,7,7,518,N,plants,*,*,*,*,蔓荊,*,*
芒,7,7,518,N,plants,*,*,*,*,芒,*,*
芒果,7,7,518,N,plants,*,*,*,*,芒果,*,*
芒稷,7,7,518,N,plants,*,*,*,*,芒稷,*,*
芒草,7,7,518,N,plants,*,*,*,*,芒草,*,*
牻牛兒苗,7,7,518,N,plants,*,*,*,*,牻牛兒苗,*,*
莽,7,7,518,N,plants,*,*,*,*,莽,*,*
莽草,7,7,518,N,plants,*,*,*,*,莽草,*,*
𣙷,7,7,213,N,plants,*,*,*,*,𣙷,*,*
莔,7,7,518,N,plants,*,*,*,*,莔,*,*
迷迭香,7,7,518,N,plants,*,*,*,*,迷迭香,*,*
蘪,7,7,518,N,plants,*,*,*,*,蘪,*,*
獼猴桃,7,7,518,N,plants,*,*,*,*,獼猴桃,*,*
蘼蕪,7,7,518,N,plants,*,*,*,*,蘼蕪,*,*
葞,7,7,518,N,plants,*,*,*,*,葞,*,*
蜜柑,7,7,518,N,plants,*,*,*,*,蜜柑,*,*
棉花,7,7,518,N,plants,*,*,*,*,棉花,*,*
緬梔,7,7,518,N,plants,*,*,*,*,緬梔,*,*
麵包樹,7,7,518,N,plants,*,*,*,*,麵包樹,*,*
牡丹,7,7,518,N,plants,*,*,*,*,牡丹,*,*
木麻黃,7,7,518,N,plants,*,*,*,*,木麻黃,*,*
木棉,7,7,518,N,plants,*,*,*,*,木棉,*,*
木通,7,7,518,N,plants,*,*,*,*,木通,*,*
木瓜,7,7,518,N,plants,*,*,*,*,木瓜,*,*
木槿,7,7,518,N,plants,*,*,*,*,木槿,*,*
木犀,7,7,518,N,plants,*,*,*,*,木犀,*,*
木香,7,7,518,N,plants,*,*,*,*,木香,*,*
木賊,7,7,518,N,plants,*,*,*,*,木賊,*,*
木耳,7,7,518,N,plants,*,*,*,*,木耳,*,*
苜蓿,7,7,518,N,plants,*,*,*,*,苜蓿,*,*
髮菜,7,7,518,N,plants,*,*,*,*,髮菜,*,*
佛指甲,7,7,518,N,plants,*,*,*,*,佛指甲,*,*
佛手柑,7,7,518,N,plants,*,*,*,*,佛手柑,*,*
佛手瓜,7,7,518,N,plants,*,*,*,*,佛手瓜,*,*
非洲菫,7,7,518,N,plants,*,*,*,*,非洲菫,*,*
非洲菊,7,7,518,N,plants,*,*,*,*,非洲菊,*,*
飛蓬,7,7,518,N,plants,*,*,*,*,飛蓬,*,*
肥皂莢,7,7,518,N,plants,*,*,*,*,肥皂莢,*,*
榧,7,7,518,N,plants,*,*,*,*,榧,*,*
番荔枝,7,7,518,N,plants,*,*,*,*,番荔枝,*,*
番瓜,7,7,518,N,plants,*,*,*,*,番瓜,*,*
番茄,7,7,518,N,plants,*,*,*,*,番茄,*,*
番石榴,7,7,518,N,plants,*,*,*,*,番石榴,*,*
番薯,7,7,518,N,plants,*,*,*,*,番薯,*,*
蘩,7,7,518,N,plants,*,*,*,*,蘩,*,*
分蔥,7,7,518,N,plants,*,*,*,*,分蔥,*,*
枌,7,7,518,N,plants,*,*,*,*,枌,*,*
芳苓,7,7,518,N,plants,*,*,*,*,芳苓,*,*
防風,7,7,518,N,plants,*,*,*,*,防風,*,*
葑,7,7,518,N,plants,*,*,*,*,葑,*,*
風鈴花,7,7,518,N,plants,*,*,*,*,風鈴花,*,*
風信子,7,7,518,N,plants,*,*,*,*,風信子,*,*
楓,7,7,518,N,plants,*,*,*,*,楓,*,*
楓香,7,7,518,N,plants,*,*,*,*,楓香,*,*
鳳梨,7,7,518,N,plants,*,*,*,*,鳳梨,*,*
鳳凰木,7,7,518,N,plants,*,*,*,*,鳳凰木,*,*
鳳凰竹,7,7,518,N,plants,*,*,*,*,鳳凰竹,*,*
鳳仙花,7,7,518,N,plants,*,*,*,*,鳳仙花,*,*
鳳尾草,7,7,518,N,plants,*,*,*,*,鳳尾草,*,*
芙蓉,7,7,518,N,plants,*,*,*,*,芙蓉,*,*
茯苓,7,7,518,N,plants,*,*,*,*,茯苓,*,*
茯苓菜,7,7,518,N,plants,*,*,*,*,茯苓菜,*,*
浮萍,7,7,518,N,plants,*,*,*,*,浮萍,*,*
莩,7,7,518,N,plants,*,*,*,*,莩,*,*
苻,7,7,518,N,plants,*,*,*,*,苻,*,*
附子,7,7,518,N,plants,*,*,*,*,附子,*,*
大麻,7,7,518,N,plants,*,*,*,*,大麻,*,*
大麻竹,7,7,518,N,plants,*,*,*,*,大麻竹,*,*
大麥,7,7,518,N,plants,*,*,*,*,大麥,*,*
大豆,7,7,518,N,plants,*,*,*,*,大豆,*,*
大麗花,7,7,518,N,plants,*,*,*,*,大麗花,*,*
大陸棉,7,7,518,N,plants,*,*,*,*,大陸棉,*,*
大花曼陀羅,7,7,518,N,plants,*,*,*,*,大花曼陀羅,*,*
大青,7,7,518,N,plants,*,*,*,*,大青,*,*
大蒜,7,7,518,N,plants,*,*,*,*,大蒜,*,*
大葉合歡,7,7,518,N,plants,*,*,*,*,大葉合歡,*,*
大葉野百合,7,7,518,N,plants,*,*,*,*,大葉野百合,*,*
大岩桐,7,7,518,N,plants,*,*,*,*,大岩桐,*,*
大王椰子,7,7,518,N,plants,*,*,*,*,大王椰子,*,*
黛粉葉,7,7,518,N,plants,*,*,*,*,黛粉葉,*,*
稻,7,7,518,N,plants,*,*,*,*,稻,*,*
豆蔻,7,7,518,N,plants,*,*,*,*,豆蔻,*,*
豆槐,7,7,518,N,plants,*,*,*,*,豆槐,*,*
豆薯,7,7,518,N,plants,*,*,*,*,豆薯,*,*
荳蔻,7,7,518,N,plants,*,*,*,*,荳蔻,*,*
丹參,7,7,518,N,plants,*,*,*,*,丹參,*,*
淡竹,7,7,518,N,plants,*,*,*,*,淡竹,*,*
當歸,7,7,518,N,plants,*,*,*,*,當歸,*,*
燈心草,7,7,518,N,plants,*,*,*,*,燈心草,*,*
荻,7,7,518,N,plants,*,*,*,*,荻,*,*
苖,7,7,518,N,plants,*,*,*,*,苖,*,*
地黃,7,7,518,N,plants,*,*,*,*,地黃,*,*
地衣,7,7,518,N,plants,*,*,*,*,地衣,*,*
棣,7,7,518,N,plants,*,*,*,*,棣,*,*
顛蕀,7,7,518,N,plants,*,*,*,*,顛蕀,*,*
丁香,7,7,518,N,plants,*,*,*,*,丁香,*,*
釘頭果,7,7,518,N,plants,*,*,*,*,釘頭果,*,*
杜,7,7,518,N,plants,*,*,*,*,杜,*,*
杜蘅,7,7,518,N,plants,*,*,*,*,杜蘅,*,*
杜鵑,7,7,518,N,plants,*,*,*,*,杜鵑,*,*
多羅,7,7,518,N,plants,*,*,*,*,多羅,*,*
冬瓜,7,7,518,N,plants,*,*,*,*,冬瓜,*,*
苔,7,7,518,N,plants,*,*,*,*,苔,*,*
臺灣獼猴桃,7,7,518,N,plants,*,*,*,*,臺灣獼猴桃,*,*
臺灣杜鵑,7,7,518,N,plants,*,*,*,*,臺灣杜鵑,*,*
薹,7,7,518,N,plants,*,*,*,*,薹,*,*
太平花,7,7,518,N,plants,*,*,*,*,太平花,*,*
太陽麻,7,7,518,N,plants,*,*,*,*,太陽麻,*,*
桃,7,7,518,N,plants,*,*,*,*,桃,*,*
桃花心木,7,7,518,N,plants,*,*,*,*,桃花心木,*,*
桃葉珊瑚,7,7,518,N,plants,*,*,*,*,桃葉珊瑚,*,*
藫,7,7,518,N,plants,*,*,*,*,藫,*,*
檀,7,7,518,N,plants,*,*,*,*,檀,*,*
檀香,7,7,518,N,plants,*,*,*,*,檀香,*,*
蕁,7,7,518,N,plants,*,*,*,*,蕁,*,*
曇花,7,7,518,N,plants,*,*,*,*,曇花,*,*
唐菖蒲,7,7,518,N,plants,*,*,*,*,唐菖蒲,*,*
蓎,7,7,518,N,plants,*,*,*,*,蓎,*,*
棠,7,7,518,N,plants,*,*,*,*,棠,*,*
棠梨,7,7,518,N,plants,*,*,*,*,棠梨,*,*
藤,7,7,518,N,plants,*,*,*,*,藤,*,*
鐵線蕨,7,7,518,N,plants,*,*,*,*,鐵線蕨,*,*
鐵杉,7,7,518,N,plants,*,*,*,*,鐵杉,*,*
鐵掃帚,7,7,518,N,plants,*,*,*,*,鐵掃帚,*,*
苕,7,7,518,N,plants,*,*,*,*,苕,*,*
苕子,7,7,518,N,plants,*,*,*,*,苕子,*,*
天門冬,7,7,518,N,plants,*,*,*,*,天門冬,*,*
天堂鳥,7,7,518,N,plants,*,*,*,*,天堂鳥,*,*
天南星,7,7,518,N,plants,*,*,*,*,天南星,*,*
天竺葵,7,7,518,N,plants,*,*,*,*,天竺葵,*,*
天人菊,7,7,518,N,plants,*,*,*,*,天人菊,*,*
田菁,7,7,518,N,plants,*,*,*,*,田菁,*,*
甜蘿蔔,7,7,518,N,plants,*,*,*,*,甜蘿蔔,*,*
甜根子草,7,7,518,N,plants,*,*,*,*,甜根子草,*,*
葶藶,7,7,518,N,plants,*,*,*,*,葶藶,*,*
葖,7,7,518,N,plants,*,*,*,*,葖,*,*
荼,7,7,518,N,plants,*,*,*,*,荼,*,*
荼蘼,7,7,518,N,plants,*,*,*,*,荼蘼,*,*
稌,7,7,518,N,plants,*,*,*,*,稌,*,*
土馬騣,7,7,518,N,plants,*,*,*,*,土馬騣,*,*
土香,7,7,518,N,plants,*,*,*,*,土香,*,*
土參,7,7,518,N,plants,*,*,*,*,土參,*,*
吐根,7,7,518,N,plants,*,*,*,*,吐根,*,*
芏,7,7,518,N,plants,*,*,*,*,芏,*,*
兔絲燕麥,7,7,518,N,plants,*,*,*,*,兔絲燕麥,*,*
菟葵,7,7,518,N,plants,*,*,*,*,菟葵,*,*
菟絲,7,7,518,N,plants,*,*,*,*,菟絲,*,*
菟絲子,7,7,518,N,plants,*,*,*,*,菟絲子,*,*
蓷,7,7,518,N,plants,*,*,*,*,蓷,*,*
通條樹,7,7,518,N,plants,*,*,*,*,通條樹,*,*
通脫木,7,7,518,N,plants,*,*,*,*,通脫木,*,*
通草,7,7,518,N,plants,*,*,*,*,通草,*,*
茼蒿,7,7,518,N,plants,*,*,*,*,茼蒿,*,*
柰,7,7,518,N,plants,*,*,*,*,柰,*,*
柟,7,7,518,N,plants,*,*,*,*,柟,*,*
南瓜,7,7,518,N,plants,*,*,*,*,南瓜,*,*
楠,7,7,518,N,plants,*,*,*,*,楠,*,*
楠木,7,7,518,N,plants,*,*,*,*,楠木,*,*
鳥梨,7,7,518,N,plants,*,*,*,*,鳥梨,*,*
蔦,7,7,518,N,plants,*,*,*,*,蔦,*,*
牛蒡,7,7,518,N,plants,*,*,*,*,牛蒡,*,*
杻,7,7,518,N,plants,*,*,*,*,杻,*,*
檸檬,7,7,518,N,plants,*,*,*,*,檸檬,*,*
辣椒,7,7,518,N,plants,*,*,*,*,辣椒,*,*
臘腸樹,7,7,518,N,plants,*,*,*,*,臘腸樹,*,*
蠟梅,7,7,518,N,plants,*,*,*,*,蠟梅,*,*
棶,7,7,518,N,plants,*,*,*,*,棶,*,*
萊,7,7,518,N,plants,*,*,*,*,萊,*,*
雷公藤,7,7,518,N,plants,*,*,*,*,雷公藤,*,*
栳樟,7,7,518,N,plants,*,*,*,*,栳樟,*,*
蔞蒿,7,7,518,N,plants,*,*,*,*,蔞蒿,*,*
蘭,7,7,518,N,plants,*,*,*,*,蘭,*,*
蘭草,7,7,518,N,plants,*,*,*,*,蘭草,*,*
藍,7,7,518,N,plants,*,*,*,*,藍,*,*
藍鼓藻,7,7,518,N,plants,*,*,*,*,藍鼓藻,*,*
藍藻,7,7,518,N,plants,*,*,*,*,藍藻,*,*
欖仁樹,7,7,518,N,plants,*,*,*,*,欖仁樹,*,*
狼毒,7,7,518,N,plants,*,*,*,*,狼毒,*,*
狼牙,7,7,518,N,plants,*,*,*,*,狼牙,*,*
狼尾草,7,7,518,N,plants,*,*,*,*,狼尾草,*,*
榔榆,7,7,518,N,plants,*,*,*,*,榔榆,*,*
冷杉,7,7,518,N,plants,*,*,*,*,冷杉,*,*
狸藻,7,7,518,N,plants,*,*,*,*,狸藻,*,*
梨,7,7,518,N,plants,*,*,*,*,梨,*,*
梨樹,7,7,518,N,plants,*,*,*,*,梨樹,*,*
藜,7,7,518,N,plants,*,*,*,*,藜,*,*
藜蘆,7,7,518,N,plants,*,*,*,*,藜蘆,*,*
李,7,7,518,N,plants,*,*,*,*,李,*,*
裡白,7,7,518,N,plants,*,*,*,*,裡白,*,*
鱧腸,7,7,518,N,plants,*,*,*,*,鱧腸,*,*
荔,7,7,518,N,plants,*,*,*,*,荔,*,*
荔枝,7,7,518,N,plants,*,*,*,*,荔枝,*,*
苙,7,7,518,N,plants,*,*,*,*,苙,*,*
栵,7,7,518,N,plants,*,*,*,*,栵,*,*
栗,7,7,518,N,plants,*,*,*,*,栗,*,*
櫟,7,7,518,N,plants,*,*,*,*,櫟,*,*
麗格海棠,7,7,518,N,plants,*,*,*,*,麗格海棠,*,*
麗春花,7,7,518,N,plants,*,*,*,*,麗春花,*,*
列當,7,7,518,N,plants,*,*,*,*,列當,*,*
蓼,7,7,518,N,plants,*,*,*,*,蓼,*,*
留蘭香,7,7,518,N,plants,*,*,*,*,留蘭香,*,*
榴槤,7,7,518,N,plants,*,*,*,*,榴槤,*,*
劉寄奴,7,7,518,N,plants,*,*,*,*,劉寄奴,*,*
柳,7,7,518,N,plants,*,*,*,*,柳,*,*
柳橙,7,7,518,N,plants,*,*,*,*,柳橙,*,*
柳杉,7,7,518,N,plants,*,*,*,*,柳杉,*,*
柳樹,7,7,518,N,plants,*,*,*,*,柳樹,*,*
柳安,7,7,518,N,plants,*,*,*,*,柳安,*,*
連翹,7,7,518,N,plants,*,*,*,*,連翹,*,*
連錢,7,7,518,N,plants,*,*,*,*,連錢,*,*
連錢草,7,7,518,N,plants,*,*,*,*,連錢草,*,*
蓮,7,7,518,N,plants,*,*,*,*,蓮,*,*
蓮霧,7,7,518,N,plants,*,*,*,*,蓮霧,*,*
楝,7,7,518,N,plants,*,*,*,*,楝,*,*
林投,7,7,518,N,plants,*,*,*,*,林投,*,*
藺,7,7,518,N,plants,*,*,*,*,藺,*,*
涼薯,7,7,518,N,plants,*,*,*,*,涼薯,*,*
粱,7,7,518,N,plants,*,*,*,*,粱,*,*
菱,7,7,518,N,plants,*,*,*,*,菱,*,*
蘦,7,7,518,N,plants,*,*,*,*,蘦,*,*
靈芝,7,7,518,N,plants,*,*,*,*,靈芝,*,*
令箭荷花,7,7,518,N,plants,*,*,*,*,令箭荷花,*,*
櫨,7,7,518,N,plants,*,*,*,*,櫨,*,*
蘆薈,7,7,518,N,plants,*,*,*,*,蘆薈,*,*
蘆粟,7,7,518,N,plants,*,*,*,*,蘆粟,*,*
蘆筍,7,7,518,N,plants,*,*,*,*,蘆筍,*,*
蘆葦,7,7,518,N,plants,*,*,*,*,蘆葦,*,*
鹿藿,7,7,518,N,plants,*,*,*,*,鹿藿,*,*
鹿角菜,7,7,518,N,plants,*,*,*,*,鹿角菜,*,*
陸稻,7,7,518,N,plants,*,*,*,*,陸稻,*,*
露葵,7,7,518,N,plants,*,*,*,*,露葵,*,*
羅勒,7,7,518,N,plants,*,*,*,*,羅勒,*,*
羅漢柏,7,7,518,N,plants,*,*,*,*,羅漢柏,*,*
羅漢松,7,7,518,N,plants,*,*,*,*,羅漢松,*,*
羅望子,7,7,518,N,plants,*,*,*,*,羅望子,*,*
蘿蔔,7,7,518,N,plants,*,*,*,*,蘿蔔,*,*
蘿芙木,7,7,518,N,plants,*,*,*,*,蘿芙木,*,*
裸麥,7,7,518,N,plants,*,*,*,*,裸麥,*,*
洛神葵,7,7,518,N,plants,*,*,*,*,洛神葵,*,*
酪梨,7,7,518,N,plants,*,*,*,*,酪梨,*,*
落地生根,7,7,518,N,plants,*,*,*,*,落地生根,*,*
落葵,7,7,518,N,plants,*,*,*,*,落葵,*,*
落花生,7,7,518,N,plants,*,*,*,*,落花生,*,*
落葉松,7,7,518,N,plants,*,*,*,*,落葉松,*,*
欒,7,7,518,N,plants,*,*,*,*,欒,*,*
欒樹,7,7,518,N,plants,*,*,*,*,欒樹,*,*
龍柏,7,7,518,N,plants,*,*,*,*,龍柏,*,*
龍膽,7,7,518,N,plants,*,*,*,*,龍膽,*,*
龍吐珠,7,7,518,N,plants,*,*,*,*,龍吐珠,*,*
龍腦樹,7,7,518,N,plants,*,*,*,*,龍腦樹,*,*
龍骨木,7,7,518,N,plants,*,*,*,*,龍骨木,*,*
龍葵,7,7,518,N,plants,*,*,*,*,龍葵,*,*
龍鬚,7,7,518,N,plants,*,*,*,*,龍鬚,*,*
龍鬚菜,7,7,518,N,plants,*,*,*,*,龍鬚菜,*,*
龍血樹,7,7,518,N,plants,*,*,*,*,龍血樹,*,*
龍珠,7,7,518,N,plants,*,*,*,*,龍珠,*,*
龍船花,7,7,518,N,plants,*,*,*,*,龍船花,*,*
龍舌蘭,7,7,518,N,plants,*,*,*,*,龍舌蘭,*,*
龍牙草,7,7,518,N,plants,*,*,*,*,龍牙草,*,*
龍眼,7,7,518,N,plants,*,*,*,*,龍眼,*,*
蘢,7,7,518,N,plants,*,*,*,*,蘢,*,*
旅人蕉,7,7,518,N,plants,*,*,*,*,旅人蕉,*,*
菉,7,7,518,N,plants,*,*,*,*,菉,*,*
綠豆,7,7,518,N,plants,*,*,*,*,綠豆,*,*
綠珊瑚,7,7,518,N,plants,*,*,*,*,綠珊瑚,*,*
茖蔥,7,7,518,N,plants,*,*,*,*,茖蔥,*,*
葛,7,7,518,N,plants,*,*,*,*,葛,*,*
葛藤,7,7,518,N,plants,*,*,*,*,葛藤,*,*
葛藟,7,7,518,N,plants,*,*,*,*,葛藟,*,*
葛仙米,7,7,518,N,plants,*,*,*,*,葛仙米,*,*
蓋柿,7,7,518,N,plants,*,*,*,*,蓋柿,*,*
蓋菜,7,7,518,N,plants,*,*,*,*,蓋菜,*,*
高粱,7,7,518,N,plants,*,*,*,*,高粱,*,*
鉤藤,7,7,518,N,plants,*,*,*,*,鉤藤,*,*
鉤吻,7,7,518,N,plants,*,*,*,*,鉤吻,*,*
狗尾草,7,7,518,N,plants,*,*,*,*,狗尾草,*,*
枸骨,7,7,518,N,plants,*,*,*,*,枸骨,*,*
枸杞,7,7,518,N,plants,*,*,*,*,枸杞,*,*
甘藍,7,7,518,N,plants,*,*,*,*,甘藍,*,*
甘菊,7,7,518,N,plants,*,*,*,*,甘菊,*,*
甘蔗,7,7,518,N,plants,*,*,*,*,甘蔗,*,*
甘草,7,7,518,N,plants,*,*,*,*,甘草,*,*
柑,7,7,518,N,plants,*,*,*,*,柑,*,*
乾苔,7,7,518,N,plants,*,*,*,*,乾苔,*,*
橄欖,7,7,518,N,plants,*,*,*,*,橄欖,*,*
茛,7,7,518,N,plants,*,*,*,*,茛,*,*
姑婆芋,7,7,518,N,plants,*,*,*,*,姑婆芋,*,*
孤挺花,7,7,518,N,plants,*,*,*,*,孤挺花,*,*
菰,7,7,518,N,plants,*,*,*,*,菰,*,*
菰菜,7,7,518,N,plants,*,*,*,*,菰菜,*,*
古柯,7,7,518,N,plants,*,*,*,*,古柯,*,*
骨碎補,7,7,518,N,plants,*,*,*,*,骨碎補,*,*
鼓藻,7,7,518,N,plants,*,*,*,*,鼓藻,*,*
榖,7,7,518,N,plants,*,*,*,*,榖,*,*
穀子,7,7,518,N,plants,*,*,*,*,穀子,*,*
瓜子金,7,7,518,N,plants,*,*,*,*,瓜子金,*,*
栝樓,7,7,518,N,plants,*,*,*,*,栝樓,*,*
栝矢亞,7,7,518,N,plants,*,*,*,*,栝矢亞,*,*
槻,7,7,518,N,plants,*,*,*,*,槻,*,*
龜背芋,7,7,518,N,plants,*,*,*,*,龜背芋,*,*
鬼筆,7,7,518,N,plants,*,*,*,*,鬼筆,*,*
鬼見愁,7,7,518,N,plants,*,*,*,*,鬼見愁,*,*
鬼針草,7,7,518,N,plants,*,*,*,*,鬼針草,*,*
桂皮,7,7,518,N,plants,*,*,*,*,桂皮,*,*
桂竹,7,7,518,N,plants,*,*,*,*,桂竹,*,*
桂竹香,7,7,518,N,plants,*,*,*,*,桂竹香,*,*
莞,7,7,518,N,plants,*,*,*,*,莞,*,*
觀音蓮,7,7,518,N,plants,*,*,*,*,觀音蓮,*,*
觀音座蓮,7,7,518,N,plants,*,*,*,*,觀音座蓮,*,*
觀音棕竹,7,7,518,N,plants,*,*,*,*,觀音棕竹,*,*
光苔,7,7,518,N,plants,*,*,*,*,光苔,*,*
光藻,7,7,518,N,plants,*,*,*,*,光藻,*,*
桄榔,7,7,518,N,plants,*,*,*,*,桄榔,*,*
茪,7,7,518,N,plants,*,*,*,*,茪,*,*
廣東油桐,7,7,518,N,plants,*,*,*,*,廣東油桐,*,*
珙桐,7,7,518,N,plants,*,*,*,*,珙桐,*,*
咖啡,7,7,518,N,plants,*,*,*,*,咖啡,*,*
卡利撒,7,7,518,N,plants,*,*,*,*,卡利撒,*,*
可可,7,7,518,N,plants,*,*,*,*,可可,*,*
楷,7,7,518,N,plants,*,*,*,*,楷,*,*
栲,7,7,518,N,plants,*,*,*,*,栲,*,*
看麥娘,7,7,518,N,plants,*,*,*,*,看麥娘,*,*
康乃馨,7,7,518,N,plants,*,*,*,*,康乃馨,*,*
糠穗,7,7,518,N,plants,*,*,*,*,糠穗,*,*
苦楝子,7,7,518,N,plants,*,*,*,*,苦楝子,*,*
苦瓜,7,7,518,N,plants,*,*,*,*,苦瓜,*,*
苦苣苔,7,7,518,N,plants,*,*,*,*,苦苣苔,*,*
苦竹,7,7,518,N,plants,*,*,*,*,苦竹,*,*
苦參,7,7,518,N,plants,*,*,*,*,苦參,*,*
苦菜,7,7,518,N,plants,*,*,*,*,苦菜,*,*
蒯,7,7,518,N,plants,*,*,*,*,蒯,*,*
檜,7,7,518,N,plants,*,*,*,*,檜,*,*
檜柏,7,7,518,N,plants,*,*,*,*,檜柏,*,*
檜木,7,7,518,N,plants,*,*,*,*,檜木,*,*
款冬,7,7,518,N,plants,*,*,*,*,款冬,*,*
昆布,7,7,518,N,plants,*,*,*,*,昆布,*,*
空桐樹,7,7,518,N,plants,*,*,*,*,空桐樹,*,*
空心菜,7,7,518,N,plants,*,*,*,*,空心菜,*,*
哈密瓜,7,7,518,N,plants,*,*,*,*,哈密瓜,*,*
訶梨勒,7,7,518,N,plants,*,*,*,*,訶梨勒,*,*
合歡,7,7,518,N,plants,*,*,*,*,合歡,*,*
何首烏,7,7,518,N,plants,*,*,*,*,何首烏,*,*
荷,7,7,518,N,plants,*,*,*,*,荷,*,*
荷花,7,7,518,N,plants,*,*,*,*,荷花,*,*
海白菜,7,7,518,N,plants,*,*,*,*,海白菜,*,*
海葡萄,7,7,518,N,plants,*,*,*,*,海葡萄,*,*
海檬果,7,7,518,N,plants,*,*,*,*,海檬果,*,*
海苔,7,7,518,N,plants,*,*,*,*,海苔,*,*
海棠,7,7,518,N,plants,*,*,*,*,海棠,*,*
海桐花,7,7,518,N,plants,*,*,*,*,海桐花,*,*
海金沙,7,7,518,N,plants,*,*,*,*,海金沙,*,*
海棗,7,7,518,N,plants,*,*,*,*,海棗,*,*
海松,7,7,518,N,plants,*,*,*,*,海松,*,*
海芋,7,7,518,N,plants,*,*,*,*,海芋,*,*
黑麥,7,7,518,N,plants,*,*,*,*,黑麥,*,*
黑松,7,7,518,N,plants,*,*,*,*,黑松,*,*
黑豆,7,7,518,N,plants,*,*,*,*,黑豆,*,*
厚朴,7,7,518,N,plants,*,*,*,*,厚朴,*,*
厚皮香,7,7,518,N,plants,*,*,*,*,厚皮香,*,*
含笑花,7,7,518,N,plants,*,*,*,*,含笑花,*,*
含羞草,7,7,518,N,plants,*,*,*,*,含羞草,*,*
蔊菜,7,7,518,N,plants,*,*,*,*,蔊菜,*,*
恆春野百合,7,7,518,N,plants,*,*,*,*,恆春野百合,*,*
蘅,7,7,518,N,plants,*,*,*,*,蘅,*,*
胡麻,7,7,518,N,plants,*,*,*,*,胡麻,*,*
胡豆,7,7,518,N,plants,*,*,*,*,胡豆,*,*
胡桃,7,7,518,N,plants,*,*,*,*,胡桃,*,*
胡頹子,7,7,518,N,plants,*,*,*,*,胡頹子,*,*
胡蘿蔔,7,7,518,N,plants,*,*,*,*,胡蘿蔔,*,*
胡瓜,7,7,518,N,plants,*,*,*,*,胡瓜,*,*
胡椒,7,7,518,N,plants,*,*,*,*,胡椒,*,*
胡枝子,7,7,518,N,plants,*,*,*,*,胡枝子,*,*
胡荽,7,7,518,N,plants,*,*,*,*,胡荽,*,*
胡楊,7,7,518,N,plants,*,*,*,*,胡楊,*,*
葫,7,7,518,N,plants,*,*,*,*,葫,*,*
蝴蝶蘭,7,7,518,N,plants,*,*,*,*,蝴蝶蘭,*,*
槲,7,7,518,N,plants,*,*,*,*,槲,*,*
槲寄生,7,7,518,N,plants,*,*,*,*,槲寄生,*,*
槲蕨,7,7,518,N,plants,*,*,*,*,槲蕨,*,*
壺蘆,7,7,518,N,plants,*,*,*,*,壺蘆,*,*
虎頭蘭,7,7,518,N,plants,*,*,*,*,虎頭蘭,*,*
虎爪豆,7,7,518,N,plants,*,*,*,*,虎爪豆,*,*
虎掌,7,7,518,N,plants,*,*,*,*,虎掌,*,*
虎杖,7,7,518,N,plants,*,*,*,*,虎杖,*,*
虎刺,7,7,518,N,plants,*,*,*,*,虎刺,*,*
虎耳草,7,7,518,N,plants,*,*,*,*,虎耳草,*,*
芐,7,7,518,N,plants,*,*,*,*,芐,*,*
瓠,7,7,518,N,plants,*,*,*,*,瓠,*,*
瓠子,7,7,518,N,plants,*,*,*,*,瓠子,*,*
花梨,7,7,518,N,plants,*,*,*,*,花梨,*,*
花椒,7,7,518,N,plants,*,*,*,*,花椒,*,*
花椰菜,7,7,518,N,plants,*,*,*,*,花椰菜,*,*
樺,7,7,518,N,plants,*,*,*,*,樺,*,*
樺木,7,7,518,N,plants,*,*,*,*,樺木,*,*
火鶴花,7,7,518,N,plants,*,*,*,*,火鶴花,*,*
藿,7,7,518,N,plants,*,*,*,*,藿,*,*
藿香,7,7,518,N,plants,*,*,*,*,藿香,*,*
藿香薊,7,7,518,N,plants,*,*,*,*,藿香薊,*,*
槐,7,7,518,N,plants,*,*,*,*,槐,*,*
槐樹,7,7,518,N,plants,*,*,*,*,槐樹,*,*
蘹香,7,7,518,N,plants,*,*,*,*,蘹香,*,*
灰木,7,7,518,N,plants,*,*,*,*,灰木,*,*
茴香,7,7,518,N,plants,*,*,*,*,茴香,*,*
蔧,7,7,518,N,plants,*,*,*,*,蔧,*,*
蕙蘭,7,7,518,N,plants,*,*,*,*,蕙蘭,*,*
黃蘗,7,7,518,N,plants,*,*,*,*,黃蘗,*,*
黃麻,7,7,518,N,plants,*,*,*,*,黃麻,*,*
黃連,7,7,518,N,plants,*,*,*,*,黃連,*,*
黃花蜜菜,7,7,518,N,plants,*,*,*,*,黃花蜜菜,*,*
黃金葛,7,7,518,N,plants,*,*,*,*,黃金葛,*,*
黃精,7,7,518,N,plants,*,*,*,*,黃精,*,*
黃芪,7,7,518,N,plants,*,*,*,*,黃芪,*,*
黃芩,7,7,518,N,plants,*,*,*,*,黃芩,*,*
黃水茄,7,7,518,N,plants,*,*,*,*,黃水茄,*,*
紅葡萄藤,7,7,518,N,plants,*,*,*,*,紅葡萄藤,*,*
紅木,7,7,518,N,plants,*,*,*,*,紅木,*,*
紅豆,7,7,518,N,plants,*,*,*,*,紅豆,*,*
紅檜,7,7,518,N,plants,*,*,*,*,紅檜,*,*
紅花,7,7,518,N,plants,*,*,*,*,紅花,*,*
紅茄苳,7,7,518,N,plants,*,*,*,*,紅茄苳,*,*
紅杉,7,7,518,N,plants,*,*,*,*,紅杉,*,*
紅樹,7,7,518,N,plants,*,*,*,*,紅樹,*,*
葒,7,7,518,N,plants,*,*,*,*,葒,*,*
雞母珠,7,7,518,N,plants,*,*,*,*,雞母珠,*,*
雞冠花,7,7,518,N,plants,*,*,*,*,雞冠花,*,*
雞屎藤,7,7,518,N,plants,*,*,*,*,雞屎藤,*,*
芨,7,7,518,N,plants,*,*,*,*,芨,*,*
蒺藜,7,7,518,N,plants,*,*,*,*,蒺藜,*,*
蕺,7,7,518,N,plants,*,*,*,*,蕺,*,*
蕺菜,7,7,518,N,plants,*,*,*,*,蕺菜,*,*
棘,7,7,518,N,plants,*,*,*,*,棘,*,*
枳椇,7,7,518,N,plants,*,*,*,*,枳椇,*,*
穄子,7,7,518,N,plants,*,*,*,*,穄子,*,*
薺,7,7,518,N,plants,*,*,*,*,薺,*,*
薺薴,7,7,518,N,plants,*,*,*,*,薺薴,*,*
薺菜,7,7,518,N,plants,*,*,*,*,薺菜,*,*
蘮蒘,7,7,518,N,plants,*,*,*,*,蘮蒘,*,*
嘉德麗亞蘭,7,7,518,N,plants,*,*,*,*,嘉德麗亞蘭,*,*
家山藥,7,7,518,N,plants,*,*,*,*,家山藥,*,*
檟,7,7,518,N,plants,*,*,*,*,檟,*,*
夾竹桃,7,7,518,N,plants,*,*,*,*,夾竹桃,*,*
桔梗,7,7,518,N,plants,*,*,*,*,桔梗,*,*
芥,7,7,518,N,plants,*,*,*,*,芥,*,*
芥藍菜,7,7,518,N,plants,*,*,*,*,芥藍菜,*,*
芥菜,7,7,518,N,plants,*,*,*,*,芥菜,*,*
茭白,7,7,518,N,plants,*,*,*,*,茭白,*,*
蕉麻,7,7,518,N,plants,*,*,*,*,蕉麻,*,*
九芎,7,7,244,N,plants,*,*,*,*,九芎,*,*
九重葛,7,7,244,N,plants,*,*,*,*,九重葛,*,*
九層塔,7,7,244,N,plants,*,*,*,*,九層塔,*,*
韭,7,7,518,N,plants,*,*,*,*,韭,*,*
韭菜,7,7,518,N,plants,*,*,*,*,韭菜,*,*
酒瓶椰子,7,7,518,N,plants,*,*,*,*,酒瓶椰子,*,*
蒹,7,7,518,N,plants,*,*,*,*,蒹,*,*
菅,7,7,518,N,plants,*,*,*,*,菅,*,*
剪秋羅,7,7,518,N,plants,*,*,*,*,剪秋羅,*,*
剪夏羅,7,7,518,N,plants,*,*,*,*,剪夏羅,*,*
剪春羅,7,7,518,N,plants,*,*,*,*,剪春羅,*,*
建蘭,7,7,518,N,plants,*,*,*,*,建蘭,*,*
箭竹,7,7,518,N,plants,*,*,*,*,箭竹,*,*
劍麻,7,7,518,N,plants,*,*,*,*,劍麻,*,*
金梅草,7,7,518,N,plants,*,*,*,*,金梅草,*,*
金木犀,7,7,518,N,plants,*,*,*,*,金木犀,*,*
金湯匙,7,7,518,N,plants,*,*,*,*,金湯匙,*,*
金蓮花,7,7,518,N,plants,*,*,*,*,金蓮花,*,*
金露花,7,7,518,N,plants,*,*,*,*,金露花,*,*
金光菊,7,7,518,N,plants,*,*,*,*,金光菊,*,*
金合歡,7,7,518,N,plants,*,*,*,*,金合歡,*,*
金黃藻,7,7,518,N,plants,*,*,*,*,金黃藻,*,*
金雞納樹,7,7,518,N,plants,*,*,*,*,金雞納樹,*,*
金橘,7,7,518,N,plants,*,*,*,*,金橘,*,*
金雀花,7,7,518,N,plants,*,*,*,*,金雀花,*,*
金線草,7,7,518,N,plants,*,*,*,*,金線草,*,*
金盞花,7,7,518,N,plants,*,*,*,*,金盞花,*,*
金瘡小草,7,7,518,N,plants,*,*,*,*,金瘡小草,*,*
金絲桃,7,7,518,N,plants,*,*,*,*,金絲桃,*,*
金粟蘭,7,7,518,N,plants,*,*,*,*,金粟蘭,*,*
金櫻子,7,7,518,N,plants,*,*,*,*,金櫻子,*,*
金魚藻,7,7,518,N,plants,*,*,*,*,金魚藻,*,*
金魚草,7,7,518,N,plants,*,*,*,*,金魚草,*,*
菫,7,7,518,N,plants,*,*,*,*,菫,*,*
錦葵,7,7,518,N,plants,*,*,*,*,錦葵,*,*
錦熏籠,7,7,518,N,plants,*,*,*,*,錦熏籠,*,*
藎,7,7,518,N,plants,*,*,*,*,藎,*,*
藎草,7,7,518,N,plants,*,*,*,*,藎草,*,*
江梅,7,7,518,N,plants,*,*,*,*,江梅,*,*
江南竹,7,7,518,N,plants,*,*,*,*,江南竹,*,*
江蘺,7,7,518,N,plants,*,*,*,*,江蘺,*,*
豇豆,7,7,518,N,plants,*,*,*,*,豇豆,*,*
茳芏,7,7,518,N,plants,*,*,*,*,茳芏,*,*
姜黃,7,7,518,N,plants,*,*,*,*,姜黃,*,*
姜芋,7,7,518,N,plants,*,*,*,*,姜芋,*,*
薑,7,7,518,N,plants,*,*,*,*,薑,*,*
薑黃,7,7,518,N,plants,*,*,*,*,薑黃,*,*
降真香,7,7,518,N,plants,*,*,*,*,降真香,*,*
菁,7,7,518,N,plants,*,*,*,*,菁,*,*
菁芳草,7,7,518,N,plants,*,*,*,*,菁芳草,*,*
荊,7,7,518,N,plants,*,*,*,*,荊,*,*
荊芥,7,7,518,N,plants,*,*,*,*,荊芥,*,*
井口邊草,7,7,518,N,plants,*,*,*,*,井口邊草,*,*
椈,7,7,518,N,plants,*,*,*,*,椈,*,*
菊,7,7,518,N,plants,*,*,*,*,菊,*,*
菊花,7,7,518,N,plants,*,*,*,*,菊花,*,*
菊苣,7,7,518,N,plants,*,*,*,*,菊苣,*,*
菊芋,7,7,518,N,plants,*,*,*,*,菊芋,*,*
橘,7,7,518,N,plants,*,*,*,*,橘,*,*
枸櫞,7,7,518,N,plants,*,*,*,*,枸櫞,*,*
蒟醬,7,7,518,N,plants,*,*,*,*,蒟醬,*,*
蒟蒻,7,7,518,N,plants,*,*,*,*,蒟蒻,*,*
椇,7,7,518,N,plants,*,*,*,*,椇,*,*
櫸,7,7,518,N,plants,*,*,*,*,櫸,*,*
櫸木,7,7,518,N,plants,*,*,*,*,櫸木,*,*
櫸柳,7,7,518,N,plants,*,*,*,*,櫸柳,*,*
聚藻,7,7,518,N,plants,*,*,*,*,聚藻,*,*
鋸齒草,7,7,518,N,plants,*,*,*,*,鋸齒草,*,*
決明,7,7,518,N,plants,*,*,*,*,決明,*,*
決明子,7,7,518,N,plants,*,*,*,*,決明子,*,*
芵明,7,7,518,N,plants,*,*,*,*,芵明,*,*
蕨,7,7,518,N,plants,*,*,*,*,蕨,*,*
卷柏,7,7,518,N,plants,*,*,*,*,卷柏,*,*
卷耳,7,7,518,N,plants,*,*,*,*,卷耳,*,*
君遷子,7,7,518,N,plants,*,*,*,*,君遷子,*,*
君影草,7,7,518,N,plants,*,*,*,*,君影草,*,*
箘簬,7,7,518,N,plants,*,*,*,*,箘簬,*,*
七里香,7,7,244,N,plants,*,*,*,*,七里香,*,*
漆,7,7,518,N,plants,*,*,*,*,漆,*,*
漆樹,7,7,518,N,plants,*,*,*,*,漆樹,*,*
榿,7,7,518,N,plants,*,*,*,*,榿,*,*
蘄艾,7,7,518,N,plants,*,*,*,*,蘄艾,*,*
奇蒿,7,7,518,N,plants,*,*,*,*,奇蒿,*,*
齊墩果,7,7,518,N,plants,*,*,*,*,齊墩果,*,*
杞柳,7,7,518,N,plants,*,*,*,*,杞柳,*,*
芑,7,7,518,N,plants,*,*,*,*,芑,*,*
茄,7,7,518,N,plants,*,*,*,*,茄,*,*
茄子,7,7,518,N,plants,*,*,*,*,茄子,*,*
蕎,7,7,518,N,plants,*,*,*,*,蕎,*,*
蕎麥,7,7,518,N,plants,*,*,*,*,蕎麥,*,*
秋牡丹,7,7,518,N,plants,*,*,*,*,秋牡丹,*,*
秋海棠,7,7,518,N,plants,*,*,*,*,秋海棠,*,*
楸,7,7,518,N,plants,*,*,*,*,楸,*,*
朹子,7,7,518,N,plants,*,*,*,*,朹子,*,*
毬蘭,7,7,518,N,plants,*,*,*,*,毬蘭,*,*
千年艾,7,7,244,N,plants,*,*,*,*,千年艾,*,*
千日紅,7,7,244,N,plants,*,*,*,*,千日紅,*,*
千日菊,7,7,244,N,plants,*,*,*,*,千日菊,*,*
牽牛花,7,7,518,N,plants,*,*,*,*,牽牛花,*,*
芡,7,7,518,N,plants,*,*,*,*,芡,*,*
芡實,7,7,518,N,plants,*,*,*,*,芡實,*,*
茜,7,7,518,N,plants,*,*,*,*,茜,*,*
茜草,7,7,518,N,plants,*,*,*,*,茜草,*,*
芹菜,7,7,518,N,plants,*,*,*,*,芹菜,*,*
秦艽,7,7,518,N,plants,*,*,*,*,秦艽,*,*
檎,7,7,518,N,plants,*,*,*,*,檎,*,*
羌活,7,7,518,N,plants,*,*,*,*,羌活,*,*
薔薇,7,7,518,N,plants,*,*,*,*,薔薇,*,*
青皮,7,7,518,N,plants,*,*,*,*,青皮,*,*
青萍,7,7,518,N,plants,*,*,*,*,青萍,*,*
青楓,7,7,518,N,plants,*,*,*,*,青楓,*,*
青稞,7,7,518,N,plants,*,*,*,*,青稞,*,*
青蒿,7,7,518,N,plants,*,*,*,*,青蒿,*,*
青椒,7,7,518,N,plants,*,*,*,*,青椒,*,*
青江白菜,7,7,518,N,plants,*,*,*,*,青江白菜,*,*
青楊,7,7,518,N,plants,*,*,*,*,青楊,*,*
蘧,7,7,518,N,plants,*,*,*,*,蘧,*,*
雀麥,7,7,518,N,plants,*,*,*,*,雀麥,*,*
雀舌,7,7,518,N,plants,*,*,*,*,雀舌,*,*
雀榕,7,7,518,N,plants,*,*,*,*,雀榕,*,*
裙帶菜,7,7,518,N,plants,*,*,*,*,裙帶菜,*,*
芎藭,7,7,518,N,plants,*,*,*,*,芎藭,*,*
瓊麻,7,7,518,N,plants,*,*,*,*,瓊麻,*,*
瓊崖海棠,7,7,518,N,plants,*,*,*,*,瓊崖海棠,*,*
西谷椰子,7,7,518,N,plants,*,*,*,*,西谷椰子,*,*
西瓜,7,7,518,N,plants,*,*,*,*,西瓜,*,*
西葫蘆,7,7,518,N,plants,*,*,*,*,西葫蘆,*,*
西洋參,7,7,518,N,plants,*,*,*,*,西洋參,*,*
蟋蟀草,7,7,518,N,plants,*,*,*,*,蟋蟀草,*,*
蕮,7,7,518,N,plants,*,*,*,*,蕮,*,*
細辛,7,7,518,N,plants,*,*,*,*,細辛,*,*
細葉金午時花,7,7,518,N,plants,*,*,*,*,細葉金午時花,*,*
細葉山茶,7,7,518,N,plants,*,*,*,*,細葉山茶,*,*
夏枯草,7,7,518,N,plants,*,*,*,*,夏枯草,*,*
纈草,7,7,518,N,plants,*,*,*,*,纈草,*,*
楔,7,7,518,N,plants,*,*,*,*,楔,*,*
薢茩,7,7,518,N,plants,*,*,*,*,薢茩,*,*
薤,7,7,518,N,plants,*,*,*,*,薤,*,*
薤白,7,7,518,N,plants,*,*,*,*,薤白,*,*
小白菜,7,7,518,N,plants,*,*,*,*,小白菜,*,*
小麥,7,7,518,N,plants,*,*,*,*,小麥,*,*
小米,7,7,518,N,plants,*,*,*,*,小米,*,*
小薊,7,7,518,N,plants,*,*,*,*,小薊,*,*
小青,7,7,518,N,plants,*,*,*,*,小青,*,*
小實孔雀豆,7,7,518,N,plants,*,*,*,*,小實孔雀豆,*,*
繡球花,7,7,518,N,plants,*,*,*,*,繡球花,*,*
仙茅,7,7,518,N,plants,*,*,*,*,仙茅,*,*
仙人拳,7,7,518,N,plants,*,*,*,*,仙人拳,*,*
仙人掌,7,7,518,N,plants,*,*,*,*,仙人掌,*,*
仙草,7,7,518,N,plants,*,*,*,*,仙草,*,*
咸豐草,7,7,518,N,plants,*,*,*,*,咸豐草,*,*
洗,7,7,518,N,plants,*,*,*,*,洗,*,*
莧,7,7,518,N,plants,*,*,*,*,莧,*,*
莧菜,7,7,518,N,plants,*,*,*,*,莧菜,*,*
辛夷,7,7,518,N,plants,*,*,*,*,辛夷,*,*
新月藻,7,7,518,N,plants,*,*,*,*,新月藻,*,*
相思木,7,7,518,N,plants,*,*,*,*,相思木,*,*
相思樹,7,7,518,N,plants,*,*,*,*,相思樹,*,*
香蒲,7,7,518,N,plants,*,*,*,*,香蒲,*,*
香茅,7,7,518,N,plants,*,*,*,*,香茅,*,*
香蓼,7,7,518,N,plants,*,*,*,*,香蓼,*,*
香菇,7,7,518,N,plants,*,*,*,*,香菇,*,*
香瓜,7,7,518,N,plants,*,*,*,*,香瓜,*,*
香蕉,7,7,518,N,plants,*,*,*,*,香蕉,*,*
香樟,7,7,518,N,plants,*,*,*,*,香樟,*,*
香橙,7,7,518,N,plants,*,*,*,*,香橙,*,*
香椿,7,7,518,N,plants,*,*,*,*,香椿,*,*
香水花,7,7,518,N,plants,*,*,*,*,香水花,*,*
香薷,7,7,518,N,plants,*,*,*,*,香薷,*,*
響楊,7,7,518,N,plants,*,*,*,*,響楊,*,*
向日葵,7,7,518,N,plants,*,*,*,*,向日葵,*,*
象牙木,7,7,518,N,plants,*,*,*,*,象牙木,*,*
橡斗,7,7,518,N,plants,*,*,*,*,橡斗,*,*
橡膠樹,7,7,518,N,plants,*,*,*,*,橡膠樹,*,*
橡樹,7,7,518,N,plants,*,*,*,*,橡樹,*,*
猩猩木,7,7,518,N,plants,*,*,*,*,猩猩木,*,*
猩猩草,7,7,518,N,plants,*,*,*,*,猩猩草,*,*
行唐,7,7,518,N,plants,*,*,*,*,行唐,*,*
杏,7,7,518,N,plants,*,*,*,*,杏,*,*
杏梅,7,7,518,N,plants,*,*,*,*,杏梅,*,*
藚,7,7,518,N,plants,*,*,*,*,藚,*,*
續斷,7,7,518,N,plants,*,*,*,*,續斷,*,*
續隨子,7,7,518,N,plants,*,*,*,*,續隨子,*,*
雪梨,7,7,518,N,plants,*,*,*,*,雪梨,*,*
雪裡蕻,7,7,518,N,plants,*,*,*,*,雪裡蕻,*,*
雪柳,7,7,518,N,plants,*,*,*,*,雪柳,*,*
雪蓮,7,7,518,N,plants,*,*,*,*,雪蓮,*,*
萱,7,7,518,N,plants,*,*,*,*,萱,*,*
萱草,7,7,518,N,plants,*,*,*,*,萱草,*,*
玄參,7,7,518,N,plants,*,*,*,*,玄參,*,*
懸鉤子,7,7,518,N,plants,*,*,*,*,懸鉤子,*,*
薰,7,7,518,N,plants,*,*,*,*,薰,*,*
薰草,7,7,518,N,plants,*,*,*,*,薰草,*,*
栒子木,7,7,518,N,plants,*,*,*,*,栒子木,*,*
蕁麻,7,7,518,N,plants,*,*,*,*,蕁麻,*,*
蕈樹,7,7,518,N,plants,*,*,*,*,蕈樹,*,*
芝,7,7,518,N,plants,*,*,*,*,芝,*,*
知風草,7,7,518,N,plants,*,*,*,*,知風草,*,*
蜘蛛抱蛋,7,7,518,N,plants,*,*,*,*,蜘蛛抱蛋,*,*
梔,7,7,518,N,plants,*,*,*,*,梔,*,*
梔子,7,7,518,N,plants,*,*,*,*,梔子,*,*
枳,7,7,518,N,plants,*,*,*,*,枳,*,*
紙草,7,7,518,N,plants,*,*,*,*,紙草,*,*
樝子,7,7,518,N,plants,*,*,*,*,樝子,*,*
柘,7,7,518,N,plants,*,*,*,*,柘,*,*
鷓鴣菜,7,7,518,N,plants,*,*,*,*,鷓鴣菜,*,*
昭和草,7,7,518,N,plants,*,*,*,*,昭和草,*,*
楨,7,7,518,N,plants,*,*,*,*,楨,*,*
榛,7,7,518,N,plants,*,*,*,*,榛,*,*
葴,7,7,518,N,plants,*,*,*,*,葴,*,*
樟,7,7,518,N,plants,*,*,*,*,樟,*,*
朱蕉,7,7,518,N,plants,*,*,*,*,朱蕉,*,*
朱槿,7,7,518,N,plants,*,*,*,*,朱槿,*,*
豬籠草,7,7,518,N,plants,*,*,*,*,豬籠草,*,*
櫧,7,7,518,N,plants,*,*,*,*,櫧,*,*
竹,7,7,518,N,plants,*,*,*,*,竹,*,*
竹節蓼,7,7,518,N,plants,*,*,*,*,竹節蓼,*,*
竹肉,7,7,518,N,plants,*,*,*,*,竹肉,*,*
竹芋,7,7,518,N,plants,*,*,*,*,竹芋,*,*
蓫,7,7,518,N,plants,*,*,*,*,蓫,*,*
苧麻,7,7,518,N,plants,*,*,*,*,苧麻,*,*
山丹,7,7,518,N,plants,*,*,*,*,山丹,*,*
蔠葵,7,7,518,N,plants,*,*,*,*,蔠葵,*,*
赤箭,7,7,518,N,plants,*,*,*,*,赤箭,*,*
赤松,7,7,518,N,plants,*,*,*,*,赤松,*,*
赤楊,7,7,518,N,plants,*,*,*,*,赤楊,*,*
茶,7,7,518,N,plants,*,*,*,*,茶,*,*
茶梅,7,7,518,N,plants,*,*,*,*,茶梅,*,*
茶菊,7,7,518,N,plants,*,*,*,*,茶菊,*,*
茶樹,7,7,518,N,plants,*,*,*,*,茶樹,*,*
車百合,7,7,518,N,plants,*,*,*,*,車百合,*,*
車前,7,7,518,N,plants,*,*,*,*,車前,*,*
車軸草,7,7,518,N,plants,*,*,*,*,車軸草,*,*
車桑仔,7,7,518,N,plants,*,*,*,*,車桑仔,*,*
車葉草,7,7,518,N,plants,*,*,*,*,車葉草,*,*
茈胡,7,7,518,N,plants,*,*,*,*,茈胡,*,*
柴胡,7,7,518,N,plants,*,*,*,*,柴胡,*,*
朝鮮薊,7,7,518,N,plants,*,*,*,*,朝鮮薊,*,*
臭椿,7,7,518,N,plants,*,*,*,*,臭椿,*,*
沉香,7,7,518,N,plants,*,*,*,*,沉香,*,*
梣,7,7,518,N,plants,*,*,*,*,梣,*,*
蔯,7,7,518,N,plants,*,*,*,*,蔯,*,*
櫬,7,7,518,N,plants,*,*,*,*,櫬,*,*
菖蒲蓮,7,7,518,N,plants,*,*,*,*,菖蒲蓮,*,*
菖蘭,7,7,518,N,plants,*,*,*,*,菖蘭,*,*
長豇豆,7,7,518,N,plants,*,*,*,*,長豇豆,*,*
長梗滿天星,7,7,518,N,plants,*,*,*,*,長梗滿天星,*,*
長春花,7,7,518,N,plants,*,*,*,*,長春花,*,*
常山,7,7,518,N,plants,*,*,*,*,常山,*,*
檉柳,7,7,518,N,plants,*,*,*,*,檉柳,*,*
橙,7,7,518,N,plants,*,*,*,*,橙,*,*
橙紅美人蕉,7,7,518,N,plants,*,*,*,*,橙紅美人蕉,*,*
雛菊,7,7,518,N,plants,*,*,*,*,雛菊,*,*
除蟲菊,7,7,518,N,plants,*,*,*,*,除蟲菊,*,*
楮,7,7,518,N,plants,*,*,*,*,楮,*,*
楚,7,7,518,N,plants,*,*,*,*,楚,*,*
川穀,7,7,518,N,plants,*,*,*,*,川穀,*,*
杶,7,7,518,N,plants,*,*,*,*,杶,*,*
春蘭,7,7,518,N,plants,*,*,*,*,春蘭,*,*
椿,7,7,518,N,plants,*,*,*,*,椿,*,*
蓴,7,7,518,N,plants,*,*,*,*,蓴,*,*
茺蔚,7,7,518,N,plants,*,*,*,*,茺蔚,*,*
重陽木,7,7,518,N,plants,*,*,*,*,重陽木,*,*
葹,7,7,518,N,plants,*,*,*,*,葹,*,*
蒒,7,7,518,N,plants,*,*,*,*,蒒,*,*
蓍,7,7,518,N,plants,*,*,*,*,蓍,*,*
十姊妹,7,7,244,N,plants,*,*,*,*,十姊妹,*,*
石頭草,7,7,518,N,plants,*,*,*,*,石頭草,*,*
石南,7,7,518,N,plants,*,*,*,*,石南,*,*
石蘭,7,7,518,N,plants,*,*,*,*,石蘭,*,*
石榴,7,7,518,N,plants,*,*,*,*,石榴,*,*
石蓮,7,7,518,N,plants,*,*,*,*,石蓮,*,*
石胡荽,7,7,518,N,plants,*,*,*,*,石胡荽,*,*
石斛,7,7,518,N,plants,*,*,*,*,石斛,*,*
石斛蘭,7,7,518,N,plants,*,*,*,*,石斛蘭,*,*
石花菜,7,7,518,N,plants,*,*,*,*,石花菜,*,*
石竹,7,7,518,N,plants,*,*,*,*,石竹,*,*
石菖蒲,7,7,518,N,plants,*,*,*,*,石菖蒲,*,*
石蕊,7,7,518,N,plants,*,*,*,*,石蕊,*,*
石蠶,7,7,518,N,plants,*,*,*,*,石蠶,*,*
石蒜,7,7,518,N,plants,*,*,*,*,石蒜,*,*
石松,7,7,518,N,plants,*,*,*,*,石松,*,*
石韋,7,7,518,N,plants,*,*,*,*,石韋,*,*
食茱萸,7,7,518,N,plants,*,*,*,*,食茱萸,*,*
食用蠟燭木,7,7,518,N,plants,*,*,*,*,食用蠟燭木,*,*
蒔蘿,7,7,518,N,plants,*,*,*,*,蒔蘿,*,*
使君子,7,7,518,N,plants,*,*,*,*,使君子,*,*
矢車菊,7,7,518,N,plants,*,*,*,*,矢車菊,*,*
柿,7,7,518,N,plants,*,*,*,*,柿,*,*
沙參,7,7,518,N,plants,*,*,*,*,沙參,*,*
沙棗,7,7,518,N,plants,*,*,*,*,沙棗,*,*
蔱蘠,7,7,518,N,plants,*,*,*,*,蔱蘠,*,*
蛇苺,7,7,518,N,plants,*,*,*,*,蛇苺,*,*
欇,7,7,518,N,plants,*,*,*,*,欇,*,*
芍藥,7,7,518,N,plants,*,*,*,*,芍藥,*,*
壽丹,7,7,518,N,plants,*,*,*,*,壽丹,*,*
山萆薢,7,7,518,N,plants,*,*,*,*,山萆薢,*,*
山扁豆,7,7,518,N,plants,*,*,*,*,山扁豆,*,*
山葡萄,7,7,518,N,plants,*,*,*,*,山葡萄,*,*
山馬蝗,7,7,518,N,plants,*,*,*,*,山馬蝗,*,*
山毛櫸,7,7,518,N,plants,*,*,*,*,山毛櫸,*,*
山礬,7,7,518,N,plants,*,*,*,*,山礬,*,*
山粉圓,7,7,518,N,plants,*,*,*,*,山粉圓,*,*
山芙蓉,7,7,518,N,plants,*,*,*,*,山芙蓉,*,*
山豆根,7,7,518,N,plants,*,*,*,*,山豆根,*,*
山桐子,7,7,518,N,plants,*,*,*,*,山桐子,*,*
山裡紅,7,7,518,N,plants,*,*,*,*,山裡紅,*,*
山核桃,7,7,518,N,plants,*,*,*,*,山核桃,*,*
山躑躅,7,7,518,N,plants,*,*,*,*,山躑躅,*,*
山楂,7,7,518,N,plants,*,*,*,*,山楂,*,*
山茱萸,7,7,518,N,plants,*,*,*,*,山茱萸,*,*
山茶,7,7,518,N,plants,*,*,*,*,山茶,*,*
山蘇,7,7,518,N,plants,*,*,*,*,山蘇,*,*
山藥,7,7,518,N,plants,*,*,*,*,山藥,*,*
山鹽青,7,7,518,N,plants,*,*,*,*,山鹽青,*,*
山櫻桃,7,7,518,N,plants,*,*,*,*,山櫻桃,*,*
杉,7,7,518,N,plants,*,*,*,*,杉,*,*
杉木,7,7,518,N,plants,*,*,*,*,杉木,*,*
珊瑚樹,7,7,518,N,plants,*,*,*,*,珊瑚樹,*,*
珊瑚菜,7,7,518,N,plants,*,*,*,*,珊瑚菜,*,*
扇葉蒲葵,7,7,518,N,plants,*,*,*,*,扇葉蒲葵,*,*
蔏藋,7,7,518,N,plants,*,*,*,*,蔏藋,*,*
蔏蔞,7,7,518,N,plants,*,*,*,*,蔏蔞,*,*
聖誕百合,7,7,518,N,plants,*,*,*,*,聖誕百合,*,*
樗,7,7,518,N,plants,*,*,*,*,樗,*,*
薯莨,7,7,518,N,plants,*,*,*,*,薯莨,*,*
黍,7,7,518,N,plants,*,*,*,*,黍,*,*
黍子,7,7,518,N,plants,*,*,*,*,黍子,*,*
蜀葵,7,7,518,N,plants,*,*,*,*,蜀葵,*,*
蜀黍,7,7,518,N,plants,*,*,*,*,蜀黍,*,*
鼠麴草,7,7,518,N,plants,*,*,*,*,鼠麴草,*,*
樹杞,7,7,518,N,plants,*,*,*,*,樹杞,*,*
樹薯,7,7,518,N,plants,*,*,*,*,樹薯,*,*
水稗,7,7,518,N,plants,*,*,*,*,水稗,*,*
水筆子,7,7,518,N,plants,*,*,*,*,水筆子,*,*
水筆仔,7,7,518,N,plants,*,*,*,*,水筆仔,*,*
水麻,7,7,518,N,plants,*,*,*,*,水麻,*,*
水稻,7,7,518,N,plants,*,*,*,*,水稻,*,*
水丁香,7,7,518,N,plants,*,*,*,*,水丁香,*,*
水蠟樹,7,7,518,N,plants,*,*,*,*,水蠟樹,*,*
水蓼,7,7,518,N,plants,*,*,*,*,水蓼,*,*
水龍,7,7,518,N,plants,*,*,*,*,水龍,*,*
水黃皮,7,7,518,N,plants,*,*,*,*,水黃皮,*,*
水韭,7,7,518,N,plants,*,*,*,*,水韭,*,*
水蕨,7,7,518,N,plants,*,*,*,*,水蕨,*,*
水芹,7,7,518,N,plants,*,*,*,*,水芹,*,*
水仙,7,7,518,N,plants,*,*,*,*,水仙,*,*
水車前,7,7,518,N,plants,*,*,*,*,水車前,*,*
水篩,7,7,518,N,plants,*,*,*,*,水篩,*,*
水杉,7,7,518,N,plants,*,*,*,*,水杉,*,*
水藻,7,7,518,N,plants,*,*,*,*,水藻,*,*
水蔥,7,7,518,N,plants,*,*,*,*,水蔥,*,*
水楊,7,7,518,N,plants,*,*,*,*,水楊,*,*
睡蓮,7,7,518,N,plants,*,*,*,*,睡蓮,*,*
栓皮櫟,7,7,518,N,plants,*,*,*,*,栓皮櫟,*,*
蕣,7,7,518,N,plants,*,*,*,*,蕣,*,*
蕘花,7,7,518,N,plants,*,*,*,*,蕘花,*,*
肉豆蔻,7,7,518,N,plants,*,*,*,*,肉豆蔻,*,*
肉桂,7,7,518,N,plants,*,*,*,*,肉桂,*,*
肉蓯蓉,7,7,518,N,plants,*,*,*,*,肉蓯蓉,*,*
人心果,7,7,518,N,plants,*,*,*,*,人心果,*,*
人參,7,7,518,N,plants,*,*,*,*,人參,*,*
忍冬,7,7,518,N,plants,*,*,*,*,忍冬,*,*
荏,7,7,518,N,plants,*,*,*,*,荏,*,*
蘘荷,7,7,518,N,plants,*,*,*,*,蘘荷,*,*
乳香,7,7,518,N,plants,*,*,*,*,乳香,*,*
乳樹,7,7,518,N,plants,*,*,*,*,乳樹,*,*
篛竹,7,7,518,N,plants,*,*,*,*,篛竹,*,*
瑞香,7,7,518,N,plants,*,*,*,*,瑞香,*,*
軟枝黃蟬,7,7,518,N,plants,*,*,*,*,軟枝黃蟬,*,*
榕,7,7,518,N,plants,*,*,*,*,榕,*,*
子囊菌,7,7,518,N,plants,*,*,*,*,子囊菌,*,*
茈,7,7,518,N,plants,*,*,*,*,茈,*,*
紫背草,7,7,518,N,plants,*,*,*,*,紫背草,*,*
紫茉莉,7,7,518,N,plants,*,*,*,*,紫茉莉,*,*
紫丁香,7,7,518,N,plants,*,*,*,*,紫丁香,*,*
紫檀,7,7,518,N,plants,*,*,*,*,紫檀,*,*
紫藤,7,7,518,N,plants,*,*,*,*,紫藤,*,*
紫羅蘭,7,7,518,N,plants,*,*,*,*,紫羅蘭,*,*
紫葛,7,7,518,N,plants,*,*,*,*,紫葛,*,*
紫河車,7,7,518,N,plants,*,*,*,*,紫河車,*,*
紫花地丁,7,7,518,N,plants,*,*,*,*,紫花地丁,*,*
紫金牛,7,7,518,N,plants,*,*,*,*,紫金牛,*,*
紫菫,7,7,518,N,plants,*,*,*,*,紫菫,*,*
紫荊,7,7,518,N,plants,*,*,*,*,紫荊,*,*
紫芝,7,7,518,N,plants,*,*,*,*,紫芝,*,*
紫珠,7,7,518,N,plants,*,*,*,*,紫珠,*,*
紫竹,7,7,518,N,plants,*,*,*,*,紫竹,*,*
紫杉,7,7,518,N,plants,*,*,*,*,紫杉,*,*
紫菜,7,7,518,N,plants,*,*,*,*,紫菜,*,*
紫草,7,7,518,N,plants,*,*,*,*,紫草,*,*
紫蘇,7,7,518,N,plants,*,*,*,*,紫蘇,*,*
紫葳,7,7,518,N,plants,*,*,*,*,紫葳,*,*
紫薇,7,7,518,N,plants,*,*,*,*,紫薇,*,*
紫菀,7,7,518,N,plants,*,*,*,*,紫菀,*,*
紫雲英,7,7,518,N,plants,*,*,*,*,紫雲英,*,*
梓,7,7,518,N,plants,*,*,*,*,梓,*,*
萴,7,7,518,N,plants,*,*,*,*,萴,*,*
澤蘭,7,7,518,N,plants,*,*,*,*,澤蘭,*,*
澤瀉,7,7,518,N,plants,*,*,*,*,澤瀉,*,*
棗,7,7,518,N,plants,*,*,*,*,棗,*,*
皂莢,7,7,518,N,plants,*,*,*,*,皂莢,*,*
藏紅花,7,7,518,N,plants,*,*,*,*,藏紅花,*,*
柞,7,7,518,N,plants,*,*,*,*,柞,*,*
柞樹,7,7,518,N,plants,*,*,*,*,柞樹,*,*
棕櫚,7,7,518,N,plants,*,*,*,*,棕櫚,*,*
茨藻,7,7,518,N,plants,*,*,*,*,茨藻,*,*
慈姑,7,7,518,N,plants,*,*,*,*,慈姑,*,*
慈竹,7,7,518,N,plants,*,*,*,*,慈竹,*,*
刺柏,7,7,518,N,plants,*,*,*,*,刺柏,*,*
刺桐,7,7,518,N,plants,*,*,*,*,刺桐,*,*
刺柑,7,7,518,N,plants,*,*,*,*,刺柑,*,*
刺槐,7,7,518,N,plants,*,*,*,*,刺槐,*,*
刺楸,7,7,518,N,plants,*,*,*,*,刺楸,*,*
側柏,7,7,518,N,plants,*,*,*,*,側柏,*,*
彩葉草,7,7,518,N,plants,*,*,*,*,彩葉草,*,*
彩葉芋,7,7,518,N,plants,*,*,*,*,彩葉芋,*,*
菜豆,7,7,518,N,plants,*,*,*,*,菜豆,*,*
糙葉樹,7,7,518,N,plants,*,*,*,*,糙葉樹,*,*
草莓,7,7,518,N,plants,*,*,*,*,草莓,*,*
草棉,7,7,518,N,plants,*,*,*,*,草棉,*,*
草木樨,7,7,518,N,plants,*,*,*,*,草木樨,*,*
草藤,7,7,518,N,plants,*,*,*,*,草藤,*,*
草蘭,7,7,518,N,plants,*,*,*,*,草蘭,*,*
草菇,7,7,518,N,plants,*,*,*,*,草菇,*,*
草石蠶,7,7,518,N,plants,*,*,*,*,草石蠶,*,*
草烏,7,7,518,N,plants,*,*,*,*,草烏,*,*
蠶豆,7,7,518,N,plants,*,*,*,*,蠶豆,*,*
蒼朮,7,7,518,N,plants,*,*,*,*,蒼朮,*,*
粗肋草,7,7,518,N,plants,*,*,*,*,粗肋草,*,*
槭葉止血草,7,7,518,N,plants,*,*,*,*,槭葉止血草,*,*
酢漿草,7,7,518,N,plants,*,*,*,*,酢漿草,*,*
醋栗,7,7,518,N,plants,*,*,*,*,醋栗,*,*
翠菊,7,7,518,N,plants,*,*,*,*,翠菊,*,*
蔥,7,7,518,N,plants,*,*,*,*,蔥,*,*
蔥蘭,7,7,518,N,plants,*,*,*,*,蔥蘭,*,*
樅,7,7,518,N,plants,*,*,*,*,樅,*,*
絲瓜,7,7,518,N,plants,*,*,*,*,絲瓜,*,*
四季海棠,7,7,244,N,plants,*,*,*,*,四季海棠,*,*
四照花,7,7,244,N,plants,*,*,*,*,四照花,*,*
掃帚,7,7,518,N,plants,*,*,*,*,掃帚,*,*
三白草,7,7,244,N,plants,*,*,*,*,三白草,*,*
三角楓,7,7,244,N,plants,*,*,*,*,三角楓,*,*
三七,7,7,244,N,plants,*,*,*,*,三七,*,*
三色菫,7,7,244,N,plants,*,*,*,*,三色菫,*,*
桑,7,7,518,N,plants,*,*,*,*,桑,*,*
桑樹,7,7,518,N,plants,*,*,*,*,桑樹,*,*
蘇,7,7,518,N,plants,*,*,*,*,蘇,*,*
蘇木,7,7,518,N,plants,*,*,*,*,蘇木,*,*
蘇鐵,7,7,518,N,plants,*,*,*,*,蘇鐵,*,*
蘇合香,7,7,518,N,plants,*,*,*,*,蘇合香,*,*
素心蘭,7,7,518,N,plants,*,*,*,*,素心蘭,*,*
素馨,7,7,518,N,plants,*,*,*,*,素馨,*,*
縮砂蔤,7,7,518,N,plants,*,*,*,*,縮砂蔤,*,*
粟,7,7,518,N,plants,*,*,*,*,粟,*,*
粟米草,7,7,518,N,plants,*,*,*,*,粟米草,*,*
娑羅樹,7,7,518,N,plants,*,*,*,*,娑羅樹,*,*
桫欏,7,7,518,N,plants,*,*,*,*,桫欏,*,*
莎草,7,7,518,N,plants,*,*,*,*,莎草,*,*
梭梭,7,7,518,N,plants,*,*,*,*,梭梭,*,*
嗩吶草,7,7,518,N,plants,*,*,*,*,嗩吶草,*,*
鎖陽,7,7,518,N,plants,*,*,*,*,鎖陽,*,*
檖,7,7,518,N,plants,*,*,*,*,檖,*,*
酸模,7,7,518,N,plants,*,*,*,*,酸模,*,*
酸藤,7,7,518,N,plants,*,*,*,*,酸藤,*,*
酸漿,7,7,518,N,plants,*,*,*,*,酸漿,*,*
酸棗,7,7,518,N,plants,*,*,*,*,酸棗,*,*
蒜,7,7,518,N,plants,*,*,*,*,蒜,*,*
松露,7,7,518,N,plants,*,*,*,*,松露,*,*
松蘿,7,7,518,N,plants,*,*,*,*,松蘿,*,*
松蕈,7,7,518,N,plants,*,*,*,*,松蕈,*,*
松葉牡丹,7,7,518,N,plants,*,*,*,*,松葉牡丹,*,*
松葉蕨,7,7,518,N,plants,*,*,*,*,松葉蕨,*,*
菘,7,7,518,N,plants,*,*,*,*,菘,*,*
菘菜,7,7,518,N,plants,*,*,*,*,菘菜,*,*
阿勃勒,7,7,518,N,plants,*,*,*,*,阿勃勒,*,*
阿拉伯膠樹,7,7,518,N,plants,*,*,*,*,阿拉伯膠樹,*,*
阿仙藥,7,7,518,N,plants,*,*,*,*,阿仙藥,*,*
阿月渾子,7,7,518,N,plants,*,*,*,*,阿月渾子,*,*
阿魏,7,7,518,N,plants,*,*,*,*,阿魏,*,*
莪,7,7,518,N,plants,*,*,*,*,莪,*,*
莪蒿,7,7,518,N,plants,*,*,*,*,莪蒿,*,*
鵝梨,7,7,518,N,plants,*,*,*,*,鵝梨,*,*
鵝觀草,7,7,518,N,plants,*,*,*,*,鵝觀草,*,*
鵝掌草,7,7,518,N,plants,*,*,*,*,鵝掌草,*,*
艾納香,7,7,518,N,plants,*,*,*,*,艾納香,*,*
艾草,7,7,518,N,plants,*,*,*,*,艾草,*,*
愛玉,7,7,518,N,plants,*,*,*,*,愛玉,*,*
歐李,7,7,518,N,plants,*,*,*,*,歐李,*,*
蓲,7,7,518,N,plants,*,*,*,*,蓲,*,*
安息香樹,7,7,518,N,plants,*,*,*,*,安息香樹,*,*
桉,7,7,518,N,plants,*,*,*,*,桉,*,*
兒茶,7,7,518,N,plants,*,*,*,*,兒茶,*,*
樲,7,7,518,N,plants,*,*,*,*,樲,*,*
一串紅,7,7,244,N,plants,*,*,*,*,一串紅,*,*
一葉蘭,7,7,244,N,plants,*,*,*,*,一葉蘭,*,*
椅,7,7,518,N,plants,*,*,*,*,椅,*,*
薏仁,7,7,518,N,plants,*,*,*,*,薏仁,*,*
薏苡,7,7,518,N,plants,*,*,*,*,薏苡,*,*
鴉膽子,7,7,518,N,plants,*,*,*,*,鴉膽子,*,*
鴨跖草,7,7,518,N,plants,*,*,*,*,鴨跖草,*,*
鴨舌草,7,7,518,N,plants,*,*,*,*,鴨舌草,*,*
鴨兒芹,7,7,518,N,plants,*,*,*,*,鴨兒芹,*,*
亞麻,7,7,518,N,plants,*,*,*,*,亞麻,*,*
椰子,7,7,518,N,plants,*,*,*,*,椰子,*,*
野百合,7,7,518,N,plants,*,*,*,*,野百合,*,*
野毛扁豆,7,7,518,N,plants,*,*,*,*,野毛扁豆,*,*
野牡丹,7,7,518,N,plants,*,*,*,*,野牡丹,*,*
野菰,7,7,518,N,plants,*,*,*,*,野菰,*,*
野薑花,7,7,518,N,plants,*,*,*,*,野薑花,*,*
野菊,7,7,518,N,plants,*,*,*,*,野菊,*,*
野決明,7,7,518,N,plants,*,*,*,*,野決明,*,*
野薔薇,7,7,518,N,plants,*,*,*,*,野薔薇,*,*
野莧菜,7,7,518,N,plants,*,*,*,*,野莧菜,*,*
野芝麻,7,7,518,N,plants,*,*,*,*,野芝麻,*,*
野茨菰,7,7,518,N,plants,*,*,*,*,野茨菰,*,*
野豌豆,7,7,518,N,plants,*,*,*,*,野豌豆,*,*
野芋,7,7,518,N,plants,*,*,*,*,野芋,*,*
夜來香,7,7,518,N,plants,*,*,*,*,夜來香,*,*
夜合花,7,7,518,N,plants,*,*,*,*,夜合花,*,*
射干,7,7,518,N,plants,*,*,*,*,射干,*,*
葉甜菜,7,7,518,N,plants,*,*,*,*,葉甜菜,*,*
葉下珠,7,7,518,N,plants,*,*,*,*,葉下珠,*,*
葽,7,7,518,N,plants,*,*,*,*,葽,*,*
腰果,7,7,518,N,plants,*,*,*,*,腰果,*,*
搖車,7,7,518,N,plants,*,*,*,*,搖車,*,*
咬人狗,7,7,518,N,plants,*,*,*,*,咬人狗,*,*
優曇華,7,7,518,N,plants,*,*,*,*,優曇華,*,*
由跋,7,7,518,N,plants,*,*,*,*,由跋,*,*
油點草,7,7,518,N,plants,*,*,*,*,油點草,*,*
油桐,7,7,518,N,plants,*,*,*,*,油桐,*,*
油柑,7,7,518,N,plants,*,*,*,*,油柑,*,*
油加利,7,7,518,N,plants,*,*,*,*,油加利,*,*
油茶,7,7,518,N,plants,*,*,*,*,油茶,*,*
油柿,7,7,518,N,plants,*,*,*,*,油柿,*,*
油杉,7,7,518,N,plants,*,*,*,*,油杉,*,*
油棕,7,7,518,N,plants,*,*,*,*,油棕,*,*
油菜,7,7,518,N,plants,*,*,*,*,油菜,*,*
油松,7,7,518,N,plants,*,*,*,*,油松,*,*
蚰蜒草,7,7,518,N,plants,*,*,*,*,蚰蜒草,*,*
游龍,7,7,518,N,plants,*,*,*,*,游龍,*,*
楢,7,7,518,N,plants,*,*,*,*,楢,*,*
蕕,7,7,518,N,plants,*,*,*,*,蕕,*,*
柚,7,7,518,N,plants,*,*,*,*,柚,*,*
柚木,7,7,518,N,plants,*,*,*,*,柚木,*,*
菸,7,7,518,N,plants,*,*,*,*,菸,*,*
菸草,7,7,518,N,plants,*,*,*,*,菸草,*,*
沿階草,7,7,518,N,plants,*,*,*,*,沿階草,*,*
延命菊,7,7,518,N,plants,*,*,*,*,延命菊,*,*
偃松,7,7,518,N,plants,*,*,*,*,偃松,*,*
眼蟲,7,7,518,N,plants,*,*,*,*,眼蟲,*,*
眼子菜,7,7,518,N,plants,*,*,*,*,眼子菜,*,*
𣝓,7,7,213,N,plants,*,*,*,*,𣝓,*,*
雁皮,7,7,518,N,plants,*,*,*,*,雁皮,*,*
雁來紅,7,7,518,N,plants,*,*,*,*,雁來紅,*,*
燕麥,7,7,518,N,plants,*,*,*,*,燕麥,*,*
茵陳,7,7,518,N,plants,*,*,*,*,茵陳,*,*
茵芋,7,7,518,N,plants,*,*,*,*,茵芋,*,*
銀白楊,7,7,518,N,plants,*,*,*,*,銀白楊,*,*
銀苗,7,7,518,N,plants,*,*,*,*,銀苗,*,*
銀線草,7,7,518,N,plants,*,*,*,*,銀線草,*,*
銀杏,7,7,518,N,plants,*,*,*,*,銀杏,*,*
淫羊藿,7,7,518,N,plants,*,*,*,*,淫羊藿,*,*
印度大麻草,7,7,518,N,plants,*,*,*,*,印度大麻草,*,*
印度黃檀,7,7,518,N,plants,*,*,*,*,印度黃檀,*,*
印度橡膠樹,7,7,518,N,plants,*,*,*,*,印度橡膠樹,*,*
羊帶來,7,7,518,N,plants,*,*,*,*,羊帶來,*,*
羊蹄,7,7,518,N,plants,*,*,*,*,羊蹄,*,*
羊蹄甲,7,7,518,N,plants,*,*,*,*,羊蹄甲,*,*
羊栖菜,7,7,518,N,plants,*,*,*,*,羊栖菜,*,*
羊躑躅,7,7,518,N,plants,*,*,*,*,羊躑躅,*,*
羊齒,7,7,518,N,plants,*,*,*,*,羊齒,*,*
羊乳,7,7,518,N,plants,*,*,*,*,羊乳,*,*
洋麻,7,7,518,N,plants,*,*,*,*,洋麻,*,*
洋橄欖,7,7,518,N,plants,*,*,*,*,洋橄欖,*,*
洋菇,7,7,518,N,plants,*,*,*,*,洋菇,*,*
洋繡球,7,7,518,N,plants,*,*,*,*,洋繡球,*,*
洋商陸,7,7,518,N,plants,*,*,*,*,洋商陸,*,*
洋蔥,7,7,518,N,plants,*,*,*,*,洋蔥,*,*
洋玉蘭,7,7,518,N,plants,*,*,*,*,洋玉蘭,*,*
楊梅,7,7,518,N,plants,*,*,*,*,楊梅,*,*
楊桃,7,7,518,N,plants,*,*,*,*,楊桃,*,*
罌子桐,7,7,518,N,plants,*,*,*,*,罌子桐,*,*
罌粟,7,7,518,N,plants,*,*,*,*,罌粟,*,*
瓔珞木,7,7,518,N,plants,*,*,*,*,瓔珞木,*,*
櫻,7,7,518,N,plants,*,*,*,*,櫻,*,*
櫻桃,7,7,518,N,plants,*,*,*,*,櫻桃,*,*
櫻花,7,7,518,N,plants,*,*,*,*,櫻花,*,*
櫻草,7,7,518,N,plants,*,*,*,*,櫻草,*,*
蘡薁,7,7,518,N,plants,*,*,*,*,蘡薁,*,*
迎春花,7,7,518,N,plants,*,*,*,*,迎春花,*,*
烏麥,7,7,518,N,plants,*,*,*,*,烏麥,*,*
烏毛蕨,7,7,518,N,plants,*,*,*,*,烏毛蕨,*,*
烏木,7,7,518,N,plants,*,*,*,*,烏木,*,*
烏頭,7,7,518,N,plants,*,*,*,*,烏頭,*,*
烏拉草,7,7,518,N,plants,*,*,*,*,烏拉草,*,*
烏臼,7,7,518,N,plants,*,*,*,*,烏臼,*,*
烏心石,7,7,518,N,plants,*,*,*,*,烏心石,*,*
烏竹,7,7,518,N,plants,*,*,*,*,烏竹,*,*
烏藥,7,7,518,N,plants,*,*,*,*,烏藥,*,*
梧桐,7,7,518,N,plants,*,*,*,*,梧桐,*,*
莁,7,7,518,N,plants,*,*,*,*,莁,*,*
吳茱萸,7,7,518,N,plants,*,*,*,*,吳茱萸,*,*
蜈蚣珊瑚,7,7,518,N,plants,*,*,*,*,蜈蚣珊瑚,*,*
蜈蚣草,7,7,518,N,plants,*,*,*,*,蜈蚣草,*,*
無花果,7,7,518,N,plants,*,*,*,*,無花果,*,*
無患子,7,7,518,N,plants,*,*,*,*,無患子,*,*
蕪菁,7,7,518,N,plants,*,*,*,*,蕪菁,*,*
五加,7,7,244,N,plants,*,*,*,*,五加,*,*
五味子,7,7,244,N,plants,*,*,*,*,五味子,*,*
勿忘草,7,7,518,N,plants,*,*,*,*,勿忘草,*,*
瓦松,7,7,518,N,plants,*,*,*,*,瓦松,*,*
萵苣,7,7,518,N,plants,*,*,*,*,萵苣,*,*
渥丹,7,7,518,N,plants,*,*,*,*,渥丹,*,*
薇,7,7,518,N,plants,*,*,*,*,薇,*,*
萎蕤,7,7,518,N,plants,*,*,*,*,萎蕤,*,*
蔚,7,7,518,N,plants,*,*,*,*,蔚,*,*
衛矛,7,7,518,N,plants,*,*,*,*,衛矛,*,*
豌豆,7,7,518,N,plants,*,*,*,*,豌豆,*,*
芄蘭,7,7,518,N,plants,*,*,*,*,芄蘭,*,*
菀,7,7,518,N,plants,*,*,*,*,菀,*,*
晚香玉,7,7,518,N,plants,*,*,*,*,晚香玉,*,*
萬年青,7,7,518,N,plants,*,*,*,*,萬年青,*,*
萬壽菊,7,7,518,N,plants,*,*,*,*,萬壽菊,*,*
文旦,7,7,518,N,plants,*,*,*,*,文旦,*,*
文官果,7,7,518,N,plants,*,*,*,*,文官果,*,*
文珠蘭,7,7,518,N,plants,*,*,*,*,文珠蘭,*,*
文竹,7,7,518,N,plants,*,*,*,*,文竹,*,*
問荊,7,7,518,N,plants,*,*,*,*,問荊,*,*
王蓮,7,7,518,N,plants,*,*,*,*,王蓮,*,*
王瓜,7,7,518,N,plants,*,*,*,*,王瓜,*,*
王孫,7,7,518,N,plants,*,*,*,*,王孫,*,*
網水綿,7,7,518,N,plants,*,*,*,*,網水綿,*,*
網傘菌,7,7,518,N,plants,*,*,*,*,網傘菌,*,*
榆,7,7,518,N,plants,*,*,*,*,榆,*,*
榆樹,7,7,518,N,plants,*,*,*,*,榆樹,*,*
榆葉梅,7,7,518,N,plants,*,*,*,*,榆葉梅,*,*
魚木,7,7,518,N,plants,*,*,*,*,魚木,*,*
魚藤,7,7,518,N,plants,*,*,*,*,魚藤,*,*
魚鱗松,7,7,518,N,plants,*,*,*,*,魚鱗松,*,*
羽扇豆,7,7,518,N,plants,*,*,*,*,羽扇豆,*,*
禹餘糧,7,7,518,N,plants,*,*,*,*,禹餘糧,*,*
玉柏,7,7,518,N,plants,*,*,*,*,玉柏,*,*
玉蘭,7,7,518,N,plants,*,*,*,*,玉蘭,*,*
玉簾,7,7,518,N,plants,*,*,*,*,玉簾,*,*
玉蟬花,7,7,518,N,plants,*,*,*,*,玉蟬花,*,*
玉蜀黍,7,7,518,N,plants,*,*,*,*,玉蜀黍,*,*
玉蕊,7,7,518,N,plants,*,*,*,*,玉蕊,*,*
玉簪,7,7,518,N,plants,*,*,*,*,玉簪,*,*
玉葉金花,7,7,518,N,plants,*,*,*,*,玉葉金花,*,*
芋,7,7,518,N,plants,*,*,*,*,芋,*,*
郁李,7,7,518,N,plants,*,*,*,*,郁李,*,*
棫,7,7,518,N,plants,*,*,*,*,棫,*,*
薁,7,7,518,N,plants,*,*,*,*,薁,*,*
鬱金,7,7,518,N,plants,*,*,*,*,鬱金,*,*
鬱金香,7,7,518,N,plants,*,*,*,*,鬱金香,*,*
月桃,7,7,518,N,plants,*,*,*,*,月桃,*,*
月桂,7,7,518,N,plants,*,*,*,*,月桂,*,*
月桂樹,7,7,518,N,plants,*,*,*,*,月桂樹,*,*
月光花,7,7,518,N,plants,*,*,*,*,月光花,*,*
月季,7,7,518,N,plants,*,*,*,*,月季,*,*
越瓜,7,7,518,N,plants,*,*,*,*,越瓜,*,*
越橘,7,7,518,N,plants,*,*,*,*,越橘,*,*
鳶尾,7,7,518,N,plants,*,*,*,*,鳶尾,*,*
杬,7,7,518,N,plants,*,*,*,*,杬,*,*
芫花,7,7,518,N,plants,*,*,*,*,芫花,*,*
櫞,7,7,518,N,plants,*,*,*,*,櫞,*,*
遠志,7,7,518,N,plants,*,*,*,*,遠志,*,*
蒕,7,7,518,N,plants,*,*,*,*,蒕,*,*
芸香,7,7,518,N,plants,*,*,*,*,芸香,*,*
雲南黃馨,7,7,518,N,plants,*,*,*,*,雲南黃馨,*,*
雲芝,7,7,518,N,plants,*,*,*,*,雲芝,*,*
雲實,7,7,518,N,plants,*,*,*,*,雲實,*,*
雲杉,7,7,518,N,plants,*,*,*,*,雲杉,*,*
蕹,7,7,518,N,plants,*,*,*,*,蕹,*,*
蕹菜,7,7,518,N,plants,*,*,*,*,蕹菜,*,*
