八思巴,5,5,244,N,peoplename,*,*,*,*,八思巴,*,*
巴波亞,5,5,518,N,peoplename,*,*,*,*,巴波亞,*,*
巴貝基,5,5,518,N,peoplename,*,*,*,*,巴貝基,*,*
巴米加尼諾,5,5,518,N,peoplename,*,*,*,*,巴米加尼諾,*,*
巴夫洛夫,5,5,518,N,peoplename,*,*,*,*,巴夫洛夫,*,*
巴多尼,5,5,518,N,peoplename,*,*,*,*,巴多尼,*,*
巴頓,5,5,518,N,peoplename,*,*,*,*,巴頓,*,*
巴勒特,5,5,518,N,peoplename,*,*,*,*,巴勒特,*,*
巴勒維,5,5,518,N,peoplename,*,*,*,*,巴勒維,*,*
巴雷利,5,5,518,N,peoplename,*,*,*,*,巴雷利,*,*
巴蕾,5,5,518,N,peoplename,*,*,*,*,巴蕾,*,*
巴里斯,5,5,518,N,peoplename,*,*,*,*,巴里斯,*,*
巴利,5,5,518,N,peoplename,*,*,*,*,巴利,*,*
巴哈,5,5,518,N,peoplename,*,*,*,*,巴哈,*,*
巴赫,5,5,518,N,peoplename,*,*,*,*,巴赫,*,*
巴金,5,5,518,N,peoplename,*,*,*,*,巴金,*,*
巴夏禮,5,5,518,N,peoplename,*,*,*,*,巴夏禮,*,*
巴山,5,5,518,N,peoplename,*,*,*,*,巴山,*,*
巴斯德,5,5,518,N,peoplename,*,*,*,*,巴斯德,*,*
巴斯特納克,5,5,518,N,peoplename,*,*,*,*,巴斯特納克,*,*
巴斯噶,5,5,518,N,peoplename,*,*,*,*,巴斯噶,*,*
巴斯卡,5,5,518,N,peoplename,*,*,*,*,巴斯卡,*,*
巴爾定,5,5,518,N,peoplename,*,*,*,*,巴爾定,*,*
巴爾陶克,5,5,518,N,peoplename,*,*,*,*,巴爾陶克,*,*
巴爾札克,5,5,518,N,peoplename,*,*,*,*,巴爾札克,*,*
芭蒂,5,5,518,N,peoplename,*,*,*,*,芭蒂,*,*
拔都,5,5,518,N,peoplename,*,*,*,*,拔都,*,*
拔爾波亞,5,5,518,N,peoplename,*,*,*,*,拔爾波亞,*,*
波特,5,5,518,N,peoplename,*,*,*,*,波特,*,*
波特萊爾,5,5,518,N,peoplename,*,*,*,*,波特萊爾,*,*
波提且利,5,5,518,N,peoplename,*,*,*,*,波提且利,*,*
波洛克,5,5,518,N,peoplename,*,*,*,*,波洛克,*,*
波希,5,5,518,N,peoplename,*,*,*,*,波希,*,*
波子曼,5,5,518,N,peoplename,*,*,*,*,波子曼,*,*
波耳,5,5,518,N,peoplename,*,*,*,*,波耳,*,*
波爾,5,5,518,N,peoplename,*,*,*,*,波爾,*,*
波以耳,5,5,518,N,peoplename,*,*,*,*,波以耳,*,*
伯嚭,5,5,518,N,peoplename,*,*,*,*,伯嚭,*,*
伯封,5,5,518,N,peoplename,*,*,*,*,伯封,*,*
伯服,5,5,518,N,peoplename,*,*,*,*,伯服,*,*
伯多祿,5,5,518,N,peoplename,*,*,*,*,伯多祿,*,*
伯納,5,5,518,N,peoplename,*,*,*,*,伯納,*,*
伯樂,5,5,518,N,peoplename,*,*,*,*,伯樂,*,*
伯雷,5,5,518,N,peoplename,*,*,*,*,伯雷,*,*
伯蘭,5,5,518,N,peoplename,*,*,*,*,伯蘭,*,*
伯林頓,5,5,518,N,peoplename,*,*,*,*,伯林頓,*,*
伯陵,5,5,518,N,peoplename,*,*,*,*,伯陵,*,*
伯羅,5,5,518,N,peoplename,*,*,*,*,伯羅,*,*
伯克,5,5,518,N,peoplename,*,*,*,*,伯克,*,*
伯姬,5,5,518,N,peoplename,*,*,*,*,伯姬,*,*
伯希和,5,5,518,N,peoplename,*,*,*,*,伯希和,*,*
伯恩斯坦,5,5,518,N,peoplename,*,*,*,*,伯恩斯坦,*,*
伯夷,5,5,518,N,peoplename,*,*,*,*,伯夷,*,*
伯益,5,5,518,N,peoplename,*,*,*,*,伯益,*,*
伯牙,5,5,518,N,peoplename,*,*,*,*,伯牙,*,*
伯陽,5,5,518,N,peoplename,*,*,*,*,伯陽,*,*
伯余,5,5,518,N,peoplename,*,*,*,*,伯余,*,*
柏頓,5,5,518,N,peoplename,*,*,*,*,柏頓,*,*
柏拉圖,5,5,518,N,peoplename,*,*,*,*,柏拉圖,*,*
柏格曼,5,5,518,N,peoplename,*,*,*,*,柏格曼,*,*
柏格森,5,5,518,N,peoplename,*,*,*,*,柏格森,*,*
柏卡里,5,5,518,N,peoplename,*,*,*,*,柏卡里,*,*
柏克,5,5,518,N,peoplename,*,*,*,*,柏克,*,*
柏克萊,5,5,518,N,peoplename,*,*,*,*,柏克萊,*,*
柏吉烏斯,5,5,518,N,peoplename,*,*,*,*,柏吉烏斯,*,*
柏濟力阿斯,5,5,518,N,peoplename,*,*,*,*,柏濟力阿斯,*,*
柏金,5,5,518,N,peoplename,*,*,*,*,柏金,*,*
柏京其,5,5,518,N,peoplename,*,*,*,*,柏京其,*,*
柏塞麥,5,5,518,N,peoplename,*,*,*,*,柏塞麥,*,*
柏翳,5,5,518,N,peoplename,*,*,*,*,柏翳,*,*
柏文蔚,5,5,518,N,peoplename,*,*,*,*,柏文蔚,*,*
勃姆,5,5,518,N,peoplename,*,*,*,*,勃姆,*,*
勃拿爾,5,5,518,N,peoplename,*,*,*,*,勃拿爾,*,*
勃朗特,5,5,518,N,peoplename,*,*,*,*,勃朗特,*,*
勃朗寧,5,5,518,N,peoplename,*,*,*,*,勃朗寧,*,*
勃魯格爾,5,5,518,N,peoplename,*,*,*,*,勃魯格爾,*,*
勃洛大哥拉,5,5,518,N,peoplename,*,*,*,*,勃洛大哥拉,*,*
薄伽尼,5,5,518,N,peoplename,*,*,*,*,薄伽尼,*,*
薄伽丘,5,5,518,N,peoplename,*,*,*,*,薄伽丘,*,*
薄紹之,5,5,518,N,peoplename,*,*,*,*,薄紹之,*,*
白壁特,5,5,518,N,peoplename,*,*,*,*,白壁特,*,*
白樸,5,5,518,N,peoplename,*,*,*,*,白樸,*,*
白樂天,5,5,518,N,peoplename,*,*,*,*,白樂天,*,*
白蘭士,5,5,518,N,peoplename,*,*,*,*,白蘭士,*,*
白朗,5,5,518,N,peoplename,*,*,*,*,白朗,*,*
白朗寧,5,5,518,N,peoplename,*,*,*,*,白朗寧,*,*
白里安,5,5,518,N,peoplename,*,*,*,*,白里安,*,*
白利尼,5,5,518,N,peoplename,*,*,*,*,白利尼,*,*
白遼士,5,5,518,N,peoplename,*,*,*,*,白遼士,*,*
白令,5,5,518,N,peoplename,*,*,*,*,白令,*,*
白圭,5,5,518,N,peoplename,*,*,*,*,白圭,*,*
白居易,5,5,518,N,peoplename,*,*,*,*,白居易,*,*
白起,5,5,518,N,peoplename,*,*,*,*,白起,*,*
白行簡,5,5,518,N,peoplename,*,*,*,*,白行簡,*,*
白玉霜,5,5,518,N,peoplename,*,*,*,*,白玉霜,*,*
百里傒,5,5,244,N,peoplename,*,*,*,*,百里傒,*,*
拜倫,5,5,518,N,peoplename,*,*,*,*,拜倫,*,*
拜爾德,5,5,518,N,peoplename,*,*,*,*,拜爾德,*,*
北宮黝,5,5,518,N,peoplename,*,*,*,*,北宮黝,*,*
貝比魯斯,5,5,518,N,peoplename,*,*,*,*,貝比魯斯,*,*
貝當,5,5,518,N,peoplename,*,*,*,*,貝當,*,*
貝登堡,5,5,518,N,peoplename,*,*,*,*,貝登堡,*,*
貝多芬,5,5,518,N,peoplename,*,*,*,*,貝多芬,*,*
貝特,5,5,518,N,peoplename,*,*,*,*,貝特,*,*
貝納,5,5,518,N,peoplename,*,*,*,*,貝納,*,*
貝拉圖,5,5,518,N,peoplename,*,*,*,*,貝拉圖,*,*
貝婁,5,5,518,N,peoplename,*,*,*,*,貝婁,*,*
貝朗瑞,5,5,518,N,peoplename,*,*,*,*,貝朗瑞,*,*
貝理克,5,5,518,N,peoplename,*,*,*,*,貝理克,*,*
貝克勒,5,5,518,N,peoplename,*,*,*,*,貝克勒,*,*
貝開特,5,5,518,N,peoplename,*,*,*,*,貝開特,*,*
貝爾,5,5,518,N,peoplename,*,*,*,*,貝爾,*,*
貝爾尼尼,5,5,518,N,peoplename,*,*,*,*,貝爾尼尼,*,*
貝爾格,5,5,518,N,peoplename,*,*,*,*,貝爾格,*,*
貝爾茲列,5,5,518,N,peoplename,*,*,*,*,貝爾茲列,*,*
貝義淵,5,5,518,N,peoplename,*,*,*,*,貝義淵,*,*
包姆,5,5,518,N,peoplename,*,*,*,*,包姆,*,*
包姆加登,5,5,518,N,peoplename,*,*,*,*,包姆加登,*,*
包利克萊荳斯,5,5,518,N,peoplename,*,*,*,*,包利克萊荳斯,*,*
包焦尼,5,5,518,N,peoplename,*,*,*,*,包焦尼,*,*
包拯,5,5,518,N,peoplename,*,*,*,*,包拯,*,*
包世臣,5,5,518,N,peoplename,*,*,*,*,包世臣,*,*
包融,5,5,518,N,peoplename,*,*,*,*,包融,*,*
包遵彭,5,5,518,N,peoplename,*,*,*,*,包遵彭,*,*
包爾德樂,5,5,518,N,peoplename,*,*,*,*,包爾德樂,*,*
褒姒,5,5,518,N,peoplename,*,*,*,*,褒姒,*,*
保祿六世,5,5,518,N,peoplename,*,*,*,*,保祿六世,*,*
保羅,5,5,518,N,peoplename,*,*,*,*,保羅,*,*
鮑廷博,5,5,518,N,peoplename,*,*,*,*,鮑廷博,*,*
鮑令暉,5,5,518,N,peoplename,*,*,*,*,鮑令暉,*,*
鮑羅定,5,5,518,N,peoplename,*,*,*,*,鮑羅定,*,*
鮑凱利尼,5,5,518,N,peoplename,*,*,*,*,鮑凱利尼,*,*
鮑焦,5,5,518,N,peoplename,*,*,*,*,鮑焦,*,*
鮑照,5,5,518,N,peoplename,*,*,*,*,鮑照,*,*
鮑超,5,5,518,N,peoplename,*,*,*,*,鮑超,*,*
鮑叔牙,5,5,518,N,peoplename,*,*,*,*,鮑叔牙,*,*
鮑斯威爾,5,5,518,N,peoplename,*,*,*,*,鮑斯威爾,*,*
班彪,5,5,518,N,peoplename,*,*,*,*,班彪,*,*
班庭,5,5,518,N,peoplename,*,*,*,*,班庭,*,*
班固,5,5,518,N,peoplename,*,*,*,*,班固,*,*
班婕妤,5,5,518,N,peoplename,*,*,*,*,班婕妤,*,*
班強森,5,5,518,N,peoplename,*,*,*,*,班強森,*,*
班昭,5,5,518,N,peoplename,*,*,*,*,班昭,*,*
班超,5,5,518,N,peoplename,*,*,*,*,班超,*,*
班揚,5,5,518,N,peoplename,*,*,*,*,班揚,*,*
班勇,5,5,518,N,peoplename,*,*,*,*,班勇,*,*
般,5,5,518,N,peoplename,*,*,*,*,般,*,*
本生,5,5,518,N,peoplename,*,*,*,*,本生,*,*
比干,5,5,518,N,peoplename,*,*,*,*,比干,*,*
比金,5,5,518,N,peoplename,*,*,*,*,比金,*,*
比才,5,5,518,N,peoplename,*,*,*,*,比才,*,*
彼得,5,5,518,N,peoplename,*,*,*,*,彼得,*,*
佛肸,5,5,518,N,peoplename,*,*,*,*,佛肸,*,*
俾斯麥,5,5,518,N,peoplename,*,*,*,*,俾斯麥,*,*
畢卡索,5,5,518,N,peoplename,*,*,*,*,畢卡索,*,*
畢夏普,5,5,518,N,peoplename,*,*,*,*,畢夏普,*,*
畢昇,5,5,518,N,peoplename,*,*,*,*,畢昇,*,*
邊鸞,5,5,518,N,peoplename,*,*,*,*,邊鸞,*,*
卞和,5,5,518,N,peoplename,*,*,*,*,卞和,*,*
卞莊,5,5,518,N,peoplename,*,*,*,*,卞莊,*,*
卞莊子,5,5,518,N,peoplename,*,*,*,*,卞莊子,*,*
卞嚴子,5,5,518,N,peoplename,*,*,*,*,卞嚴子,*,*
卜舫濟,5,5,518,N,peoplename,*,*,*,*,卜舫濟,*,*
卜式,5,5,518,N,peoplename,*,*,*,*,卜式,*,*
卜商,5,5,518,N,peoplename,*,*,*,*,卜商,*,*
布馬雪,5,5,518,N,peoplename,*,*,*,*,布馬雪,*,*
布德爾,5,5,518,N,peoplename,*,*,*,*,布德爾,*,*
布丹,5,5,518,N,peoplename,*,*,*,*,布丹,*,*
布寧,5,5,518,N,peoplename,*,*,*,*,布寧,*,*
布拉曼德,5,5,518,N,peoplename,*,*,*,*,布拉曼德,*,*
布拉姆斯,5,5,518,N,peoplename,*,*,*,*,布拉姆斯,*,*
布拉克,5,5,518,N,peoplename,*,*,*,*,布拉克,*,*
布來德史崔,5,5,518,N,peoplename,*,*,*,*,布來德史崔,*,*
布萊特,5,5,518,N,peoplename,*,*,*,*,布萊特,*,*
布萊恩特,5,5,518,N,peoplename,*,*,*,*,布萊恩特,*,*
布雷克,5,5,518,N,peoplename,*,*,*,*,布雷克,*,*
布雷克磨,5,5,518,N,peoplename,*,*,*,*,布雷克磨,*,*
布累爾,5,5,518,N,peoplename,*,*,*,*,布累爾,*,*
布勞恩,5,5,518,N,peoplename,*,*,*,*,布勞恩,*,*
布蘭枯秀,5,5,518,N,peoplename,*,*,*,*,布蘭枯秀,*,*
布朗寧,5,5,518,N,peoplename,*,*,*,*,布朗寧,*,*
布列茲涅夫,5,5,518,N,peoplename,*,*,*,*,布列茲涅夫,*,*
布魯姆費爾德,5,5,518,N,peoplename,*,*,*,*,布魯姆費爾德,*,*
布魯奈勒斯基,5,5,518,N,peoplename,*,*,*,*,布魯奈勒斯基,*,*
布魯勒,5,5,518,N,peoplename,*,*,*,*,布魯勒,*,*
布魯克納,5,5,518,N,peoplename,*,*,*,*,布魯克納,*,*
布魯克斯,5,5,518,N,peoplename,*,*,*,*,布魯克斯,*,*
布洛克,5,5,518,N,peoplename,*,*,*,*,布洛克,*,*
布倫森,5,5,518,N,peoplename,*,*,*,*,布倫森,*,*
布雪,5,5,518,N,peoplename,*,*,*,*,布雪,*,*
布瑞頓,5,5,518,N,peoplename,*,*,*,*,布瑞頓,*,*
布慈,5,5,518,N,peoplename,*,*,*,*,布慈,*,*
布爾,5,5,518,N,peoplename,*,*,*,*,布爾,*,*
帕巴拉,5,5,518,N,peoplename,*,*,*,*,帕巴拉,*,*
帕格尼尼,5,5,518,N,peoplename,*,*,*,*,帕格尼尼,*,*
帕息吉,5,5,518,N,peoplename,*,*,*,*,帕息吉,*,*
派克斯頓,5,5,518,N,peoplename,*,*,*,*,派克斯頓,*,*
派深思,5,5,518,N,peoplename,*,*,*,*,派深思,*,*
培特曼赫魯威克,5,5,518,N,peoplename,*,*,*,*,培特曼赫魯威克,*,*
培里克里斯,5,5,518,N,peoplename,*,*,*,*,培里克里斯,*,*
培根,5,5,518,N,peoplename,*,*,*,*,培根,*,*
培芮圖,5,5,518,N,peoplename,*,*,*,*,培芮圖,*,*
培恩,5,5,518,N,peoplename,*,*,*,*,培恩,*,*
培因,5,5,518,N,peoplename,*,*,*,*,培因,*,*
裴夫斯奈爾,5,5,518,N,peoplename,*,*,*,*,裴夫斯奈爾,*,*
裴迪,5,5,518,N,peoplename,*,*,*,*,裴迪,*,*
裴度,5,5,518,N,peoplename,*,*,*,*,裴度,*,*
裴特,5,5,518,N,peoplename,*,*,*,*,裴特,*,*
裴萊吉伍斯二世,5,5,518,N,peoplename,*,*,*,*,裴萊吉伍斯二世,*,*
裴萊吉伍斯一世,5,5,518,N,peoplename,*,*,*,*,裴萊吉伍斯一世,*,*
裴倫,5,5,518,N,peoplename,*,*,*,*,裴倫,*,*
裴高累西,5,5,518,N,peoplename,*,*,*,*,裴高累西,*,*
裴矩,5,5,518,N,peoplename,*,*,*,*,裴矩,*,*
裴秀,5,5,518,N,peoplename,*,*,*,*,裴秀,*,*
裴行儉,5,5,518,N,peoplename,*,*,*,*,裴行儉,*,*
裴松之,5,5,518,N,peoplename,*,*,*,*,裴松之,*,*
裴駰,5,5,518,N,peoplename,*,*,*,*,裴駰,*,*
裴頠,5,5,518,N,peoplename,*,*,*,*,裴頠,*,*
佩脫拉克,5,5,518,N,peoplename,*,*,*,*,佩脫拉克,*,*
佩恩,5,5,518,N,peoplename,*,*,*,*,佩恩,*,*
庖立,5,5,518,N,peoplename,*,*,*,*,庖立,*,*
潘美,5,5,518,N,peoplename,*,*,*,*,潘美,*,*
潘達微,5,5,518,N,peoplename,*,*,*,*,潘達微,*,*
潘乃德,5,5,518,N,peoplename,*,*,*,*,潘乃德,*,*
潘尼,5,5,518,N,peoplename,*,*,*,*,潘尼,*,*
潘耒,5,5,518,N,peoplename,*,*,*,*,潘耒,*,*
潘谷,5,5,518,N,peoplename,*,*,*,*,潘谷,*,*
潘公展,5,5,518,N,peoplename,*,*,*,*,潘公展,*,*
潘岳,5,5,518,N,peoplename,*,*,*,*,潘岳,*,*
盤庚,5,5,518,N,peoplename,*,*,*,*,盤庚,*,*
盤成括,5,5,518,N,peoplename,*,*,*,*,盤成括,*,*
盆成括,5,5,518,N,peoplename,*,*,*,*,盆成括,*,*
龐巴瓦克,5,5,518,N,peoplename,*,*,*,*,龐巴瓦克,*,*
龐德,5,5,518,N,peoplename,*,*,*,*,龐德,*,*
龐德比丹,5,5,518,N,peoplename,*,*,*,*,龐德比丹,*,*
龐統,5,5,518,N,peoplename,*,*,*,*,龐統,*,*
龐暖,5,5,518,N,peoplename,*,*,*,*,龐暖,*,*
龐涓,5,5,518,N,peoplename,*,*,*,*,龐涓,*,*
龐安時,5,5,518,N,peoplename,*,*,*,*,龐安時,*,*
彭鵬,5,5,518,N,peoplename,*,*,*,*,彭鵬,*,*
彭蒙,5,5,518,N,peoplename,*,*,*,*,彭蒙,*,*
彭特莫,5,5,518,N,peoplename,*,*,*,*,彭特莫,*,*
彭咸,5,5,518,N,peoplename,*,*,*,*,彭咸,*,*
彭醇士,5,5,518,N,peoplename,*,*,*,*,彭醇士,*,*
彭紹升,5,5,518,N,peoplename,*,*,*,*,彭紹升,*,*
彭孫遹,5,5,518,N,peoplename,*,*,*,*,彭孫遹,*,*
彭玉麟,5,5,518,N,peoplename,*,*,*,*,彭玉麟,*,*
彭越,5,5,518,N,peoplename,*,*,*,*,彭越,*,*
匹特曼,5,5,518,N,peoplename,*,*,*,*,匹特曼,*,*
丕平,5,5,518,N,peoplename,*,*,*,*,丕平,*,*
皮蘭德羅,5,5,518,N,peoplename,*,*,*,*,皮蘭德羅,*,*
皮列,5,5,518,N,peoplename,*,*,*,*,皮列,*,*
皮卡爾,5,5,518,N,peoplename,*,*,*,*,皮卡爾,*,*
皮錫瑞,5,5,518,N,peoplename,*,*,*,*,皮錫瑞,*,*
皮日休,5,5,518,N,peoplename,*,*,*,*,皮日休,*,*
皮爾奈,5,5,518,N,peoplename,*,*,*,*,皮爾奈,*,*
皮以書,5,5,518,N,peoplename,*,*,*,*,皮以書,*,*
平疇,5,5,518,N,peoplename,*,*,*,*,平疇,*,*
蒲松齡,5,5,518,N,peoplename,*,*,*,*,蒲松齡,*,*
菩提流志,5,5,518,N,peoplename,*,*,*,*,菩提流志,*,*
僕固懷恩,5,5,518,N,peoplename,*,*,*,*,僕固懷恩,*,*
浦羅高菲夫,5,5,518,N,peoplename,*,*,*,*,浦羅高菲夫,*,*
溥儒,5,5,518,N,peoplename,*,*,*,*,溥儒,*,*
溥儀,5,5,518,N,peoplename,*,*,*,*,溥儀,*,*
普西尼,5,5,518,N,peoplename,*,*,*,*,普西尼,*,*
普希金,5,5,518,N,peoplename,*,*,*,*,普希金,*,*
普桑,5,5,518,N,peoplename,*,*,*,*,普桑,*,*
馬伯樂,5,5,518,N,peoplename,*,*,*,*,馬伯樂,*,*
馬鳴,5,5,518,N,peoplename,*,*,*,*,馬鳴,*,*
馬蒂斯,5,5,518,N,peoplename,*,*,*,*,馬蒂斯,*,*
馬丁路得,5,5,518,N,peoplename,*,*,*,*,馬丁路得,*,*
馬端臨,5,5,518,N,peoplename,*,*,*,*,馬端臨,*,*
馬東尼,5,5,518,N,peoplename,*,*,*,*,馬東尼,*,*
馬太,5,5,518,N,peoplename,*,*,*,*,馬太,*,*
馬內,5,5,518,N,peoplename,*,*,*,*,馬內,*,*
馬連良,5,5,518,N,peoplename,*,*,*,*,馬連良,*,*
馬良,5,5,518,N,peoplename,*,*,*,*,馬良,*,*
馬可,5,5,518,N,peoplename,*,*,*,*,馬可,*,*
馬可波羅,5,5,518,N,peoplename,*,*,*,*,馬可波羅,*,*
馬克吐溫,5,5,518,N,peoplename,*,*,*,*,馬克吐溫,*,*
馬克斯,5,5,518,N,peoplename,*,*,*,*,馬克斯,*,*
馬赫,5,5,518,N,peoplename,*,*,*,*,馬赫,*,*
馬建忠,5,5,518,N,peoplename,*,*,*,*,馬建忠,*,*
馬歇爾,5,5,518,N,peoplename,*,*,*,*,馬歇爾,*,*
馬致遠,5,5,518,N,peoplename,*,*,*,*,馬致遠,*,*
馬中錫,5,5,518,N,peoplename,*,*,*,*,馬中錫,*,*
馬如飛,5,5,518,N,peoplename,*,*,*,*,馬如飛,*,*
馬融,5,5,518,N,peoplename,*,*,*,*,馬融,*,*
馬斯卡尼,5,5,518,N,peoplename,*,*,*,*,馬斯卡尼,*,*
馬薩卓,5,5,518,N,peoplename,*,*,*,*,馬薩卓,*,*
馬謖,5,5,518,N,peoplename,*,*,*,*,馬謖,*,*
馬援,5,5,518,N,peoplename,*,*,*,*,馬援,*,*
瑪利亞,5,5,518,N,peoplename,*,*,*,*,瑪利亞,*,*
瑪莉都鐸,5,5,518,N,peoplename,*,*,*,*,瑪莉都鐸,*,*
瑪麗蓮夢露,5,5,518,N,peoplename,*,*,*,*,瑪麗蓮夢露,*,*
瑪莎葛蘭姆,5,5,518,N,peoplename,*,*,*,*,瑪莎葛蘭姆,*,*
摩洛,5,5,518,N,peoplename,*,*,*,*,摩洛,*,*
摩訶迦葉,5,5,518,N,peoplename,*,*,*,*,摩訶迦葉,*,*
摩西,5,5,518,N,peoplename,*,*,*,*,摩西,*,*
末喜,5,5,518,N,peoplename,*,*,*,*,末喜,*,*
妺嬉,5,5,518,N,peoplename,*,*,*,*,妺嬉,*,*
莫泊桑,5,5,518,N,peoplename,*,*,*,*,莫泊桑,*,*
莫內,5,5,518,N,peoplename,*,*,*,*,莫內,*,*
莫里哀,5,5,518,N,peoplename,*,*,*,*,莫里哀,*,*
莫里葉,5,5,518,N,peoplename,*,*,*,*,莫里葉,*,*
莫洛尼,5,5,518,N,peoplename,*,*,*,*,莫洛尼,*,*
莫甘,5,5,518,N,peoplename,*,*,*,*,莫甘,*,*
莫札特,5,5,518,N,peoplename,*,*,*,*,莫札特,*,*
莫愁,5,5,518,N,peoplename,*,*,*,*,莫愁,*,*
莫邪,5,5,518,N,peoplename,*,*,*,*,莫邪,*,*
墨翟,5,5,518,N,peoplename,*,*,*,*,墨翟,*,*
墨索里尼,5,5,518,N,peoplename,*,*,*,*,墨索里尼,*,*
麥卡托,5,5,518,N,peoplename,*,*,*,*,麥卡托,*,*
麥克阿瑟,5,5,518,N,peoplename,*,*,*,*,麥克阿瑟,*,*
麥考萊,5,5,518,N,peoplename,*,*,*,*,麥考萊,*,*
麥哲倫,5,5,518,N,peoplename,*,*,*,*,麥哲倫,*,*
枚皋,5,5,518,N,peoplename,*,*,*,*,枚皋,*,*
枚乘,5,5,518,N,peoplename,*,*,*,*,枚乘,*,*
梅蘭芳,5,5,518,N,peoplename,*,*,*,*,梅蘭芳,*,*
梅智,5,5,518,N,peoplename,*,*,*,*,梅智,*,*
梅爾夫人,5,5,518,N,peoplename,*,*,*,*,梅爾夫人,*,*
梅耶,5,5,518,N,peoplename,*,*,*,*,梅耶,*,*
妹喜,5,5,518,N,peoplename,*,*,*,*,妹喜,*,*
毛姆,5,5,518,N,peoplename,*,*,*,*,毛姆,*,*
毛公,5,5,518,N,peoplename,*,*,*,*,毛公,*,*
毛亨,5,5,518,N,peoplename,*,*,*,*,毛亨,*,*
毛玠,5,5,518,N,peoplename,*,*,*,*,毛玠,*,*
毛奇齡,5,5,518,N,peoplename,*,*,*,*,毛奇齡,*,*
毛嬙,5,5,518,N,peoplename,*,*,*,*,毛嬙,*,*
毛萇,5,5,518,N,peoplename,*,*,*,*,毛萇,*,*
毛遂,5,5,518,N,peoplename,*,*,*,*,毛遂,*,*
毛延壽,5,5,518,N,peoplename,*,*,*,*,毛延壽,*,*
蒙臺梭利,5,5,518,N,peoplename,*,*,*,*,蒙臺梭利,*,*
蒙田,5,5,518,N,peoplename,*,*,*,*,蒙田,*,*
蒙恬,5,5,518,N,peoplename,*,*,*,*,蒙恬,*,*
蒙哥,5,5,518,N,peoplename,*,*,*,*,蒙哥,*,*
蒙哥馬利,5,5,518,N,peoplename,*,*,*,*,蒙哥馬利,*,*
孟賁,5,5,518,N,peoplename,*,*,*,*,孟賁,*,*
孟德斯鳩,5,5,518,N,peoplename,*,*,*,*,孟德斯鳩,*,*
孟德爾頌,5,5,518,N,peoplename,*,*,*,*,孟德爾頌,*,*
孟光,5,5,518,N,peoplename,*,*,*,*,孟光,*,*
孟軻,5,5,518,N,peoplename,*,*,*,*,孟軻,*,*
孟浩然,5,5,518,N,peoplename,*,*,*,*,孟浩然,*,*
孟獲,5,5,518,N,peoplename,*,*,*,*,孟獲,*,*
孟郊,5,5,518,N,peoplename,*,*,*,*,孟郊,*,*
孟喜,5,5,518,N,peoplename,*,*,*,*,孟喜,*,*
孟昶,5,5,518,N,peoplename,*,*,*,*,孟昶,*,*
孟宗,5,5,518,N,peoplename,*,*,*,*,孟宗,*,*
孟懿子,5,5,518,N,peoplename,*,*,*,*,孟懿子,*,*
禰衡,5,5,518,N,peoplename,*,*,*,*,禰衡,*,*
米芾,5,5,518,N,peoplename,*,*,*,*,米芾,*,*
米顛,5,5,518,N,peoplename,*,*,*,*,米顛,*,*
米勒,5,5,518,N,peoplename,*,*,*,*,米勒,*,*
米羅,5,5,518,N,peoplename,*,*,*,*,米羅,*,*
米開蘭基羅,5,5,518,N,peoplename,*,*,*,*,米開蘭基羅,*,*
米襄陽,5,5,518,N,peoplename,*,*,*,*,米襄陽,*,*
宓契爾,5,5,518,N,peoplename,*,*,*,*,宓契爾,*,*
密勒日巴,5,5,518,N,peoplename,*,*,*,*,密勒日巴,*,*
密爾頓,5,5,518,N,peoplename,*,*,*,*,密爾頓,*,*
閔子騫,5,5,518,N,peoplename,*,*,*,*,閔子騫,*,*
明義士,5,5,518,N,peoplename,*,*,*,*,明義士,*,*
目連,5,5,518,N,peoplename,*,*,*,*,目連,*,*
目犍連,5,5,518,N,peoplename,*,*,*,*,目犍連,*,*
穆罕默德,5,5,518,N,peoplename,*,*,*,*,穆罕默德,*,*
法布爾,5,5,518,N,peoplename,*,*,*,*,法布爾,*,*
法德利,5,5,518,N,peoplename,*,*,*,*,法德利,*,*
法顯,5,5,518,N,peoplename,*,*,*,*,法顯,*,*
佛帕,5,5,518,N,peoplename,*,*,*,*,佛帕,*,*
佛朗哥,5,5,518,N,peoplename,*,*,*,*,佛朗哥,*,*
佛洛伊德,5,5,518,N,peoplename,*,*,*,*,佛洛伊德,*,*
佛科,5,5,518,N,peoplename,*,*,*,*,佛科,*,*
佛克納,5,5,518,N,peoplename,*,*,*,*,佛克納,*,*
飛廉,5,5,518,N,peoplename,*,*,*,*,飛廉,*,*
費里尼,5,5,518,N,peoplename,*,*,*,*,費里尼,*,*
費瑟,5,5,518,N,peoplename,*,*,*,*,費瑟,*,*
費雯麗,5,5,518,N,peoplename,*,*,*,*,費雯麗,*,*
樊噲,5,5,518,N,peoplename,*,*,*,*,樊噲,*,*
樊遲,5,5,518,N,peoplename,*,*,*,*,樊遲,*,*
樊於期,5,5,518,N,peoplename,*,*,*,*,樊於期,*,*
繁欽,5,5,518,N,peoplename,*,*,*,*,繁欽,*,*
范蠡,5,5,518,N,peoplename,*,*,*,*,范蠡,*,*
范寬,5,5,518,N,peoplename,*,*,*,*,范寬,*,*
范雎,5,5,518,N,peoplename,*,*,*,*,范雎,*,*
范仲淹,5,5,518,N,peoplename,*,*,*,*,范仲淹,*,*
范成大,5,5,518,N,peoplename,*,*,*,*,范成大,*,*
范增,5,5,518,N,peoplename,*,*,*,*,范增,*,*
范曄,5,5,518,N,peoplename,*,*,*,*,范曄,*,*
梵谷,5,5,518,N,peoplename,*,*,*,*,梵谷,*,*
方苞,5,5,518,N,peoplename,*,*,*,*,方苞,*,*
方會,5,5,518,N,peoplename,*,*,*,*,方會,*,*
方孝孺,5,5,518,N,peoplename,*,*,*,*,方孝孺,*,*
方堙,5,5,518,N,peoplename,*,*,*,*,方堙,*,*
方岳,5,5,518,N,peoplename,*,*,*,*,方岳,*,*
房玄齡,5,5,518,N,peoplename,*,*,*,*,房玄齡,*,*
豐臣秀吉,5,5,518,N,peoplename,*,*,*,*,豐臣秀吉,*,*
逢蒙,5,5,518,N,peoplename,*,*,*,*,逢蒙,*,*
馮夢龍,5,5,518,N,peoplename,*,*,*,*,馮夢龍,*,*
馮婦,5,5,518,N,peoplename,*,*,*,*,馮婦,*,*
馮唐,5,5,518,N,peoplename,*,*,*,*,馮唐,*,*
馮驩,5,5,518,N,peoplename,*,*,*,*,馮驩,*,*
馮延巳,5,5,518,N,peoplename,*,*,*,*,馮延巳,*,*
馮玉祥,5,5,518,N,peoplename,*,*,*,*,馮玉祥,*,*
夫差,5,5,518,N,peoplename,*,*,*,*,夫差,*,*
伏勝,5,5,518,N,peoplename,*,*,*,*,伏勝,*,*
伏威,5,5,518,N,peoplename,*,*,*,*,伏威,*,*
苻堅,5,5,518,N,peoplename,*,*,*,*,苻堅,*,*
福斯特,5,5,518,N,peoplename,*,*,*,*,福斯特,*,*
富樓那,5,5,518,N,peoplename,*,*,*,*,富樓那,*,*
傅抱石,5,5,518,N,peoplename,*,*,*,*,傅抱石,*,*
傅說,5,5,518,N,peoplename,*,*,*,*,傅說,*,*
妲己,5,5,518,N,peoplename,*,*,*,*,妲己,*,*
達芬奇,5,5,518,N,peoplename,*,*,*,*,達芬奇,*,*
達加馬,5,5,518,N,peoplename,*,*,*,*,達加馬,*,*
達爾文,5,5,518,N,peoplename,*,*,*,*,達爾文,*,*
達文西,5,5,518,N,peoplename,*,*,*,*,達文西,*,*
大仲馬,5,5,518,N,peoplename,*,*,*,*,大仲馬,*,*
德布西,5,5,518,N,peoplename,*,*,*,*,德布西,*,*
德謨克利泰斯,5,5,518,N,peoplename,*,*,*,*,德謨克利泰斯,*,*
德佛亞克,5,5,518,N,peoplename,*,*,*,*,德佛亞克,*,*
德拉克洛瓦,5,5,518,N,peoplename,*,*,*,*,德拉克洛瓦,*,*
德蕾莎,5,5,518,N,peoplename,*,*,*,*,德蕾莎,*,*
德川家康,5,5,518,N,peoplename,*,*,*,*,德川家康,*,*
戴表元,5,5,518,N,peoplename,*,*,*,*,戴表元,*,*
戴名世,5,5,518,N,peoplename,*,*,*,*,戴名世,*,*
戴德,5,5,518,N,peoplename,*,*,*,*,戴德,*,*
戴笠,5,5,518,N,peoplename,*,*,*,*,戴笠,*,*
戴高樂,5,5,518,N,peoplename,*,*,*,*,戴高樂,*,*
戴逵,5,5,518,N,peoplename,*,*,*,*,戴逵,*,*
戴震,5,5,518,N,peoplename,*,*,*,*,戴震,*,*
戴聖,5,5,518,N,peoplename,*,*,*,*,戴聖,*,*
戴嵩,5,5,518,N,peoplename,*,*,*,*,戴嵩,*,*
道耳吞,5,5,518,N,peoplename,*,*,*,*,道耳吞,*,*
竇建德,5,5,518,N,peoplename,*,*,*,*,竇建德,*,*
竇憲,5,5,518,N,peoplename,*,*,*,*,竇憲,*,*
竇融,5,5,518,N,peoplename,*,*,*,*,竇融,*,*
竇嬰,5,5,518,N,peoplename,*,*,*,*,竇嬰,*,*
竇武,5,5,518,N,peoplename,*,*,*,*,竇武,*,*
丹朱,5,5,518,N,peoplename,*,*,*,*,丹朱,*,*
但丁,5,5,518,N,peoplename,*,*,*,*,但丁,*,*
鄧通,5,5,518,N,peoplename,*,*,*,*,鄧通,*,*
鄧麗君,5,5,518,N,peoplename,*,*,*,*,鄧麗君,*,*
鄧肯,5,5,518,N,peoplename,*,*,*,*,鄧肯,*,*
狄更斯,5,5,518,N,peoplename,*,*,*,*,狄更斯,*,*
笛卡爾,5,5,518,N,peoplename,*,*,*,*,笛卡爾,*,*
丁肇中,5,5,518,N,peoplename,*,*,*,*,丁肇中,*,*
杜牧,5,5,518,N,peoplename,*,*,*,*,杜牧,*,*
杜甫,5,5,518,N,peoplename,*,*,*,*,杜甫,*,*
杜康,5,5,518,N,peoplename,*,*,*,*,杜康,*,*
杜秋娘,5,5,518,N,peoplename,*,*,*,*,杜秋娘,*,*
杜象,5,5,518,N,peoplename,*,*,*,*,杜象,*,*
杜思妥也夫斯基,5,5,518,N,peoplename,*,*,*,*,杜思妥也夫斯基,*,*
杜佑,5,5,518,N,peoplename,*,*,*,*,杜佑,*,*
杜威,5,5,518,N,peoplename,*,*,*,*,杜威,*,*
杜宇,5,5,518,N,peoplename,*,*,*,*,杜宇,*,*
多爾袞,5,5,518,N,peoplename,*,*,*,*,多爾袞,*,*
董狐,5,5,518,N,peoplename,*,*,*,*,董狐,*,*
董其昌,5,5,518,N,peoplename,*,*,*,*,董其昌,*,*
董卓,5,5,518,N,peoplename,*,*,*,*,董卓,*,*
董仲舒,5,5,518,N,peoplename,*,*,*,*,董仲舒,*,*
董源,5,5,518,N,peoplename,*,*,*,*,董源,*,*
董永,5,5,518,N,peoplename,*,*,*,*,董永,*,*
太白,5,5,518,N,peoplename,*,*,*,*,太白,*,*
太康,5,5,518,N,peoplename,*,*,*,*,太康,*,*
太甲,5,5,518,N,peoplename,*,*,*,*,太甲,*,*
太真,5,5,518,N,peoplename,*,*,*,*,太真,*,*
泰伯,5,5,518,N,peoplename,*,*,*,*,泰伯,*,*
泰納,5,5,518,N,peoplename,*,*,*,*,泰納,*,*
泰戈爾,5,5,518,N,peoplename,*,*,*,*,泰戈爾,*,*
陶侃,5,5,518,N,peoplename,*,*,*,*,陶侃,*,*
陶弘景,5,5,518,N,peoplename,*,*,*,*,陶弘景,*,*
陶潛,5,5,518,N,peoplename,*,*,*,*,陶潛,*,*
陶西,5,5,518,N,peoplename,*,*,*,*,陶西,*,*
陶朱公,5,5,518,N,peoplename,*,*,*,*,陶朱公,*,*
陶聲洋,5,5,518,N,peoplename,*,*,*,*,陶聲洋,*,*
陶宗儀,5,5,518,N,peoplename,*,*,*,*,陶宗儀,*,*
陶淵明,5,5,518,N,peoplename,*,*,*,*,陶淵明,*,*
譚鑫培,5,5,518,N,peoplename,*,*,*,*,譚鑫培,*,*
譚嗣同,5,5,518,N,peoplename,*,*,*,*,譚嗣同,*,*
譚延闓,5,5,518,N,peoplename,*,*,*,*,譚延闓,*,*
澹臺滅明,5,5,518,N,peoplename,*,*,*,*,澹臺滅明,*,*
檀弓,5,5,518,N,peoplename,*,*,*,*,檀弓,*,*
曇鸞,5,5,518,N,peoplename,*,*,*,*,曇鸞,*,*
湯,5,5,518,N,peoplename,*,*,*,*,湯,*,*
湯姆生,5,5,518,N,peoplename,*,*,*,*,湯姆生,*,*
湯顯祖,5,5,518,N,peoplename,*,*,*,*,湯顯祖,*,*
湯若望,5,5,518,N,peoplename,*,*,*,*,湯若望,*,*
湯恩比,5,5,518,N,peoplename,*,*,*,*,湯恩比,*,*
唐伯虎,5,5,518,N,peoplename,*,*,*,*,唐伯虎,*,*
唐璜,5,5,518,N,peoplename,*,*,*,*,唐璜,*,*
唐君毅,5,5,518,N,peoplename,*,*,*,*,唐君毅,*,*
唐寅,5,5,518,N,peoplename,*,*,*,*,唐寅,*,*
提婆,5,5,518,N,peoplename,*,*,*,*,提婆,*,*
提婆達多,5,5,518,N,peoplename,*,*,*,*,提婆達多,*,*
提香,5,5,518,N,peoplename,*,*,*,*,提香,*,*
緹縈,5,5,518,N,peoplename,*,*,*,*,緹縈,*,*
鐵木真,5,5,518,N,peoplename,*,*,*,*,鐵木真,*,*
帖木兒,5,5,518,N,peoplename,*,*,*,*,帖木兒,*,*
調達,5,5,518,N,peoplename,*,*,*,*,調達,*,*
田單,5,5,518,N,peoplename,*,*,*,*,田單,*,*
田橫,5,5,518,N,peoplename,*,*,*,*,田橫,*,*
屠格涅夫,5,5,518,N,peoplename,*,*,*,*,屠格涅夫,*,*
它囂,5,5,518,N,peoplename,*,*,*,*,它囂,*,*
拖雷,5,5,518,N,peoplename,*,*,*,*,拖雷,*,*
托洛斯基,5,5,518,N,peoplename,*,*,*,*,托洛斯基,*,*
托爾斯泰,5,5,518,N,peoplename,*,*,*,*,托爾斯泰,*,*
陀思妥耶夫斯基,5,5,518,N,peoplename,*,*,*,*,陀思妥耶夫斯基,*,*
童貫,5,5,518,N,peoplename,*,*,*,*,童貫,*,*
拿破崙,5,5,518,N,peoplename,*,*,*,*,拿破崙,*,*
納蘭性德,5,5,518,N,peoplename,*,*,*,*,納蘭性德,*,*
南丁格爾,5,5,518,N,peoplename,*,*,*,*,南丁格爾,*,*
南威,5,5,518,N,peoplename,*,*,*,*,南威,*,*
難陀,5,5,518,N,peoplename,*,*,*,*,難陀,*,*
尼祿,5,5,518,N,peoplename,*,*,*,*,尼祿,*,*
尼采,5,5,518,N,peoplename,*,*,*,*,尼采,*,*
兒寬,5,5,518,N,peoplename,*,*,*,*,兒寬,*,*
倪瓚,5,5,518,N,peoplename,*,*,*,*,倪瓚,*,*
倪元璐,5,5,518,N,peoplename,*,*,*,*,倪元璐,*,*
聶政,5,5,518,N,peoplename,*,*,*,*,聶政,*,*
牛頓,5,5,518,N,peoplename,*,*,*,*,牛頓,*,*
年羹堯,5,5,518,N,peoplename,*,*,*,*,年羹堯,*,*
努爾哈赤,5,5,518,N,peoplename,*,*,*,*,努爾哈赤,*,*
諾貝爾,5,5,518,N,peoplename,*,*,*,*,諾貝爾,*,*
諾蘭,5,5,518,N,peoplename,*,*,*,*,諾蘭,*,*
女伎,5,5,518,N,peoplename,*,*,*,*,女伎,*,*
女歧,5,5,518,N,peoplename,*,*,*,*,女歧,*,*
女英,5,5,518,N,peoplename,*,*,*,*,女英,*,*
拉斐爾,5,5,518,N,peoplename,*,*,*,*,拉斐爾,*,*
拉鐵摩爾,5,5,518,N,peoplename,*,*,*,*,拉鐵摩爾,*,*
拉格羅夫,5,5,518,N,peoplename,*,*,*,*,拉格羅夫,*,*
拉塞福,5,5,518,N,peoplename,*,*,*,*,拉塞福,*,*
來俊臣,5,5,518,N,peoplename,*,*,*,*,來俊臣,*,*
嫘祖,5,5,518,N,peoplename,*,*,*,*,嫘祖,*,*
雷馬克,5,5,518,N,peoplename,*,*,*,*,雷馬克,*,*
雷鳴遠,5,5,518,N,peoplename,*,*,*,*,雷鳴遠,*,*
雷諾瓦,5,5,518,N,peoplename,*,*,*,*,雷諾瓦,*,*
雷昂卡發洛,5,5,518,N,peoplename,*,*,*,*,雷昂卡發洛,*,*
勞乃宣,5,5,518,N,peoplename,*,*,*,*,勞乃宣,*,*
勞倫斯,5,5,518,N,peoplename,*,*,*,*,勞倫斯,*,*
老舍,5,5,518,N,peoplename,*,*,*,*,老舍,*,*
嫪毐,5,5,518,N,peoplename,*,*,*,*,嫪毐,*,*
婁師德,5,5,518,N,peoplename,*,*,*,*,婁師德,*,*
樓緩,5,5,518,N,peoplename,*,*,*,*,樓緩,*,*
蘭姆,5,5,518,N,peoplename,*,*,*,*,蘭姆,*,*
藍波,5,5,518,N,peoplename,*,*,*,*,藍波,*,*
藍采和,5,5,518,N,peoplename,*,*,*,*,藍采和,*,*
藍蔭鼎,5,5,518,N,peoplename,*,*,*,*,藍蔭鼎,*,*
郎格,5,5,518,N,peoplename,*,*,*,*,郎格,*,*
郎靜山,5,5,518,N,peoplename,*,*,*,*,郎靜山,*,*
郎世寧,5,5,518,N,peoplename,*,*,*,*,郎世寧,*,*
浬,5,5,518,N,peoplename,*,*,*,*,浬,*,*
離婁,5,5,518,N,peoplename,*,*,*,*,離婁,*,*
黎元洪,5,5,518,N,peoplename,*,*,*,*,黎元洪,*,*
驪姬,5,5,518,N,peoplename,*,*,*,*,驪姬,*,*
李伯陽,5,5,518,N,peoplename,*,*,*,*,李伯陽,*,*
李白,5,5,518,N,peoplename,*,*,*,*,李白,*,*
李寶嘉,5,5,518,N,peoplename,*,*,*,*,李寶嘉,*,*
李抱忱,5,5,518,N,peoplename,*,*,*,*,李抱忱,*,*
李冰,5,5,518,N,peoplename,*,*,*,*,李冰,*,*
李密,5,5,518,N,peoplename,*,*,*,*,李密,*,*
李牧,5,5,518,N,peoplename,*,*,*,*,李牧,*,*
李方桂,5,5,518,N,peoplename,*,*,*,*,李方桂,*,*
李昉,5,5,518,N,peoplename,*,*,*,*,李昉,*,*
李夫人,5,5,518,N,peoplename,*,*,*,*,李夫人,*,*
李德裕,5,5,518,N,peoplename,*,*,*,*,李德裕,*,*
李登,5,5,518,N,peoplename,*,*,*,*,李登,*,*
李登輝,5,5,518,N,peoplename,*,*,*,*,李登輝,*,*
李太白,5,5,518,N,peoplename,*,*,*,*,李太白,*,*
李唐,5,5,518,N,peoplename,*,*,*,*,李唐,*,*
李提摩太,5,5,518,N,peoplename,*,*,*,*,李提摩太,*,*
李鐵拐,5,5,518,N,peoplename,*,*,*,*,李鐵拐,*,*
李老君,5,5,518,N,peoplename,*,*,*,*,李老君,*,*
李蓮英,5,5,518,N,peoplename,*,*,*,*,李蓮英,*,*
李林甫,5,5,518,N,peoplename,*,*,*,*,李林甫,*,*
李陵,5,5,518,N,peoplename,*,*,*,*,李陵,*,*
李隆基,5,5,518,N,peoplename,*,*,*,*,李隆基,*,*
李龜年,5,5,518,N,peoplename,*,*,*,*,李龜年,*,*
李廣,5,5,518,N,peoplename,*,*,*,*,李廣,*,*
李廣利,5,5,518,N,peoplename,*,*,*,*,李廣利,*,*
李公佐,5,5,518,N,peoplename,*,*,*,*,李公佐,*,*
李悝,5,5,518,N,peoplename,*,*,*,*,李悝,*,*
李賀,5,5,518,N,peoplename,*,*,*,*,李賀,*,*
李後主,5,5,518,N,peoplename,*,*,*,*,李後主,*,*
李惠堂,5,5,518,N,peoplename,*,*,*,*,李惠堂,*,*
李鴻章,5,5,518,N,peoplename,*,*,*,*,李鴻章,*,*
李濟,5,5,518,N,peoplename,*,*,*,*,李濟,*,*
李璟,5,5,518,N,peoplename,*,*,*,*,李璟,*,*
李靖,5,5,518,N,peoplename,*,*,*,*,李靖,*,*
李清照,5,5,518,N,peoplename,*,*,*,*,李清照,*,*
李小龍,5,5,518,N,peoplename,*,*,*,*,李小龍,*,*
李秀成,5,5,518,N,peoplename,*,*,*,*,李秀成,*,*
李香君,5,5,518,N,peoplename,*,*,*,*,李香君,*,*
李舟,5,5,518,N,peoplename,*,*,*,*,李舟,*,*
李政道,5,5,518,N,peoplename,*,*,*,*,李政道,*,*
李成,5,5,518,N,peoplename,*,*,*,*,李成,*,*
李淳風,5,5,518,N,peoplename,*,*,*,*,李淳風,*,*
李師師,5,5,518,N,peoplename,*,*,*,*,李師師,*,*
李時珍,5,5,518,N,peoplename,*,*,*,*,李時珍,*,*
李世民,5,5,518,N,peoplename,*,*,*,*,李世民,*,*
李少君,5,5,518,N,peoplename,*,*,*,*,李少君,*,*
李善,5,5,518,N,peoplename,*,*,*,*,李善,*,*
李商隱,5,5,518,N,peoplename,*,*,*,*,李商隱,*,*
李叔同,5,5,518,N,peoplename,*,*,*,*,李叔同,*,*
李汝珍,5,5,518,N,peoplename,*,*,*,*,李汝珍,*,*
李瑞清,5,5,518,N,peoplename,*,*,*,*,李瑞清,*,*
李自成,5,5,518,N,peoplename,*,*,*,*,李自成,*,*
李宗仁,5,5,518,N,peoplename,*,*,*,*,李宗仁,*,*
李慈銘,5,5,518,N,peoplename,*,*,*,*,李慈銘,*,*
李存勗,5,5,518,N,peoplename,*,*,*,*,李存勗,*,*
李思訓,5,5,518,N,peoplename,*,*,*,*,李思訓,*,*
李斯,5,5,518,N,peoplename,*,*,*,*,李斯,*,*
李斯特,5,5,518,N,peoplename,*,*,*,*,李斯特,*,*
李耳,5,5,518,N,peoplename,*,*,*,*,李耳,*,*
李易安,5,5,518,N,peoplename,*,*,*,*,李易安,*,*
李益,5,5,518,N,peoplename,*,*,*,*,李益,*,*
李延年,5,5,518,N,peoplename,*,*,*,*,李延年,*,*
李陽冰,5,5,518,N,peoplename,*,*,*,*,李陽冰,*,*
李膺,5,5,518,N,peoplename,*,*,*,*,李膺,*,*
李漁,5,5,518,N,peoplename,*,*,*,*,李漁,*,*
李漁叔,5,5,518,N,peoplename,*,*,*,*,李漁叔,*,*
李煜,5,5,518,N,peoplename,*,*,*,*,李煜,*,*
李約瑟,5,5,518,N,peoplename,*,*,*,*,李約瑟,*,*
李元簇,5,5,518,N,peoplename,*,*,*,*,李元簇,*,*
李遠哲,5,5,518,N,peoplename,*,*,*,*,李遠哲,*,*
李邕,5,5,518,N,peoplename,*,*,*,*,李邕,*,*
里爾,5,5,518,N,peoplename,*,*,*,*,里爾,*,*
理查司特勞斯,5,5,518,N,peoplename,*,*,*,*,理查司特勞斯,*,*
利瑪竇,5,5,518,N,peoplename,*,*,*,*,利瑪竇,*,*
厲鶚,5,5,518,N,peoplename,*,*,*,*,厲鶚,*,*
酈道元,5,5,518,N,peoplename,*,*,*,*,酈道元,*,*
酈食其,5,5,518,N,peoplename,*,*,*,*,酈食其,*,*
列寧,5,5,518,N,peoplename,*,*,*,*,列寧,*,*
列禦寇,5,5,518,N,peoplename,*,*,*,*,列禦寇,*,*
劉白墮,5,5,518,N,peoplename,*,*,*,*,劉白墮,*,*
劉備,5,5,518,N,peoplename,*,*,*,*,劉備,*,*
劉寶全,5,5,518,N,peoplename,*,*,*,*,劉寶全,*,*
劉半農,5,5,518,N,peoplename,*,*,*,*,劉半農,*,*
劉邦,5,5,518,N,peoplename,*,*,*,*,劉邦,*,*
劉表,5,5,518,N,peoplename,*,*,*,*,劉表,*,*
劉銘傳,5,5,518,N,peoplename,*,*,*,*,劉銘傳,*,*
劉復,5,5,518,N,peoplename,*,*,*,*,劉復,*,*
劉天華,5,5,518,N,peoplename,*,*,*,*,劉天華,*,*
劉蘭芝,5,5,518,N,peoplename,*,*,*,*,劉蘭芝,*,*
劉伶,5,5,518,N,peoplename,*,*,*,*,劉伶,*,*
劉克莊,5,5,518,N,peoplename,*,*,*,*,劉克莊,*,*
劉琨,5,5,518,N,peoplename,*,*,*,*,劉琨,*,*
劉海,5,5,518,N,peoplename,*,*,*,*,劉海,*,*
劉海蟾,5,5,518,N,peoplename,*,*,*,*,劉海蟾,*,*
劉基,5,5,518,N,peoplename,*,*,*,*,劉基,*,*
劉寄奴,5,5,518,N,peoplename,*,*,*,*,劉寄奴,*,*
劉瑾,5,5,518,N,peoplename,*,*,*,*,劉瑾,*,*
劉峻,5,5,518,N,peoplename,*,*,*,*,劉峻,*,*
劉熙,5,5,518,N,peoplename,*,*,*,*,劉熙,*,*
劉勰,5,5,518,N,peoplename,*,*,*,*,劉勰,*,*
劉秀,5,5,518,N,peoplename,*,*,*,*,劉秀,*,*
劉歆,5,5,518,N,peoplename,*,*,*,*,劉歆,*,*
劉向,5,5,518,N,peoplename,*,*,*,*,劉向,*,*
劉炫,5,5,518,N,peoplename,*,*,*,*,劉炫,*,*
劉知幾,5,5,518,N,peoplename,*,*,*,*,劉知幾,*,*
劉知遠,5,5,518,N,peoplename,*,*,*,*,劉知遠,*,*
劉楨,5,5,518,N,peoplename,*,*,*,*,劉楨,*,*
劉長卿,5,5,518,N,peoplename,*,*,*,*,劉長卿,*,*
劉徹,5,5,518,N,peoplename,*,*,*,*,劉徹,*,*
劉禪,5,5,518,N,peoplename,*,*,*,*,劉禪,*,*
劉師培,5,5,518,N,peoplename,*,*,*,*,劉師培,*,*
劉子翬,5,5,518,N,peoplename,*,*,*,*,劉子翬,*,*
劉子驥,5,5,518,N,peoplename,*,*,*,*,劉子驥,*,*
劉宗周,5,5,518,N,peoplename,*,*,*,*,劉宗周,*,*
劉松年,5,5,518,N,peoplename,*,*,*,*,劉松年,*,*
劉鶚,5,5,518,N,peoplename,*,*,*,*,劉鶚,*,*
劉安,5,5,518,N,peoplename,*,*,*,*,劉安,*,*
劉義慶,5,5,518,N,peoplename,*,*,*,*,劉義慶,*,*
劉曜,5,5,518,N,peoplename,*,*,*,*,劉曜,*,*
劉彥和,5,5,518,N,peoplename,*,*,*,*,劉彥和,*,*
劉隱,5,5,518,N,peoplename,*,*,*,*,劉隱,*,*
劉完素,5,5,518,N,peoplename,*,*,*,*,劉完素,*,*
劉禹錫,5,5,518,N,peoplename,*,*,*,*,劉禹錫,*,*
劉裕,5,5,518,N,peoplename,*,*,*,*,劉裕,*,*
劉豫,5,5,518,N,peoplename,*,*,*,*,劉豫,*,*
劉淵,5,5,518,N,peoplename,*,*,*,*,劉淵,*,*
劉墉,5,5,518,N,peoplename,*,*,*,*,劉墉,*,*
劉永福,5,5,518,N,peoplename,*,*,*,*,劉永福,*,*
柳盜跖,5,5,518,N,peoplename,*,*,*,*,柳盜跖,*,*
柳柳州,5,5,518,N,peoplename,*,*,*,*,柳柳州,*,*
柳公權,5,5,518,N,peoplename,*,*,*,*,柳公權,*,*
柳開,5,5,518,N,peoplename,*,*,*,*,柳開,*,*
柳河東,5,5,518,N,peoplename,*,*,*,*,柳河東,*,*
柳敬亭,5,5,518,N,peoplename,*,*,*,*,柳敬亭,*,*
柳下惠,5,5,518,N,peoplename,*,*,*,*,柳下惠,*,*
柳如是,5,5,518,N,peoplename,*,*,*,*,柳如是,*,*
柳宗元,5,5,518,N,peoplename,*,*,*,*,柳宗元,*,*
柳詒徵,5,5,518,N,peoplename,*,*,*,*,柳詒徵,*,*
柳永,5,5,518,N,peoplename,*,*,*,*,柳永,*,*
連橫,5,5,518,N,peoplename,*,*,*,*,連橫,*,*
連雅堂,5,5,518,N,peoplename,*,*,*,*,連雅堂,*,*
廉頗,5,5,518,N,peoplename,*,*,*,*,廉頗,*,*
林白,5,5,518,N,peoplename,*,*,*,*,林白,*,*
林逋,5,5,518,N,peoplename,*,*,*,*,林逋,*,*
林布蘭,5,5,518,N,peoplename,*,*,*,*,林布蘭,*,*
林默娘,5,5,518,N,peoplename,*,*,*,*,林默娘,*,*
林風眠,5,5,518,N,peoplename,*,*,*,*,林風眠,*,*
林樂知,5,5,518,N,peoplename,*,*,*,*,林樂知,*,*
林羅山,5,5,518,N,peoplename,*,*,*,*,林羅山,*,*
林肯,5,5,518,N,peoplename,*,*,*,*,林肯,*,*
林和靖,5,5,518,N,peoplename,*,*,*,*,林和靖,*,*
林覺民,5,5,518,N,peoplename,*,*,*,*,林覺民,*,*
林琴南,5,5,518,N,peoplename,*,*,*,*,林琴南,*,*
林獻堂,5,5,518,N,peoplename,*,*,*,*,林獻堂,*,*
林紓,5,5,518,N,peoplename,*,*,*,*,林紓,*,*
林爽文,5,5,518,N,peoplename,*,*,*,*,林爽文,*,*
林則徐,5,5,518,N,peoplename,*,*,*,*,林則徐,*,*
林森,5,5,518,N,peoplename,*,*,*,*,林森,*,*
林語堂,5,5,518,N,peoplename,*,*,*,*,林語堂,*,*
藺相如,5,5,518,N,peoplename,*,*,*,*,藺相如,*,*
良价,5,5,518,N,peoplename,*,*,*,*,良价,*,*
梁太祖,5,5,518,N,peoplename,*,*,*,*,梁太祖,*,*
梁楷,5,5,518,N,peoplename,*,*,*,*,梁楷,*,*
梁紅玉,5,5,518,N,peoplename,*,*,*,*,梁紅玉,*,*
梁鴻,5,5,518,N,peoplename,*,*,*,*,梁鴻,*,*
梁啟超,5,5,518,N,peoplename,*,*,*,*,梁啟超,*,*
梁辰魚,5,5,518,N,peoplename,*,*,*,*,梁辰魚,*,*
梁任公,5,5,518,N,peoplename,*,*,*,*,梁任公,*,*
梁元帝,5,5,518,N,peoplename,*,*,*,*,梁元帝,*,*
凌濛初,5,5,518,N,peoplename,*,*,*,*,凌濛初,*,*
盧同,5,5,518,N,peoplename,*,*,*,*,盧同,*,*
盧稜伽,5,5,518,N,peoplename,*,*,*,*,盧稜伽,*,*
盧綸,5,5,518,N,peoplename,*,*,*,*,盧綸,*,*
盧前,5,5,518,N,peoplename,*,*,*,*,盧前,*,*
盧摯,5,5,518,N,peoplename,*,*,*,*,盧摯,*,*
盧照鄰,5,5,518,N,peoplename,*,*,*,*,盧照鄰,*,*
盧梭,5,5,518,N,peoplename,*,*,*,*,盧梭,*,*
盧文弨,5,5,518,N,peoplename,*,*,*,*,盧文弨,*,*
魯本斯,5,5,518,N,peoplename,*,*,*,*,魯本斯,*,*
魯道夫,5,5,518,N,peoplename,*,*,*,*,魯道夫,*,*
魯迅,5,5,518,N,peoplename,*,*,*,*,魯迅,*,*
魯仲連,5,5,518,N,peoplename,*,*,*,*,魯仲連,*,*
魯肅,5,5,518,N,peoplename,*,*,*,*,魯肅,*,*
陸游,5,5,518,N,peoplename,*,*,*,*,陸游,*,*
陸法言,5,5,518,N,peoplename,*,*,*,*,陸法言,*,*
陸德明,5,5,518,N,peoplename,*,*,*,*,陸德明,*,*
陸龜蒙,5,5,518,N,peoplename,*,*,*,*,陸龜蒙,*,*
陸凱,5,5,518,N,peoplename,*,*,*,*,陸凱,*,*
陸抗,5,5,518,N,peoplename,*,*,*,*,陸抗,*,*
陸皓東,5,5,518,N,peoplename,*,*,*,*,陸皓東,*,*
陸鴻漸,5,5,518,N,peoplename,*,*,*,*,陸鴻漸,*,*
陸機,5,5,518,N,peoplename,*,*,*,*,陸機,*,*
陸績,5,5,518,N,peoplename,*,*,*,*,陸績,*,*
陸賈,5,5,518,N,peoplename,*,*,*,*,陸賈,*,*
陸九齡,5,5,518,N,peoplename,*,*,*,*,陸九齡,*,*
陸九淵,5,5,518,N,peoplename,*,*,*,*,陸九淵,*,*
陸秀夫,5,5,518,N,peoplename,*,*,*,*,陸秀夫,*,*
陸續,5,5,518,N,peoplename,*,*,*,*,陸續,*,*
陸贄,5,5,518,N,peoplename,*,*,*,*,陸贄,*,*
陸羽,5,5,518,N,peoplename,*,*,*,*,陸羽,*,*
陸雲,5,5,518,N,peoplename,*,*,*,*,陸雲,*,*
路加,5,5,518,N,peoplename,*,*,*,*,路加,*,*
路易十六,5,5,518,N,peoplename,*,*,*,*,路易十六,*,*
路易十四,5,5,518,N,peoplename,*,*,*,*,路易十四,*,*
路易十三,5,5,518,N,peoplename,*,*,*,*,路易十三,*,*
羅聘,5,5,518,N,peoplename,*,*,*,*,羅聘,*,*
羅曼羅蘭,5,5,518,N,peoplename,*,*,*,*,羅曼羅蘭,*,*
羅門諾梭夫,5,5,518,N,peoplename,*,*,*,*,羅門諾梭夫,*,*
羅敷,5,5,518,N,peoplename,*,*,*,*,羅敷,*,*
羅福星,5,5,518,N,peoplename,*,*,*,*,羅福星,*,*
羅丹,5,5,518,N,peoplename,*,*,*,*,羅丹,*,*
羅蘭夫人,5,5,518,N,peoplename,*,*,*,*,羅蘭夫人,*,*
羅貫中,5,5,518,N,peoplename,*,*,*,*,羅貫中,*,*
羅睺羅,5,5,518,N,peoplename,*,*,*,*,羅睺羅,*,*
羅家倫,5,5,518,N,peoplename,*,*,*,*,羅家倫,*,*
羅西里尼,5,5,518,N,peoplename,*,*,*,*,羅西里尼,*,*
羅振玉,5,5,518,N,peoplename,*,*,*,*,羅振玉,*,*
羅常培,5,5,518,N,peoplename,*,*,*,*,羅常培,*,*
羅斯福,5,5,518,N,peoplename,*,*,*,*,羅斯福,*,*
羅塞提,5,5,518,N,peoplename,*,*,*,*,羅塞提,*,*
羅素,5,5,518,N,peoplename,*,*,*,*,羅素,*,*
羅耀拉,5,5,518,N,peoplename,*,*,*,*,羅耀拉,*,*
羅隱,5,5,518,N,peoplename,*,*,*,*,羅隱,*,*
洛謨尼,5,5,518,N,peoplename,*,*,*,*,洛謨尼,*,*
洛曼,5,5,518,N,peoplename,*,*,*,*,洛曼,*,*
洛克,5,5,518,N,peoplename,*,*,*,*,洛克,*,*
洛克菲勒,5,5,518,N,peoplename,*,*,*,*,洛克菲勒,*,*
駱賓王,5,5,518,N,peoplename,*,*,*,*,駱賓王,*,*
侖琴,5,5,518,N,peoplename,*,*,*,*,侖琴,*,*
隆美爾,5,5,518,N,peoplename,*,*,*,*,隆美爾,*,*
龍華民,5,5,518,N,peoplename,*,*,*,*,龍華民,*,*
龍子,5,5,518,N,peoplename,*,*,*,*,龍子,*,*
呂本中,5,5,518,N,peoplename,*,*,*,*,呂本中,*,*
呂不韋,5,5,518,N,peoplename,*,*,*,*,呂不韋,*,*
呂布,5,5,518,N,peoplename,*,*,*,*,呂布,*,*
呂蒙,5,5,518,N,peoplename,*,*,*,*,呂蒙,*,*
呂蒙正,5,5,518,N,peoplename,*,*,*,*,呂蒙正,*,*
呂洞賓,5,5,518,N,peoplename,*,*,*,*,呂洞賓,*,*
呂留良,5,5,518,N,peoplename,*,*,*,*,呂留良,*,*
呂光,5,5,518,N,peoplename,*,*,*,*,呂光,*,*
呂靜,5,5,518,N,peoplename,*,*,*,*,呂靜,*,*
呂忱,5,5,518,N,peoplename,*,*,*,*,呂忱,*,*
呂尚,5,5,518,N,peoplename,*,*,*,*,呂尚,*,*
呂祖謙,5,5,518,N,peoplename,*,*,*,*,呂祖謙,*,*
呂望,5,5,518,N,peoplename,*,*,*,*,呂望,*,*
哥白尼,5,5,518,N,peoplename,*,*,*,*,哥白尼,*,*
哥倫布,5,5,518,N,peoplename,*,*,*,*,哥倫布,*,*
哥舒翰,5,5,518,N,peoplename,*,*,*,*,哥舒翰,*,*
歌德,5,5,518,N,peoplename,*,*,*,*,歌德,*,*
葛天氏,5,5,518,N,peoplename,*,*,*,*,葛天氏,*,*
葛利納,5,5,518,N,peoplename,*,*,*,*,葛利納,*,*
葛洪,5,5,518,N,peoplename,*,*,*,*,葛洪,*,*
葛玄,5,5,518,N,peoplename,*,*,*,*,葛玄,*,*
該隱,5,5,518,N,peoplename,*,*,*,*,該隱,*,*
咎陶,5,5,518,N,peoplename,*,*,*,*,咎陶,*,*
咎繇,5,5,518,N,peoplename,*,*,*,*,咎繇,*,*
高明,5,5,518,N,peoplename,*,*,*,*,高明,*,*
高力士,5,5,518,N,peoplename,*,*,*,*,高力士,*,*
高足,5,5,518,N,peoplename,*,*,*,*,高足,*,*
皋陶,5,5,518,N,peoplename,*,*,*,*,皋陶,*,*
皋魚,5,5,518,N,peoplename,*,*,*,*,皋魚,*,*
告子,5,5,518,N,peoplename,*,*,*,*,告子,*,*
勾踐,5,5,518,N,peoplename,*,*,*,*,勾踐,*,*
句踐,5,5,518,N,peoplename,*,*,*,*,句踐,*,*
干寶,5,5,518,N,peoplename,*,*,*,*,干寶,*,*
干將,5,5,518,N,peoplename,*,*,*,*,干將,*,*
甘茂,5,5,518,N,peoplename,*,*,*,*,甘茂,*,*
甘羅,5,5,518,N,peoplename,*,*,*,*,甘羅,*,*
甘始,5,5,518,N,peoplename,*,*,*,*,甘始,*,*
甘蠅,5,5,518,N,peoplename,*,*,*,*,甘蠅,*,*
耿精忠,5,5,518,N,peoplename,*,*,*,*,耿精忠,*,*
孤拔,5,5,518,N,peoplename,*,*,*,*,孤拔,*,*
古公亶父,5,5,518,N,peoplename,*,*,*,*,古公亶父,*,*
谷永,5,5,518,N,peoplename,*,*,*,*,谷永,*,*
顧愷之,5,5,518,N,peoplename,*,*,*,*,顧愷之,*,*
顧炎武,5,5,518,N,peoplename,*,*,*,*,顧炎武,*,*
郭璞,5,5,518,N,peoplename,*,*,*,*,郭璞,*,*
郭汾陽,5,5,518,N,peoplename,*,*,*,*,郭汾陽,*,*
郭令公,5,5,518,N,peoplename,*,*,*,*,郭令公,*,*
郭解,5,5,518,N,peoplename,*,*,*,*,郭解,*,*
郭景純,5,5,518,N,peoplename,*,*,*,*,郭景純,*,*
郭熙,5,5,518,N,peoplename,*,*,*,*,郭熙,*,*
郭忠恕,5,5,518,N,peoplename,*,*,*,*,郭忠恕,*,*
郭守敬,5,5,518,N,peoplename,*,*,*,*,郭守敬,*,*
郭子儀,5,5,518,N,peoplename,*,*,*,*,郭子儀,*,*
歸有光,5,5,518,N,peoplename,*,*,*,*,歸有光,*,*
鬼谷子,5,5,518,N,peoplename,*,*,*,*,鬼谷子,*,*
關平,5,5,518,N,peoplename,*,*,*,*,關平,*,*
關同,5,5,518,N,peoplename,*,*,*,*,關同,*,*
關漢卿,5,5,518,N,peoplename,*,*,*,*,關漢卿,*,*
關羽,5,5,518,N,peoplename,*,*,*,*,關羽,*,*
關雲長,5,5,518,N,peoplename,*,*,*,*,關雲長,*,*
管道昇,5,5,518,N,peoplename,*,*,*,*,管道昇,*,*
管寧,5,5,518,N,peoplename,*,*,*,*,管寧,*,*
管仲,5,5,518,N,peoplename,*,*,*,*,管仲,*,*
管叔,5,5,518,N,peoplename,*,*,*,*,管叔,*,*
管夷吾,5,5,518,N,peoplename,*,*,*,*,管夷吾,*,*
毌丘儉,5,5,518,N,peoplename,*,*,*,*,毌丘儉,*,*
貫休,5,5,518,N,peoplename,*,*,*,*,貫休,*,*
貫雲石,5,5,518,N,peoplename,*,*,*,*,貫雲石,*,*
鯀,5,5,518,N,peoplename,*,*,*,*,鯀,*,*
廣文,5,5,518,N,peoplename,*,*,*,*,廣文,*,*
工倕,5,5,518,N,peoplename,*,*,*,*,工倕,*,*
公劉,5,5,518,N,peoplename,*,*,*,*,公劉,*,*
公西赤,5,5,518,N,peoplename,*,*,*,*,公西赤,*,*
公輸般,5,5,518,N,peoplename,*,*,*,*,公輸般,*,*
公孫龍,5,5,518,N,peoplename,*,*,*,*,公孫龍,*,*
公孫弘,5,5,518,N,peoplename,*,*,*,*,公孫弘,*,*
公孫丑,5,5,518,N,peoplename,*,*,*,*,公孫丑,*,*
公孫杵臼,5,5,518,N,peoplename,*,*,*,*,公孫杵臼,*,*
公冶長,5,5,518,N,peoplename,*,*,*,*,公冶長,*,*
公羊高,5,5,518,N,peoplename,*,*,*,*,公羊高,*,*
龔開,5,5,518,N,peoplename,*,*,*,*,龔開,*,*
龔賢,5,5,518,N,peoplename,*,*,*,*,龔賢,*,*
龔勝,5,5,518,N,peoplename,*,*,*,*,龔勝,*,*
龔自珍,5,5,518,N,peoplename,*,*,*,*,龔自珍,*,*
龔遂,5,5,518,N,peoplename,*,*,*,*,龔遂,*,*
宮本武藏,5,5,518,N,peoplename,*,*,*,*,宮本武藏,*,*
鞏珍,5,5,518,N,peoplename,*,*,*,*,鞏珍,*,*
貢禹,5,5,518,N,peoplename,*,*,*,*,貢禹,*,*
卡繆,5,5,518,N,peoplename,*,*,*,*,卡繆,*,*
卡夫卡,5,5,518,N,peoplename,*,*,*,*,卡夫卡,*,*
卡內基,5,5,518,N,peoplename,*,*,*,*,卡內基,*,*
卡拉揚,5,5,518,N,peoplename,*,*,*,*,卡拉揚,*,*
柯梅尼,5,5,518,N,peoplename,*,*,*,*,柯梅尼,*,*
柯林斯,5,5,518,N,peoplename,*,*,*,*,柯林斯,*,*
克卜勒,5,5,518,N,peoplename,*,*,*,*,克卜勒,*,*
克萊斯勒,5,5,518,N,peoplename,*,*,*,*,克萊斯勒,*,*
克雷因,5,5,518,N,peoplename,*,*,*,*,克雷因,*,*
克里蒙梭,5,5,518,N,peoplename,*,*,*,*,克里蒙梭,*,*
克羅德,5,5,518,N,peoplename,*,*,*,*,克羅德,*,*
克倫威爾,5,5,518,N,peoplename,*,*,*,*,克倫威爾,*,*
克希荷夫,5,5,518,N,peoplename,*,*,*,*,克希荷夫,*,*
克耳文,5,5,518,N,peoplename,*,*,*,*,克耳文,*,*
凱末爾,5,5,518,N,peoplename,*,*,*,*,凱末爾,*,*
凱撒,5,5,518,N,peoplename,*,*,*,*,凱撒,*,*
凱薩琳,5,5,518,N,peoplename,*,*,*,*,凱薩琳,*,*
凱瑟,5,5,518,N,peoplename,*,*,*,*,凱瑟,*,*
凱恩斯,5,5,518,N,peoplename,*,*,*,*,凱恩斯,*,*
寇謙之,5,5,518,N,peoplename,*,*,*,*,寇謙之,*,*
寇恂,5,5,518,N,peoplename,*,*,*,*,寇恂,*,*
寇準,5,5,518,N,peoplename,*,*,*,*,寇準,*,*
康德,5,5,518,N,peoplename,*,*,*,*,康德,*,*
康德黎,5,5,518,N,peoplename,*,*,*,*,康德黎,*,*
康有為,5,5,518,N,peoplename,*,*,*,*,康有為,*,*
庫侖,5,5,518,N,peoplename,*,*,*,*,庫侖,*,*
嚳,5,5,518,N,peoplename,*,*,*,*,嚳,*,*
蒯通,5,5,518,N,peoplename,*,*,*,*,蒯通,*,*
窺基,5,5,518,N,peoplename,*,*,*,*,窺基,*,*
夔,5,5,518,N,peoplename,*,*,*,*,夔,*,*
髡殘,5,5,518,N,peoplename,*,*,*,*,髡殘,*,*
匡衡,5,5,518,N,peoplename,*,*,*,*,匡衡,*,*
空海,5,5,518,N,peoplename,*,*,*,*,空海,*,*
孔父嘉,5,5,518,N,peoplename,*,*,*,*,孔父嘉,*,*
孔鮒,5,5,518,N,peoplename,*,*,*,*,孔鮒,*,*
孔德,5,5,518,N,peoplename,*,*,*,*,孔德,*,*
孔廣森,5,5,518,N,peoplename,*,*,*,*,孔廣森,*,*
孔伋,5,5,518,N,peoplename,*,*,*,*,孔伋,*,*
孔甲,5,5,518,N,peoplename,*,*,*,*,孔甲,*,*
孔丘,5,5,518,N,peoplename,*,*,*,*,孔丘,*,*
孔祥熙,5,5,518,N,peoplename,*,*,*,*,孔祥熙,*,*
孔稚珪,5,5,518,N,peoplename,*,*,*,*,孔稚珪,*,*
孔尚任,5,5,518,N,peoplename,*,*,*,*,孔尚任,*,*
孔融,5,5,518,N,peoplename,*,*,*,*,孔融,*,*
孔安國,5,5,518,N,peoplename,*,*,*,*,孔安國,*,*
孔穎達,5,5,518,N,peoplename,*,*,*,*,孔穎達,*,*
哈代,5,5,518,N,peoplename,*,*,*,*,哈代,*,*
哈維,5,5,518,N,peoplename,*,*,*,*,哈維,*,*
和珅,5,5,518,N,peoplename,*,*,*,*,和珅,*,*
何滿子,5,5,518,N,peoplename,*,*,*,*,何滿子,*,*
何進,5,5,518,N,peoplename,*,*,*,*,何進,*,*
何景明,5,5,518,N,peoplename,*,*,*,*,何景明,*,*
何休,5,5,518,N,peoplename,*,*,*,*,何休,*,*
何仙姑,5,5,518,N,peoplename,*,*,*,*,何仙姑,*,*
何遜,5,5,518,N,peoplename,*,*,*,*,何遜,*,*
何焯,5,5,518,N,peoplename,*,*,*,*,何焯,*,*
何承天,5,5,518,N,peoplename,*,*,*,*,何承天,*,*
何紹基,5,5,518,N,peoplename,*,*,*,*,何紹基,*,*
何晏,5,5,518,N,peoplename,*,*,*,*,何晏,*,*
河亶甲,5,5,518,N,peoplename,*,*,*,*,河亶甲,*,*
河間獻王,5,5,518,N,peoplename,*,*,*,*,河間獻王,*,*
荷馬,5,5,518,N,peoplename,*,*,*,*,荷馬,*,*
紇,5,5,518,N,peoplename,*,*,*,*,紇,*,*
闔閭,5,5,518,N,peoplename,*,*,*,*,闔閭,*,*
赫德,5,5,518,N,peoplename,*,*,*,*,赫德,*,*
赫魯雪夫,5,5,518,N,peoplename,*,*,*,*,赫魯雪夫,*,*
赫胥黎,5,5,518,N,peoplename,*,*,*,*,赫胥黎,*,*
赫茲,5,5,518,N,peoplename,*,*,*,*,赫茲,*,*
赫斯特,5,5,518,N,peoplename,*,*,*,*,赫斯特,*,*
赫塞,5,5,518,N,peoplename,*,*,*,*,赫塞,*,*
賀知章,5,5,518,N,peoplename,*,*,*,*,賀知章,*,*
賀鑄,5,5,518,N,peoplename,*,*,*,*,賀鑄,*,*
海明威,5,5,518,N,peoplename,*,*,*,*,海明威,*,*
海都,5,5,518,N,peoplename,*,*,*,*,海都,*,*
海頓,5,5,518,N,peoplename,*,*,*,*,海頓,*,*
海涅,5,5,518,N,peoplename,*,*,*,*,海涅,*,*
海倫凱勒,5,5,518,N,peoplename,*,*,*,*,海倫凱勒,*,*
海格,5,5,518,N,peoplename,*,*,*,*,海格,*,*
海瑞,5,5,518,N,peoplename,*,*,*,*,海瑞,*,*
海森堡,5,5,518,N,peoplename,*,*,*,*,海森堡,*,*
黑格爾,5,5,518,N,peoplename,*,*,*,*,黑格爾,*,*
黑澤明,5,5,518,N,peoplename,*,*,*,*,黑澤明,*,*
侯白,5,5,518,N,peoplename,*,*,*,*,侯白,*,*
侯方域,5,5,518,N,peoplename,*,*,*,*,侯方域,*,*
侯景,5,5,518,N,peoplename,*,*,*,*,侯景,*,*
侯嬴,5,5,518,N,peoplename,*,*,*,*,侯嬴,*,*
邯鄲淳,5,5,518,N,peoplename,*,*,*,*,邯鄲淳,*,*
寒風,5,5,518,N,peoplename,*,*,*,*,寒風,*,*
寒浞,5,5,518,N,peoplename,*,*,*,*,寒浞,*,*
寒山,5,5,518,N,peoplename,*,*,*,*,寒山,*,*
韓朋,5,5,518,N,peoplename,*,*,*,*,韓朋,*,*
韓非,5,5,518,N,peoplename,*,*,*,*,韓非,*,*
韓德生,5,5,518,N,peoplename,*,*,*,*,韓德生,*,*
韓德爾,5,5,518,N,peoplename,*,*,*,*,韓德爾,*,*
韓侂冑,5,5,518,N,peoplename,*,*,*,*,韓侂冑,*,*
韓林兒,5,5,518,N,peoplename,*,*,*,*,韓林兒,*,*
韓幹,5,5,518,N,peoplename,*,*,*,*,韓幹,*,*
韓翃,5,5,518,N,peoplename,*,*,*,*,韓翃,*,*
韓琦,5,5,518,N,peoplename,*,*,*,*,韓琦,*,*
韓擒虎,5,5,518,N,peoplename,*,*,*,*,韓擒虎,*,*
韓信,5,5,518,N,peoplename,*,*,*,*,韓信,*,*
韓湘子,5,5,518,N,peoplename,*,*,*,*,韓湘子,*,*
韓昌黎,5,5,518,N,peoplename,*,*,*,*,韓昌黎,*,*
韓世忠,5,5,518,N,peoplename,*,*,*,*,韓世忠,*,*
韓嬰,5,5,518,N,peoplename,*,*,*,*,韓嬰,*,*
韓偓,5,5,518,N,peoplename,*,*,*,*,韓偓,*,*
韓愈,5,5,518,N,peoplename,*,*,*,*,韓愈,*,*
漢尼拔,5,5,518,N,peoplename,*,*,*,*,漢尼拔,*,*
亨利八世,5,5,518,N,peoplename,*,*,*,*,亨利八世,*,*
亨利方達,5,5,518,N,peoplename,*,*,*,*,亨利方達,*,*
亨利福特,5,5,518,N,peoplename,*,*,*,*,亨利福特,*,*
亨利魯斯,5,5,518,N,peoplename,*,*,*,*,亨利魯斯,*,*
亨利七世,5,5,518,N,peoplename,*,*,*,*,亨利七世,*,*
亨利五世,5,5,518,N,peoplename,*,*,*,*,亨利五世,*,*
忽必烈,5,5,518,N,peoplename,*,*,*,*,忽必烈,*,*
狐偃,5,5,518,N,peoplename,*,*,*,*,狐偃,*,*
胡樸安,5,5,518,N,peoplename,*,*,*,*,胡樸安,*,*
胡母敬,5,5,518,N,peoplename,*,*,*,*,胡母敬,*,*
胡佛,5,5,518,N,peoplename,*,*,*,*,胡佛,*,*
胡林翼,5,5,518,N,peoplename,*,*,*,*,胡林翼,*,*
胡亥,5,5,518,N,peoplename,*,*,*,*,胡亥,*,*
胡銓,5,5,518,N,peoplename,*,*,*,*,胡銓,*,*
胡志明,5,5,518,N,peoplename,*,*,*,*,胡志明,*,*
胡適,5,5,518,N,peoplename,*,*,*,*,胡適,*,*
胡三省,5,5,518,N,peoplename,*,*,*,*,胡三省,*,*
胡安國,5,5,518,N,peoplename,*,*,*,*,胡安國,*,*
胡惟庸,5,5,518,N,peoplename,*,*,*,*,胡惟庸,*,*
胡瑗,5,5,518,N,peoplename,*,*,*,*,胡瑗,*,*
虎克,5,5,518,N,peoplename,*,*,*,*,虎克,*,*
護法,5,5,518,N,peoplename,*,*,*,*,護法,*,*
花名,5,5,518,N,peoplename,*,*,*,*,花名,*,*
花木蘭,5,5,518,N,peoplename,*,*,*,*,花木蘭,*,*
花蕊夫人,5,5,518,N,peoplename,*,*,*,*,花蕊夫人,*,*
華德狄斯耐,5,5,518,N,peoplename,*,*,*,*,華德狄斯耐,*,*
華勒沙,5,5,518,N,peoplename,*,*,*,*,華勒沙,*,*
華萊士,5,5,518,N,peoplename,*,*,*,*,華萊士,*,*
華格納,5,5,518,N,peoplename,*,*,*,*,華格納,*,*
華盛頓,5,5,518,N,peoplename,*,*,*,*,華盛頓,*,*
華佗,5,5,518,N,peoplename,*,*,*,*,華佗,*,*
華蘅芳,5,5,518,N,peoplename,*,*,*,*,華蘅芳,*,*
華歆,5,5,518,N,peoplename,*,*,*,*,華歆,*,*
華嵒,5,5,518,N,peoplename,*,*,*,*,華嵒,*,*
華岳,5,5,518,N,peoplename,*,*,*,*,華岳,*,*
華元,5,5,518,N,peoplename,*,*,*,*,華元,*,*
霍布斯,5,5,518,N,peoplename,*,*,*,*,霍布斯,*,*
霍普特曼,5,5,518,N,peoplename,*,*,*,*,霍普特曼,*,*
霍光,5,5,518,N,peoplename,*,*,*,*,霍光,*,*
霍去病,5,5,518,N,peoplename,*,*,*,*,霍去病,*,*
霍桑,5,5,518,N,peoplename,*,*,*,*,霍桑,*,*
懷德海,5,5,518,N,peoplename,*,*,*,*,懷德海,*,*
懷素,5,5,518,N,peoplename,*,*,*,*,懷素,*,*
惠棟,5,5,518,N,peoplename,*,*,*,*,惠棟,*,*
惠特曼,5,5,518,N,peoplename,*,*,*,*,惠特曼,*,*
惠施,5,5,518,N,peoplename,*,*,*,*,惠施,*,*
惠士奇,5,5,518,N,peoplename,*,*,*,*,惠士奇,*,*
桓譚,5,5,518,N,peoplename,*,*,*,*,桓譚,*,*
桓寬,5,5,518,N,peoplename,*,*,*,*,桓寬,*,*
桓溫,5,5,518,N,peoplename,*,*,*,*,桓溫,*,*
皇甫謐,5,5,518,N,peoplename,*,*,*,*,皇甫謐,*,*
皇甫湜,5,5,518,N,peoplename,*,*,*,*,皇甫湜,*,*
皇太極,5,5,518,N,peoplename,*,*,*,*,皇太極,*,*
皇侃,5,5,518,N,peoplename,*,*,*,*,皇侃,*,*
皇象,5,5,518,N,peoplename,*,*,*,*,皇象,*,*
黃霸,5,5,518,N,peoplename,*,*,*,*,黃霸,*,*
黃百韜,5,5,518,N,peoplename,*,*,*,*,黃百韜,*,*
黃賓虹,5,5,518,N,peoplename,*,*,*,*,黃賓虹,*,*
黃丕烈,5,5,518,N,peoplename,*,*,*,*,黃丕烈,*,*
黃道周,5,5,518,N,peoplename,*,*,*,*,黃道周,*,*
黃庭堅,5,5,518,N,peoplename,*,*,*,*,黃庭堅,*,*
黃蓋,5,5,518,N,peoplename,*,*,*,*,黃蓋,*,*
黃公望,5,5,518,N,peoplename,*,*,*,*,黃公望,*,*
黃侃,5,5,518,N,peoplename,*,*,*,*,黃侃,*,*
黃君璧,5,5,518,N,peoplename,*,*,*,*,黃君璧,*,*
黃歇,5,5,518,N,peoplename,*,*,*,*,黃歇,*,*
黃香,5,5,518,N,peoplename,*,*,*,*,黃香,*,*
黃興,5,5,518,N,peoplename,*,*,*,*,黃興,*,*
黃巢,5,5,518,N,peoplename,*,*,*,*,黃巢,*,*
黃山谷,5,5,518,N,peoplename,*,*,*,*,黃山谷,*,*
黃自,5,5,518,N,peoplename,*,*,*,*,黃自,*,*
黃宗羲,5,5,518,N,peoplename,*,*,*,*,黃宗羲,*,*
洪邁,5,5,518,N,peoplename,*,*,*,*,洪邁,*,*
洪秀全,5,5,518,N,peoplename,*,*,*,*,洪秀全,*,*
洪承疇,5,5,518,N,peoplename,*,*,*,*,洪承疇,*,*
洪昇,5,5,518,N,peoplename,*,*,*,*,洪昇,*,*
洪自誠,5,5,518,N,peoplename,*,*,*,*,洪自誠,*,*
箕子,5,5,518,N,peoplename,*,*,*,*,箕子,*,*
嵇康,5,5,518,N,peoplename,*,*,*,*,嵇康,*,*
嵇紹,5,5,518,N,peoplename,*,*,*,*,嵇紹,*,*
汲黯,5,5,518,N,peoplename,*,*,*,*,汲黯,*,*
吉備真備,5,5,518,N,peoplename,*,*,*,*,吉備真備,*,*
吉卜齡,5,5,518,N,peoplename,*,*,*,*,吉卜齡,*,*
吉朋,5,5,518,N,peoplename,*,*,*,*,吉朋,*,*
吉田茂,5,5,518,N,peoplename,*,*,*,*,吉田茂,*,*
吉田松陰,5,5,518,N,peoplename,*,*,*,*,吉田松陰,*,*
吉辛,5,5,518,N,peoplename,*,*,*,*,吉辛,*,*
吉星文,5,5,518,N,peoplename,*,*,*,*,吉星文,*,*
吉川英治,5,5,518,N,peoplename,*,*,*,*,吉川英治,*,*
吉藏,5,5,518,N,peoplename,*,*,*,*,吉藏,*,*
紀德,5,5,518,N,peoplename,*,*,*,*,紀德,*,*
紀曉嵐,5,5,518,N,peoplename,*,*,*,*,紀曉嵐,*,*
紀昀,5,5,518,N,peoplename,*,*,*,*,紀昀,*,*
季布,5,5,518,N,peoplename,*,*,*,*,季布,*,*
季札,5,5,518,N,peoplename,*,*,*,*,季札,*,*
濟慈,5,5,518,N,peoplename,*,*,*,*,濟慈,*,*
加富爾,5,5,518,N,peoplename,*,*,*,*,加富爾,*,*
加里波的,5,5,518,N,peoplename,*,*,*,*,加里波的,*,*
伽馬,5,5,518,N,peoplename,*,*,*,*,伽馬,*,*
伽利略,5,5,518,N,peoplename,*,*,*,*,伽利略,*,*
迦蘭陀,5,5,518,N,peoplename,*,*,*,*,迦蘭陀,*,*
迦旃延,5,5,518,N,peoplename,*,*,*,*,迦旃延,*,*
賈島,5,5,518,N,peoplename,*,*,*,*,賈島,*,*
賈魯,5,5,518,N,peoplename,*,*,*,*,賈魯,*,*
賈公彥,5,5,518,N,peoplename,*,*,*,*,賈公彥,*,*
賈逵,5,5,518,N,peoplename,*,*,*,*,賈逵,*,*
賈似道,5,5,518,N,peoplename,*,*,*,*,賈似道,*,*
賈誼,5,5,518,N,peoplename,*,*,*,*,賈誼,*,*
揭傒斯,5,5,518,N,peoplename,*,*,*,*,揭傒斯,*,*
桀,5,5,518,N,peoplename,*,*,*,*,桀,*,*
傑弗遜,5,5,518,N,peoplename,*,*,*,*,傑弗遜,*,*
傑佛士,5,5,518,N,peoplename,*,*,*,*,傑佛士,*,*
傑克倫敦,5,5,518,N,peoplename,*,*,*,*,傑克倫敦,*,*
傑克遜,5,5,518,N,peoplename,*,*,*,*,傑克遜,*,*
介之推,5,5,518,N,peoplename,*,*,*,*,介之推,*,*
芥川龍之介,5,5,518,N,peoplename,*,*,*,*,芥川龍之介,*,*
焦循,5,5,518,N,peoplename,*,*,*,*,焦循,*,*
焦仲卿,5,5,518,N,peoplename,*,*,*,*,焦仲卿,*,*
膠鬲,5,5,518,N,peoplename,*,*,*,*,膠鬲,*,*
鳩摩羅什,5,5,518,N,peoplename,*,*,*,*,鳩摩羅什,*,*
九方皋,5,5,244,N,peoplename,*,*,*,*,九方皋,*,*
簡朝亮,5,5,518,N,peoplename,*,*,*,*,簡朝亮,*,*
金榜,5,5,518,N,peoplename,*,*,*,*,金榜,*,*
金日磾,5,5,518,N,peoplename,*,*,*,*,金日磾,*,*
金農,5,5,518,N,peoplename,*,*,*,*,金農,*,*
金履祥,5,5,518,N,peoplename,*,*,*,*,金履祥,*,*
金和,5,5,518,N,peoplename,*,*,*,*,金和,*,*
金張,5,5,518,N,peoplename,*,*,*,*,金張,*,*
金石錄,5,5,518,N,peoplename,*,*,*,*,金石錄,*,*
金聲,5,5,518,N,peoplename,*,*,*,*,金聲,*,*
金恩,5,5,518,N,peoplename,*,*,*,*,金恩,*,*
津田左右吉,5,5,518,N,peoplename,*,*,*,*,津田左右吉,*,*
江彬,5,5,518,N,peoplename,*,*,*,*,江彬,*,*
江統,5,5,518,N,peoplename,*,*,*,*,江統,*,*
江加走,5,5,518,N,peoplename,*,*,*,*,江加走,*,*
江聲,5,5,518,N,peoplename,*,*,*,*,江聲,*,*
江總,5,5,518,N,peoplename,*,*,*,*,江總,*,*
江參,5,5,518,N,peoplename,*,*,*,*,江參,*,*
江有誥,5,5,518,N,peoplename,*,*,*,*,江有誥,*,*
江淹,5,5,518,N,peoplename,*,*,*,*,江淹,*,*
江永,5,5,518,N,peoplename,*,*,*,*,江永,*,*
姜太公,5,5,518,N,peoplename,*,*,*,*,姜太公,*,*
姜夔,5,5,518,N,peoplename,*,*,*,*,姜夔,*,*
姜宸英,5,5,518,N,peoplename,*,*,*,*,姜宸英,*,*
姜尚,5,5,518,N,peoplename,*,*,*,*,姜尚,*,*
姜子牙,5,5,518,N,peoplename,*,*,*,*,姜子牙,*,*
姜維,5,5,518,N,peoplename,*,*,*,*,姜維,*,*
姜嫄,5,5,518,N,peoplename,*,*,*,*,姜嫄,*,*
蔣百里,5,5,518,N,peoplename,*,*,*,*,蔣百里,*,*
蔣夢麟,5,5,518,N,peoplename,*,*,*,*,蔣夢麟,*,*
蔣方震,5,5,518,N,peoplename,*,*,*,*,蔣方震,*,*
蔣防,5,5,518,N,peoplename,*,*,*,*,蔣防,*,*
蔣廷錫,5,5,518,N,peoplename,*,*,*,*,蔣廷錫,*,*
蔣濟,5,5,518,N,peoplename,*,*,*,*,蔣濟,*,*
蔣捷,5,5,518,N,peoplename,*,*,*,*,蔣捷,*,*
蔣經國,5,5,518,N,peoplename,*,*,*,*,蔣經國,*,*
蔣中正,5,5,518,N,peoplename,*,*,*,*,蔣中正,*,*
蔣春霖,5,5,518,N,peoplename,*,*,*,*,蔣春霖,*,*
蔣士銓,5,5,518,N,peoplename,*,*,*,*,蔣士銓,*,*
蔣琬,5,5,518,N,peoplename,*,*,*,*,蔣琬,*,*
京房,5,5,518,N,peoplename,*,*,*,*,京房,*,*
荊軻,5,5,518,N,peoplename,*,*,*,*,荊軻,*,*
荊浩,5,5,518,N,peoplename,*,*,*,*,荊浩,*,*
景差,5,5,518,N,peoplename,*,*,*,*,景差,*,*
沮誦,5,5,518,N,peoplename,*,*,*,*,沮誦,*,*
居里,5,5,518,N,peoplename,*,*,*,*,居里,*,*
居里夫人,5,5,518,N,peoplename,*,*,*,*,居里夫人,*,*
菊池寬,5,5,518,N,peoplename,*,*,*,*,菊池寬,*,*
巨然,5,5,518,N,peoplename,*,*,*,*,巨然,*,*
君士坦丁大帝,5,5,518,N,peoplename,*,*,*,*,君士坦丁大帝,*,*
戚夫人,5,5,518,N,peoplename,*,*,*,*,戚夫人,*,*
戚繼光,5,5,518,N,peoplename,*,*,*,*,戚繼光,*,*
岐伯,5,5,518,N,peoplename,*,*,*,*,岐伯,*,*
琦善,5,5,518,N,peoplename,*,*,*,*,琦善,*,*
耆英,5,5,518,N,peoplename,*,*,*,*,耆英,*,*
齊伯林,5,5,518,N,peoplename,*,*,*,*,齊伯林,*,*
齊白石,5,5,518,N,peoplename,*,*,*,*,齊白石,*,*
齊明,5,5,518,N,peoplename,*,*,*,*,齊明,*,*
齊鐵恨,5,5,518,N,peoplename,*,*,*,*,齊鐵恨,*,*
齊諾,5,5,518,N,peoplename,*,*,*,*,齊諾,*,*
齊克果,5,5,518,N,peoplename,*,*,*,*,齊克果,*,*
齊諧,5,5,518,N,peoplename,*,*,*,*,齊諧,*,*
乞伏國仁,5,5,518,N,peoplename,*,*,*,*,乞伏國仁,*,*
杞梁,5,5,518,N,peoplename,*,*,*,*,杞梁,*,*
啟,5,5,518,N,peoplename,*,*,*,*,啟,*,*
棄,5,5,518,N,peoplename,*,*,*,*,棄,*,*
棄宗弄贊,5,5,518,N,peoplename,*,*,*,*,棄宗弄贊,*,*
喬吉,5,5,518,N,peoplename,*,*,*,*,喬吉,*,*
譙周,5,5,518,N,peoplename,*,*,*,*,譙周,*,*
丘逢甲,5,5,518,N,peoplename,*,*,*,*,丘逢甲,*,*
丘遲,5,5,518,N,peoplename,*,*,*,*,丘遲,*,*
丘處機,5,5,518,N,peoplename,*,*,*,*,丘處機,*,*
邱吉爾,5,5,518,N,peoplename,*,*,*,*,邱吉爾,*,*
秋胡,5,5,518,N,peoplename,*,*,*,*,秋胡,*,*
秋瑾,5,5,518,N,peoplename,*,*,*,*,秋瑾,*,*
仇英,5,5,518,N,peoplename,*,*,*,*,仇英,*,*
錢灃,5,5,518,N,peoplename,*,*,*,*,錢灃,*,*
錢大昕,5,5,518,N,peoplename,*,*,*,*,錢大昕,*,*
錢大昭,5,5,518,N,peoplename,*,*,*,*,錢大昭,*,*
錢坫,5,5,518,N,peoplename,*,*,*,*,錢坫,*,*
錢起,5,5,518,N,peoplename,*,*,*,*,錢起,*,*
錢謙益,5,5,518,N,peoplename,*,*,*,*,錢謙益,*,*
錢玄同,5,5,518,N,peoplename,*,*,*,*,錢玄同,*,*
錢泳,5,5,518,N,peoplename,*,*,*,*,錢泳,*,*
秦良玉,5,5,518,N,peoplename,*,*,*,*,秦良玉,*,*
秦觀,5,5,518,N,peoplename,*,*,*,*,秦觀,*,*
秦檜,5,5,518,N,peoplename,*,*,*,*,秦檜,*,*
秦少游,5,5,518,N,peoplename,*,*,*,*,秦少游,*,*
秦叔寶,5,5,518,N,peoplename,*,*,*,*,秦叔寶,*,*
秦舞陽,5,5,518,N,peoplename,*,*,*,*,秦舞陽,*,*
禽滑釐,5,5,518,N,peoplename,*,*,*,*,禽滑釐,*,*
慶父,5,5,518,N,peoplename,*,*,*,*,慶父,*,*
慶忌,5,5,518,N,peoplename,*,*,*,*,慶忌,*,*
屈平,5,5,518,N,peoplename,*,*,*,*,屈平,*,*
屈大均,5,5,518,N,peoplename,*,*,*,*,屈大均,*,*
屈萬里,5,5,518,N,peoplename,*,*,*,*,屈萬里,*,*
屈原,5,5,518,N,peoplename,*,*,*,*,屈原,*,*
瞿式耜,5,5,518,N,peoplename,*,*,*,*,瞿式耜,*,*
蘧伯玉,5,5,518,N,peoplename,*,*,*,*,蘧伯玉,*,*
蘧瑗,5,5,518,N,peoplename,*,*,*,*,蘧瑗,*,*
西貝流士,5,5,518,N,peoplename,*,*,*,*,西貝流士,*,*
西門豹,5,5,518,N,peoplename,*,*,*,*,西門豹,*,*
西門子,5,5,518,N,peoplename,*,*,*,*,西門子,*,*
西蒙遜,5,5,518,N,peoplename,*,*,*,*,西蒙遜,*,*
西迦爾,5,5,518,N,peoplename,*,*,*,*,西迦爾,*,*
西鄉隆盛,5,5,518,N,peoplename,*,*,*,*,西鄉隆盛,*,*
西塞羅,5,5,518,N,peoplename,*,*,*,*,西塞羅,*,*
希特勒,5,5,518,N,peoplename,*,*,*,*,希特勒,*,*
希羅多德,5,5,518,N,peoplename,*,*,*,*,希羅多德,*,*
希區考克,5,5,518,N,peoplename,*,*,*,*,希區考克,*,*
希斯亞德,5,5,518,N,peoplename,*,*,*,*,希斯亞德,*,*
希爾頓,5,5,518,N,peoplename,*,*,*,*,希爾頓,*,*
悉達多,5,5,518,N,peoplename,*,*,*,*,悉達多,*,*
席勒,5,5,518,N,peoplename,*,*,*,*,席勒,*,*
夏丏尊,5,5,518,N,peoplename,*,*,*,*,夏丏尊,*,*
夏目漱石,5,5,518,N,peoplename,*,*,*,*,夏目漱石,*,*
夏綠蒂,5,5,518,N,peoplename,*,*,*,*,夏綠蒂,*,*
夏珪,5,5,518,N,peoplename,*,*,*,*,夏珪,*,*
夏侯惇,5,5,518,N,peoplename,*,*,*,*,夏侯惇,*,*
夏侯建,5,5,518,N,peoplename,*,*,*,*,夏侯建,*,*
夏侯湛,5,5,518,N,peoplename,*,*,*,*,夏侯湛,*,*
夏元瑜,5,5,518,N,peoplename,*,*,*,*,夏元瑜,*,*
契,5,5,518,N,peoplename,*,*,*,*,契,*,*
偰,5,5,518,N,peoplename,*,*,*,*,偰,*,*
偰列箎,5,5,518,N,peoplename,*,*,*,*,偰列箎,*,*
𥜾,5,5,213,N,peoplename,*,*,*,*,𥜾,*,*
謝道韞,5,5,518,N,peoplename,*,*,*,*,謝道韞,*,*
謝東閔,5,5,518,N,peoplename,*,*,*,*,謝東閔,*,*
謝脁,5,5,518,N,peoplename,*,*,*,*,謝脁,*,*
謝勒,5,5,518,N,peoplename,*,*,*,*,謝勒,*,*
謝靈運,5,5,518,N,peoplename,*,*,*,*,謝靈運,*,*
謝惠連,5,5,518,N,peoplename,*,*,*,*,謝惠連,*,*
謝晉元,5,5,518,N,peoplename,*,*,*,*,謝晉元,*,*
謝玄,5,5,518,N,peoplename,*,*,*,*,謝玄,*,*
謝安,5,5,518,N,peoplename,*,*,*,*,謝安,*,*
蕭伯納,5,5,518,N,peoplename,*,*,*,*,蕭伯納,*,*
蕭邦,5,5,518,N,peoplename,*,*,*,*,蕭邦,*,*
蕭道成,5,5,518,N,peoplename,*,*,*,*,蕭道成,*,*
蕭太后,5,5,518,N,peoplename,*,*,*,*,蕭太后,*,*
蕭統,5,5,518,N,peoplename,*,*,*,*,蕭統,*,*
蕭何,5,5,518,N,peoplename,*,*,*,*,蕭何,*,*
蕭衍,5,5,518,N,peoplename,*,*,*,*,蕭衍,*,*
小仲馬,5,5,518,N,peoplename,*,*,*,*,小仲馬,*,*
修己,5,5,518,N,peoplename,*,*,*,*,修己,*,*
弦高,5,5,518,N,peoplename,*,*,*,*,弦高,*,*
辛棄疾,5,5,518,N,peoplename,*,*,*,*,辛棄疾,*,*
香妃,5,5,518,N,peoplename,*,*,*,*,香妃,*,*
向秀,5,5,518,N,peoplename,*,*,*,*,向秀,*,*
向寵,5,5,518,N,peoplename,*,*,*,*,向寵,*,*
向榮,5,5,518,N,peoplename,*,*,*,*,向榮,*,*
項伯,5,5,518,N,peoplename,*,*,*,*,項伯,*,*
項梁,5,5,518,N,peoplename,*,*,*,*,項梁,*,*
項籍,5,5,518,N,peoplename,*,*,*,*,項籍,*,*
項羽,5,5,518,N,peoplename,*,*,*,*,項羽,*,*
興登堡,5,5,518,N,peoplename,*,*,*,*,興登堡,*,*
邢昺,5,5,518,N,peoplename,*,*,*,*,邢昺,*,*
邢侗,5,5,518,N,peoplename,*,*,*,*,邢侗,*,*
須菩堤,5,5,518,N,peoplename,*,*,*,*,須菩堤,*,*
徐悲鴻,5,5,518,N,peoplename,*,*,*,*,徐悲鴻,*,*
徐福,5,5,518,N,peoplename,*,*,*,*,徐福,*,*
徐俯,5,5,518,N,peoplename,*,*,*,*,徐俯,*,*
徐陵,5,5,518,N,peoplename,*,*,*,*,徐陵,*,*
徐幹,5,5,518,N,peoplename,*,*,*,*,徐幹,*,*
徐光啟,5,5,518,N,peoplename,*,*,*,*,徐光啟,*,*
徐鍇,5,5,518,N,peoplename,*,*,*,*,徐鍇,*,*
徐浩,5,5,518,N,peoplename,*,*,*,*,徐浩,*,*
徐敬業,5,5,518,N,peoplename,*,*,*,*,徐敬業,*,*
徐熙,5,5,518,N,peoplename,*,*,*,*,徐熙,*,*
徐鉉,5,5,518,N,peoplename,*,*,*,*,徐鉉,*,*
徐志摩,5,5,518,N,peoplename,*,*,*,*,徐志摩,*,*
徐禎卿,5,5,518,N,peoplename,*,*,*,*,徐禎卿,*,*
徐崇嗣,5,5,518,N,peoplename,*,*,*,*,徐崇嗣,*,*
徐世昌,5,5,518,N,peoplename,*,*,*,*,徐世昌,*,*
徐壽,5,5,518,N,peoplename,*,*,*,*,徐壽,*,*
徐偃王,5,5,518,N,peoplename,*,*,*,*,徐偃王,*,*
徐渭,5,5,518,N,peoplename,*,*,*,*,徐渭,*,*
徐永昌,5,5,518,N,peoplename,*,*,*,*,徐永昌,*,*
許地山,5,5,518,N,peoplename,*,*,*,*,許地山,*,*
許景澄,5,5,518,N,peoplename,*,*,*,*,許景澄,*,*
許行,5,5,518,N,peoplename,*,*,*,*,許行,*,*
許慎,5,5,518,N,peoplename,*,*,*,*,許慎,*,*
許由,5,5,518,N,peoplename,*,*,*,*,許由,*,*
旭烈兀,5,5,518,N,peoplename,*,*,*,*,旭烈兀,*,*
薛逢,5,5,518,N,peoplename,*,*,*,*,薛逢,*,*
薛福成,5,5,518,N,peoplename,*,*,*,*,薛福成,*,*
薛道衡,5,5,518,N,peoplename,*,*,*,*,薛道衡,*,*
薛濤,5,5,518,N,peoplename,*,*,*,*,薛濤,*,*
薛居正,5,5,518,N,peoplename,*,*,*,*,薛居正,*,*
薛瑄,5,5,518,N,peoplename,*,*,*,*,薛瑄,*,*
薛仁貴,5,5,518,N,peoplename,*,*,*,*,薛仁貴,*,*
雪萊,5,5,518,N,peoplename,*,*,*,*,雪萊,*,*
翾風,5,5,518,N,peoplename,*,*,*,*,翾風,*,*
荀況,5,5,518,N,peoplename,*,*,*,*,荀況,*,*
荀勖,5,5,518,N,peoplename,*,*,*,*,荀勖,*,*
荀彧,5,5,518,N,peoplename,*,*,*,*,荀彧,*,*
荀悅,5,5,518,N,peoplename,*,*,*,*,荀悅,*,*
熊本,5,5,518,N,peoplename,*,*,*,*,熊本,*,*
熊十力,5,5,518,N,peoplename,*,*,*,*,熊十力,*,*
支遁,5,5,518,N,peoplename,*,*,*,*,支遁,*,*
支謙,5,5,518,N,peoplename,*,*,*,*,支謙,*,*
支讖,5,5,518,N,peoplename,*,*,*,*,支讖,*,*
知禮,5,5,518,N,peoplename,*,*,*,*,知禮,*,*
織田信長,5,5,518,N,peoplename,*,*,*,*,織田信長,*,*
摯虞,5,5,518,N,peoplename,*,*,*,*,摯虞,*,*
查士標,5,5,518,N,peoplename,*,*,*,*,查士標,*,*
查士丁尼一世,5,5,518,N,peoplename,*,*,*,*,查士丁尼一世,*,*
查慎行,5,5,518,N,peoplename,*,*,*,*,查慎行,*,*
趙伯駒,5,5,518,N,peoplename,*,*,*,*,趙伯駒,*,*
趙孟頫,5,5,518,N,peoplename,*,*,*,*,趙孟頫,*,*
趙明誠,5,5,518,N,peoplename,*,*,*,*,趙明誠,*,*
趙飛燕,5,5,518,N,peoplename,*,*,*,*,趙飛燕,*,*
趙令畤,5,5,518,N,peoplename,*,*,*,*,趙令畤,*,*
趙高,5,5,518,N,peoplename,*,*,*,*,趙高,*,*
趙匡胤,5,5,518,N,peoplename,*,*,*,*,趙匡胤,*,*
趙佶,5,5,518,N,peoplename,*,*,*,*,趙佶,*,*
趙之謙,5,5,518,N,peoplename,*,*,*,*,趙之謙,*,*
趙充國,5,5,518,N,peoplename,*,*,*,*,趙充國,*,*
趙崇祚,5,5,518,N,peoplename,*,*,*,*,趙崇祚,*,*
趙衰,5,5,518,N,peoplename,*,*,*,*,趙衰,*,*
趙壹,5,5,518,N,peoplename,*,*,*,*,趙壹,*,*
趙翼,5,5,518,N,peoplename,*,*,*,*,趙翼,*,*
趙曄,5,5,518,N,peoplename,*,*,*,*,趙曄,*,*
趙武,5,5,518,N,peoplename,*,*,*,*,趙武,*,*
趙元昊,5,5,518,N,peoplename,*,*,*,*,趙元昊,*,*
趙元任,5,5,518,N,peoplename,*,*,*,*,趙元任,*,*
趙雲,5,5,518,N,peoplename,*,*,*,*,趙雲,*,*
周勃,5,5,518,N,peoplename,*,*,*,*,周勃,*,*
周邦彥,5,5,518,N,peoplename,*,*,*,*,周邦彥,*,*
周密,5,5,518,N,peoplename,*,*,*,*,周密,*,*
周昉,5,5,518,N,peoplename,*,*,*,*,周昉,*,*
周敦頤,5,5,518,N,peoplename,*,*,*,*,周敦頤,*,*
周公,5,5,518,N,peoplename,*,*,*,*,周公,*,*
周公瑾,5,5,518,N,peoplename,*,*,*,*,周公瑾,*,*
周濟,5,5,518,N,peoplename,*,*,*,*,周濟,*,*
周處,5,5,518,N,peoplename,*,*,*,*,周處,*,*
周樹人,5,5,518,N,peoplename,*,*,*,*,周樹人,*,*
周作人,5,5,518,N,peoplename,*,*,*,*,周作人,*,*
周倉,5,5,518,N,peoplename,*,*,*,*,周倉,*,*
周恩來,5,5,518,N,peoplename,*,*,*,*,周恩來,*,*
周顗,5,5,518,N,peoplename,*,*,*,*,周顗,*,*
周亞夫,5,5,518,N,peoplename,*,*,*,*,周亞夫,*,*
周瑜,5,5,518,N,peoplename,*,*,*,*,周瑜,*,*
周顒,5,5,518,N,peoplename,*,*,*,*,周顒,*,*
紂,5,5,518,N,peoplename,*,*,*,*,紂,*,*
詹天佑,5,5,518,N,peoplename,*,*,*,*,詹天佑,*,*
詹森,5,5,518,N,peoplename,*,*,*,*,詹森,*,*
展禽,5,5,518,N,peoplename,*,*,*,*,展禽,*,*
展子虔,5,5,518,N,peoplename,*,*,*,*,展子虔,*,*
貞德,5,5,518,N,peoplename,*,*,*,*,貞德,*,*
真諦,5,5,518,N,peoplename,*,*,*,*,真諦,*,*
章炳麟,5,5,518,N,peoplename,*,*,*,*,章炳麟,*,*
章邯,5,5,518,N,peoplename,*,*,*,*,章邯,*,*
章懷太子,5,5,518,N,peoplename,*,*,*,*,章懷太子,*,*
章學誠,5,5,518,N,peoplename,*,*,*,*,章學誠,*,*
張邦昌,5,5,518,N,peoplename,*,*,*,*,張邦昌,*,*
張飛,5,5,518,N,peoplename,*,*,*,*,張飛,*,*
張大千,5,5,518,N,peoplename,*,*,*,*,張大千,*,*
張道陵,5,5,518,N,peoplename,*,*,*,*,張道陵,*,*
張湯,5,5,518,N,peoplename,*,*,*,*,張湯,*,*
張耒,5,5,518,N,peoplename,*,*,*,*,張耒,*,*
張麗華,5,5,518,N,peoplename,*,*,*,*,張麗華,*,*
張良,5,5,518,N,peoplename,*,*,*,*,張良,*,*
張果,5,5,518,N,peoplename,*,*,*,*,張果,*,*
張公藝,5,5,518,N,peoplename,*,*,*,*,張公藝,*,*
張可久,5,5,518,N,peoplename,*,*,*,*,張可久,*,*
張翰,5,5,518,N,peoplename,*,*,*,*,張翰,*,*
張衡,5,5,518,N,peoplename,*,*,*,*,張衡,*,*
張華,5,5,518,N,peoplename,*,*,*,*,張華,*,*
張懷瓘,5,5,518,N,peoplename,*,*,*,*,張懷瓘,*,*
張機,5,5,518,N,peoplename,*,*,*,*,張機,*,*
張籍,5,5,518,N,peoplename,*,*,*,*,張籍,*,*
張繼,5,5,518,N,peoplename,*,*,*,*,張繼,*,*
張介賓,5,5,518,N,peoplename,*,*,*,*,張介賓,*,*
張角,5,5,518,N,peoplename,*,*,*,*,張角,*,*
張九齡,5,5,518,N,peoplename,*,*,*,*,張九齡,*,*
張居正,5,5,518,N,peoplename,*,*,*,*,張居正,*,*
張君房,5,5,518,N,peoplename,*,*,*,*,張君房,*,*
張騫,5,5,518,N,peoplename,*,*,*,*,張騫,*,*
張協,5,5,518,N,peoplename,*,*,*,*,張協,*,*
張先,5,5,518,N,peoplename,*,*,*,*,張先,*,*
張獻忠,5,5,518,N,peoplename,*,*,*,*,張獻忠,*,*
張旭,5,5,518,N,peoplename,*,*,*,*,張旭,*,*
張勳,5,5,518,N,peoplename,*,*,*,*,張勳,*,*
張巡,5,5,518,N,peoplename,*,*,*,*,張巡,*,*
張之洞,5,5,518,N,peoplename,*,*,*,*,張之洞,*,*
張芝,5,5,518,N,peoplename,*,*,*,*,張芝,*,*
張志和,5,5,518,N,peoplename,*,*,*,*,張志和,*,*
張潮,5,5,518,N,peoplename,*,*,*,*,張潮,*,*
張敞,5,5,518,N,peoplename,*,*,*,*,張敞,*,*
張士誠,5,5,518,N,peoplename,*,*,*,*,張士誠,*,*
張世傑,5,5,518,N,peoplename,*,*,*,*,張世傑,*,*
張舜民,5,5,518,N,peoplename,*,*,*,*,張舜民,*,*
張若虛,5,5,518,N,peoplename,*,*,*,*,張若虛,*,*
張瑞圖,5,5,518,N,peoplename,*,*,*,*,張瑞圖,*,*
張自忠,5,5,518,N,peoplename,*,*,*,*,張自忠,*,*
張載,5,5,518,N,peoplename,*,*,*,*,張載,*,*
張璪,5,5,518,N,peoplename,*,*,*,*,張璪,*,*
張作霖,5,5,518,N,peoplename,*,*,*,*,張作霖,*,*
張三丰,5,5,518,N,peoplename,*,*,*,*,張三丰,*,*
張僧繇,5,5,518,N,peoplename,*,*,*,*,張僧繇,*,*
張愛玲,5,5,518,N,peoplename,*,*,*,*,張愛玲,*,*
張揖,5,5,518,N,peoplename,*,*,*,*,張揖,*,*
張儀,5,5,518,N,peoplename,*,*,*,*,張儀,*,*
張炎,5,5,518,N,peoplename,*,*,*,*,張炎,*,*
張說,5,5,518,N,peoplename,*,*,*,*,張說,*,*
長孫無忌,5,5,518,N,peoplename,*,*,*,*,長孫無忌,*,*
鄭豐喜,5,5,518,N,peoplename,*,*,*,*,鄭豐喜,*,*
鄭旦,5,5,518,N,peoplename,*,*,*,*,鄭旦,*,*
鄭光祖,5,5,518,N,peoplename,*,*,*,*,鄭光祖,*,*
鄭克塽,5,5,518,N,peoplename,*,*,*,*,鄭克塽,*,*
鄭和,5,5,518,N,peoplename,*,*,*,*,鄭和,*,*
鄭吉,5,5,518,N,peoplename,*,*,*,*,鄭吉,*,*
鄭經,5,5,518,N,peoplename,*,*,*,*,鄭經,*,*
鄭樵,5,5,518,N,peoplename,*,*,*,*,鄭樵,*,*
鄭虔,5,5,518,N,peoplename,*,*,*,*,鄭虔,*,*
鄭燮,5,5,518,N,peoplename,*,*,*,*,鄭燮,*,*
鄭玄,5,5,518,N,peoplename,*,*,*,*,鄭玄,*,*
鄭芝龍,5,5,518,N,peoplename,*,*,*,*,鄭芝龍,*,*
鄭振鐸,5,5,518,N,peoplename,*,*,*,*,鄭振鐸,*,*
鄭眾,5,5,518,N,peoplename,*,*,*,*,鄭眾,*,*
鄭成功,5,5,518,N,peoplename,*,*,*,*,鄭成功,*,*
鄭士良,5,5,518,N,peoplename,*,*,*,*,鄭士良,*,*
鄭思肖,5,5,518,N,peoplename,*,*,*,*,鄭思肖,*,*
鄭文焯,5,5,518,N,peoplename,*,*,*,*,鄭文焯,*,*
朱柏廬,5,5,518,N,peoplename,*,*,*,*,朱柏廬,*,*
朱標,5,5,518,N,peoplename,*,*,*,*,朱標,*,*
朱弁,5,5,518,N,peoplename,*,*,*,*,朱弁,*,*
朱買臣,5,5,518,N,peoplename,*,*,*,*,朱買臣,*,*
朱蒙,5,5,518,N,peoplename,*,*,*,*,朱蒙,*,*
朱穆,5,5,518,N,peoplename,*,*,*,*,朱穆,*,*
朱耷,5,5,518,N,peoplename,*,*,*,*,朱耷,*,*
朱敦儒,5,5,518,N,peoplename,*,*,*,*,朱敦儒,*,*
朱亥,5,5,518,N,peoplename,*,*,*,*,朱亥,*,*
朱駿聲,5,5,518,N,peoplename,*,*,*,*,朱駿聲,*,*
朱慶餘,5,5,518,N,peoplename,*,*,*,*,朱慶餘,*,*
朱全忠,5,5,518,N,peoplename,*,*,*,*,朱全忠,*,*
朱權,5,5,518,N,peoplename,*,*,*,*,朱權,*,*
朱熹,5,5,518,N,peoplename,*,*,*,*,朱熹,*,*
朱執信,5,5,518,N,peoplename,*,*,*,*,朱執信,*,*
朱士行,5,5,518,N,peoplename,*,*,*,*,朱士行,*,*
朱淑真,5,5,518,N,peoplename,*,*,*,*,朱淑真,*,*
朱舜水,5,5,518,N,peoplename,*,*,*,*,朱舜水,*,*
朱自清,5,5,518,N,peoplename,*,*,*,*,朱自清,*,*
朱一貴,5,5,518,N,peoplename,*,*,*,*,朱一貴,*,*
朱彝尊,5,5,518,N,peoplename,*,*,*,*,朱彝尊,*,*
朱溫,5,5,518,N,peoplename,*,*,*,*,朱溫,*,*
朱元璋,5,5,518,N,peoplename,*,*,*,*,朱元璋,*,*
朱筠,5,5,518,N,peoplename,*,*,*,*,朱筠,*,*
諸葛亮,5,5,518,N,peoplename,*,*,*,*,諸葛亮,*,*
竺法蘭,5,5,518,N,peoplename,*,*,*,*,竺法蘭,*,*
竺法護,5,5,518,N,peoplename,*,*,*,*,竺法護,*,*
朱祖謀,5,5,518,N,peoplename,*,*,*,*,朱祖謀,*,*
祝允明,5,5,518,N,peoplename,*,*,*,*,祝允明,*,*
卓別林,5,5,518,N,peoplename,*,*,*,*,卓別林,*,*
卓茂,5,5,518,N,peoplename,*,*,*,*,卓茂,*,*
卓文君,5,5,518,N,peoplename,*,*,*,*,卓文君,*,*
專諸,5,5,518,N,peoplename,*,*,*,*,專諸,*,*
莊周,5,5,518,N,peoplename,*,*,*,*,莊周,*,*
莊子,5,5,518,N,peoplename,*,*,*,*,莊子,*,*
終軍,5,5,518,N,peoplename,*,*,*,*,終軍,*,*
鍾離權,5,5,518,N,peoplename,*,*,*,*,鍾離權,*,*
鍾離春,5,5,518,N,peoplename,*,*,*,*,鍾離春,*,*
鍾會,5,5,518,N,peoplename,*,*,*,*,鍾會,*,*
鍾嶸,5,5,518,N,peoplename,*,*,*,*,鍾嶸,*,*
鍾子期,5,5,518,N,peoplename,*,*,*,*,鍾子期,*,*
鍾嗣成,5,5,518,N,peoplename,*,*,*,*,鍾嗣成,*,*
鍾繇,5,5,518,N,peoplename,*,*,*,*,鍾繇,*,*
仲虺,5,5,518,N,peoplename,*,*,*,*,仲虺,*,*
仲長統,5,5,518,N,peoplename,*,*,*,*,仲長統,*,*
仲由,5,5,518,N,peoplename,*,*,*,*,仲由,*,*
仲雍,5,5,518,N,peoplename,*,*,*,*,仲雍,*,*
郗鑒,5,5,518,N,peoplename,*,*,*,*,郗鑒,*,*
查兌克,5,5,518,N,peoplename,*,*,*,*,查兌克,*,*
察罕帖木兒,5,5,518,N,peoplename,*,*,*,*,察罕帖木兒,*,*
柴門霍夫,5,5,518,N,peoplename,*,*,*,*,柴門霍夫,*,*
柴可夫斯基,5,5,518,N,peoplename,*,*,*,*,柴可夫斯基,*,*
柴榮,5,5,518,N,peoplename,*,*,*,*,柴榮,*,*
晁補之,5,5,518,N,peoplename,*,*,*,*,晁補之,*,*
晁公武,5,5,518,N,peoplename,*,*,*,*,晁公武,*,*
鼂錯,5,5,518,N,peoplename,*,*,*,*,鼂錯,*,*
宸濠,5,5,518,N,peoplename,*,*,*,*,宸濠,*,*
陳霸先,5,5,518,N,peoplename,*,*,*,*,陳霸先,*,*
陳伯之,5,5,518,N,peoplename,*,*,*,*,陳伯之,*,*
陳布雷,5,5,518,N,peoplename,*,*,*,*,陳布雷,*,*
陳彭年,5,5,518,N,peoplename,*,*,*,*,陳彭年,*,*
陳平,5,5,518,N,peoplename,*,*,*,*,陳平,*,*
陳蕃,5,5,518,N,peoplename,*,*,*,*,陳蕃,*,*
陳登,5,5,518,N,peoplename,*,*,*,*,陳登,*,*
陳第,5,5,518,N,peoplename,*,*,*,*,陳第,*,*
陳摶,5,5,518,N,peoplename,*,*,*,*,陳摶,*,*
陳那,5,5,518,N,peoplename,*,*,*,*,陳那,*,*
陳納德,5,5,518,N,peoplename,*,*,*,*,陳納德,*,*
陳澧,5,5,518,N,peoplename,*,*,*,*,陳澧,*,*
陳琳,5,5,518,N,peoplename,*,*,*,*,陳琳,*,*
陳亮,5,5,518,N,peoplename,*,*,*,*,陳亮,*,*
陳果夫,5,5,518,N,peoplename,*,*,*,*,陳果夫,*,*
陳規,5,5,518,N,peoplename,*,*,*,*,陳規,*,*
陳衡恪,5,5,518,N,peoplename,*,*,*,*,陳衡恪,*,*
陳懷生,5,5,518,N,peoplename,*,*,*,*,陳懷生,*,*
陳洪綬,5,5,518,N,peoplename,*,*,*,*,陳洪綬,*,*
陳鴻,5,5,518,N,peoplename,*,*,*,*,陳鴻,*,*
陳繼儒,5,5,518,N,peoplename,*,*,*,*,陳繼儒,*,*
陳靖姑,5,5,518,N,peoplename,*,*,*,*,陳靖姑,*,*
陳炯明,5,5,518,N,peoplename,*,*,*,*,陳炯明,*,*
陳其美,5,5,518,N,peoplename,*,*,*,*,陳其美,*,*
陳獻章,5,5,518,N,peoplename,*,*,*,*,陳獻章,*,*
陳洵,5,5,518,N,peoplename,*,*,*,*,陳洵,*,*
陳之藩,5,5,518,N,peoplename,*,*,*,*,陳之藩,*,*
陳貞慧,5,5,518,N,peoplename,*,*,*,*,陳貞慧,*,*
陳仲子,5,5,518,N,peoplename,*,*,*,*,陳仲子,*,*
陳誠,5,5,518,N,peoplename,*,*,*,*,陳誠,*,*
陳淳,5,5,518,N,peoplename,*,*,*,*,陳淳,*,*
陳師道,5,5,518,N,peoplename,*,*,*,*,陳師道,*,*
陳寔,5,5,518,N,peoplename,*,*,*,*,陳寔,*,*
陳涉,5,5,518,N,peoplename,*,*,*,*,陳涉,*,*
陳少白,5,5,518,N,peoplename,*,*,*,*,陳少白,*,*
陳壽,5,5,518,N,peoplename,*,*,*,*,陳壽,*,*
陳勝,5,5,518,N,peoplename,*,*,*,*,陳勝,*,*
陳水扁,5,5,518,N,peoplename,*,*,*,*,陳水扁,*,*
陳子龍,5,5,518,N,peoplename,*,*,*,*,陳子龍,*,*
陳子昂,5,5,518,N,peoplename,*,*,*,*,陳子昂,*,*
陳造,5,5,518,N,peoplename,*,*,*,*,陳造,*,*
陳慥,5,5,518,N,peoplename,*,*,*,*,陳慥,*,*
陳遵,5,5,518,N,peoplename,*,*,*,*,陳遵,*,*
陳友諒,5,5,518,N,peoplename,*,*,*,*,陳友諒,*,*
陳寅恪,5,5,518,N,peoplename,*,*,*,*,陳寅恪,*,*
陳維崧,5,5,518,N,peoplename,*,*,*,*,陳維崧,*,*
陳與郊,5,5,518,N,peoplename,*,*,*,*,陳與郊,*,*
陳與義,5,5,518,N,peoplename,*,*,*,*,陳與義,*,*
陳垣,5,5,518,N,peoplename,*,*,*,*,陳垣,*,*
陳源,5,5,518,N,peoplename,*,*,*,*,陳源,*,*
陳圓圓,5,5,518,N,peoplename,*,*,*,*,陳圓圓,*,*
常倫,5,5,518,N,peoplename,*,*,*,*,常倫,*,*
常建,5,5,518,N,peoplename,*,*,*,*,常建,*,*
常遇春,5,5,518,N,peoplename,*,*,*,*,常遇春,*,*
唱票,5,5,518,N,peoplename,*,*,*,*,唱票,*,*
成連,5,5,518,N,peoplename,*,*,*,*,成連,*,*
程普,5,5,518,N,peoplename,*,*,*,*,程普,*,*
程邈,5,5,518,N,peoplename,*,*,*,*,程邈,*,*
程顥,5,5,518,N,peoplename,*,*,*,*,程顥,*,*
程長庚,5,5,518,N,peoplename,*,*,*,*,程長庚,*,*
程頤,5,5,518,N,peoplename,*,*,*,*,程頤,*,*
程咬金,5,5,518,N,peoplename,*,*,*,*,程咬金,*,*
程硯秋,5,5,518,N,peoplename,*,*,*,*,程硯秋,*,*
程嬰,5,5,518,N,peoplename,*,*,*,*,程嬰,*,*
程元振,5,5,518,N,peoplename,*,*,*,*,程元振,*,*
鉏麑,5,5,518,N,peoplename,*,*,*,*,鉏麑,*,*
廚川白村,5,5,518,N,peoplename,*,*,*,*,廚川白村,*,*
褚少孫,5,5,518,N,peoplename,*,*,*,*,褚少孫,*,*
褚遂良,5,5,518,N,peoplename,*,*,*,*,褚遂良,*,*
褚威格,5,5,518,N,peoplename,*,*,*,*,褚威格,*,*
觸讋,5,5,518,N,peoplename,*,*,*,*,觸讋,*,*
倕,5,5,518,N,peoplename,*,*,*,*,倕,*,*
川端康成,5,5,518,N,peoplename,*,*,*,*,川端康成,*,*
淳于髡,5,5,518,N,peoplename,*,*,*,*,淳于髡,*,*
淳于意,5,5,518,N,peoplename,*,*,*,*,淳于意,*,*
种放,5,5,518,N,peoplename,*,*,*,*,种放,*,*
种師道,5,5,518,N,peoplename,*,*,*,*,种師道,*,*
种師中,5,5,518,N,peoplename,*,*,*,*,种師中,*,*
施耐庵,5,5,518,N,peoplename,*,*,*,*,施耐庵,*,*
施琅,5,5,518,N,peoplename,*,*,*,*,施琅,*,*
施子安,5,5,518,N,peoplename,*,*,*,*,施子安,*,*
師曠,5,5,518,N,peoplename,*,*,*,*,師曠,*,*
師襄,5,5,518,N,peoplename,*,*,*,*,師襄,*,*
石達開,5,5,518,N,peoplename,*,*,*,*,石達開,*,*
石濤,5,5,518,N,peoplename,*,*,*,*,石濤,*,*
石勒,5,5,518,N,peoplename,*,*,*,*,石勒,*,*
石敬瑭,5,5,518,N,peoplename,*,*,*,*,石敬瑭,*,*
石君寶,5,5,518,N,peoplename,*,*,*,*,石君寶,*,*
石崇,5,5,518,N,peoplename,*,*,*,*,石崇,*,*
史賓格勒,5,5,518,N,peoplename,*,*,*,*,史賓格勒,*,*
史賓塞,5,5,518,N,peoplename,*,*,*,*,史賓塞,*,*
史密斯,5,5,518,N,peoplename,*,*,*,*,史密斯,*,*
史達林,5,5,518,N,peoplename,*,*,*,*,史達林,*,*
史迪威,5,5,518,N,peoplename,*,*,*,*,史迪威,*,*
史蒂芬生,5,5,518,N,peoplename,*,*,*,*,史蒂芬生,*,*
史蒂文生,5,5,518,N,peoplename,*,*,*,*,史蒂文生,*,*
史杜伊夫人,5,5,518,N,peoplename,*,*,*,*,史杜伊夫人,*,*
史塔溫斯基,5,5,518,N,peoplename,*,*,*,*,史塔溫斯基,*,*
史特勞斯,5,5,518,N,peoplename,*,*,*,*,史特勞斯,*,*
史可法,5,5,518,N,peoplename,*,*,*,*,史可法,*,*
史懷哲,5,5,518,N,peoplename,*,*,*,*,史懷哲,*,*
史鰌,5,5,518,N,peoplename,*,*,*,*,史鰌,*,*
史思明,5,5,518,N,peoplename,*,*,*,*,史思明,*,*
史游,5,5,518,N,peoplename,*,*,*,*,史游,*,*
史文赫丁,5,5,518,N,peoplename,*,*,*,*,史文赫丁,*,*
世親,5,5,518,N,peoplename,*,*,*,*,世親,*,*
沙達特,5,5,518,N,peoplename,*,*,*,*,沙達特,*,*
沙特,5,5,518,N,peoplename,*,*,*,*,沙特,*,*
沙利文,5,5,518,N,peoplename,*,*,*,*,沙利文,*,*
沙卡洛夫,5,5,518,N,peoplename,*,*,*,*,沙卡洛夫,*,*
沙畹,5,5,518,N,peoplename,*,*,*,*,沙畹,*,*
莎士比亞,5,5,518,N,peoplename,*,*,*,*,莎士比亞,*,*
舍利弗,5,5,518,N,peoplename,*,*,*,*,舍利弗,*,*
舍利子,5,5,518,N,peoplename,*,*,*,*,舍利子,*,*
攝摩騰,5,5,518,N,peoplename,*,*,*,*,攝摩騰,*,*
少康,5,5,518,N,peoplename,*,*,*,*,少康,*,*
邵雍,5,5,518,N,peoplename,*,*,*,*,邵雍,*,*
山濤,5,5,518,N,peoplename,*,*,*,*,山濤,*,*
善無畏,5,5,518,N,peoplename,*,*,*,*,善無畏,*,*
申包胥,5,5,518,N,peoplename,*,*,*,*,申包胥,*,*
申不害,5,5,518,N,peoplename,*,*,*,*,申不害,*,*
申公,5,5,518,N,peoplename,*,*,*,*,申公,*,*
申生,5,5,518,N,peoplename,*,*,*,*,申生,*,*
神會,5,5,518,N,peoplename,*,*,*,*,神會,*,*
神秀,5,5,518,N,peoplename,*,*,*,*,神秀,*,*
沈葆楨,5,5,518,N,peoplename,*,*,*,*,沈葆楨,*,*
沈復,5,5,518,N,peoplename,*,*,*,*,沈復,*,*
沈括,5,5,518,N,peoplename,*,*,*,*,沈括,*,*
沈兼士,5,5,518,N,peoplename,*,*,*,*,沈兼士,*,*
沈佺期,5,5,518,N,peoplename,*,*,*,*,沈佺期,*,*
沈周,5,5,518,N,peoplename,*,*,*,*,沈周,*,*
沈崇誨,5,5,518,N,peoplename,*,*,*,*,沈崇誨,*,*
沈從文,5,5,518,N,peoplename,*,*,*,*,沈從文,*,*
沈亞之,5,5,518,N,peoplename,*,*,*,*,沈亞之,*,*
沈尹默,5,5,518,N,peoplename,*,*,*,*,沈尹默,*,*
沈約,5,5,518,N,peoplename,*,*,*,*,沈約,*,*
沈雲英,5,5,518,N,peoplename,*,*,*,*,沈雲英,*,*
慎到,5,5,518,N,peoplename,*,*,*,*,慎到,*,*
商鞅,5,5,518,N,peoplename,*,*,*,*,商鞅,*,*
尚可喜,5,5,518,N,peoplename,*,*,*,*,尚可喜,*,*
盛宣懷,5,5,518,N,peoplename,*,*,*,*,盛宣懷,*,*
聖西門,5,5,518,N,peoplename,*,*,*,*,聖西門,*,*
舒伯特,5,5,518,N,peoplename,*,*,*,*,舒伯特,*,*
舒曼,5,5,518,N,peoplename,*,*,*,*,舒曼,*,*
叔本華,5,5,518,N,peoplename,*,*,*,*,叔本華,*,*
叔梁紇,5,5,518,N,peoplename,*,*,*,*,叔梁紇,*,*
叔齊,5,5,518,N,peoplename,*,*,*,*,叔齊,*,*
叔孫通,5,5,518,N,peoplename,*,*,*,*,叔孫通,*,*
豎刁,5,5,518,N,peoplename,*,*,*,*,豎刁,*,*
日意格,5,5,518,N,peoplename,*,*,*,*,日意格,*,*
冉伯牛,5,5,518,N,peoplename,*,*,*,*,冉伯牛,*,*
冉求,5,5,518,N,peoplename,*,*,*,*,冉求,*,*
任昉,5,5,518,N,peoplename,*,*,*,*,任昉,*,*
任囂,5,5,518,N,peoplename,*,*,*,*,任囂,*,*
阮大鋮,5,5,518,N,peoplename,*,*,*,*,阮大鋮,*,*
阮籍,5,5,518,N,peoplename,*,*,*,*,阮籍,*,*
阮咸,5,5,518,N,peoplename,*,*,*,*,阮咸,*,*
阮瑀,5,5,518,N,peoplename,*,*,*,*,阮瑀,*,*
阮元,5,5,518,N,peoplename,*,*,*,*,阮元,*,*
容閎,5,5,518,N,peoplename,*,*,*,*,容閎,*,*
榮祿,5,5,518,N,peoplename,*,*,*,*,榮祿,*,*
子皋,5,5,518,N,peoplename,*,*,*,*,子皋,*,*
子嬰,5,5,518,N,peoplename,*,*,*,*,子嬰,*,*
紫式部,5,5,518,N,peoplename,*,*,*,*,紫式部,*,*
宰予,5,5,518,N,peoplename,*,*,*,*,宰予,*,*
造父,5,5,518,N,peoplename,*,*,*,*,造父,*,*
鄒魯,5,5,518,N,peoplename,*,*,*,*,鄒魯,*,*
鄒忌,5,5,518,N,peoplename,*,*,*,*,鄒忌,*,*
鄒容,5,5,518,N,peoplename,*,*,*,*,鄒容,*,*
鄒衍,5,5,518,N,peoplename,*,*,*,*,鄒衍,*,*
臧獲,5,5,518,N,peoplename,*,*,*,*,臧獲,*,*
曾樸,5,5,518,N,peoplename,*,*,*,*,曾樸,*,*
曾點,5,5,518,N,peoplename,*,*,*,*,曾點,*,*
曾國藩,5,5,518,N,peoplename,*,*,*,*,曾國藩,*,*
曾國荃,5,5,518,N,peoplename,*,*,*,*,曾國荃,*,*
曾鞏,5,5,518,N,peoplename,*,*,*,*,曾鞏,*,*
曾紀澤,5,5,518,N,peoplename,*,*,*,*,曾紀澤,*,*
曾皙,5,5,518,N,peoplename,*,*,*,*,曾皙,*,*
曾參,5,5,518,N,peoplename,*,*,*,*,曾參,*,*
曾文正,5,5,518,N,peoplename,*,*,*,*,曾文正,*,*
足利義滿,5,5,518,N,peoplename,*,*,*,*,足利義滿,*,*
祖逖,5,5,518,N,peoplename,*,*,*,*,祖逖,*,*
祖沖之,5,5,518,N,peoplename,*,*,*,*,祖沖之,*,*
祖乙,5,5,518,N,peoplename,*,*,*,*,祖乙,*,*
左伯桃,5,5,518,N,peoplename,*,*,*,*,左伯桃,*,*
左拉,5,5,518,N,peoplename,*,*,*,*,左拉,*,*
左光斗,5,5,518,N,peoplename,*,*,*,*,左光斗,*,*
左丘明,5,5,518,N,peoplename,*,*,*,*,左丘明,*,*
左宗棠,5,5,518,N,peoplename,*,*,*,*,左宗棠,*,*
左思,5,5,518,N,peoplename,*,*,*,*,左思,*,*
宗密,5,5,518,N,peoplename,*,*,*,*,宗密,*,*
宗喀巴,5,5,518,N,peoplename,*,*,*,*,宗喀巴,*,*
宗臣,5,5,518,N,peoplename,*,*,*,*,宗臣,*,*
宗澤,5,5,518,N,peoplename,*,*,*,*,宗澤,*,*
蔡伯喈,5,5,518,N,peoplename,*,*,*,*,蔡伯喈,*,*
蔡倫,5,5,518,N,peoplename,*,*,*,*,蔡倫,*,*
蔡京,5,5,518,N,peoplename,*,*,*,*,蔡京,*,*
蔡錫勇,5,5,518,N,peoplename,*,*,*,*,蔡錫勇,*,*
蔡襄,5,5,518,N,peoplename,*,*,*,*,蔡襄,*,*
蔡鍔,5,5,518,N,peoplename,*,*,*,*,蔡鍔,*,*
蔡琰,5,5,518,N,peoplename,*,*,*,*,蔡琰,*,*
蔡元培,5,5,518,N,peoplename,*,*,*,*,蔡元培,*,*
蔡邕,5,5,518,N,peoplename,*,*,*,*,蔡邕,*,*
曹霸,5,5,518,N,peoplename,*,*,*,*,曹霸,*,*
曹丕,5,5,518,N,peoplename,*,*,*,*,曹丕,*,*
曹沬,5,5,518,N,peoplename,*,*,*,*,曹沬,*,*
曹孟德,5,5,518,N,peoplename,*,*,*,*,曹孟德,*,*
曹大家,5,5,518,N,peoplename,*,*,*,*,曹大家,*,*
曹錕,5,5,518,N,peoplename,*,*,*,*,曹錕,*,*
曹丘生,5,5,518,N,peoplename,*,*,*,*,曹丘生,*,*
曹雪芹,5,5,518,N,peoplename,*,*,*,*,曹雪芹,*,*
曹植,5,5,518,N,peoplename,*,*,*,*,曹植,*,*
曹汝霖,5,5,518,N,peoplename,*,*,*,*,曹汝霖,*,*
曹操,5,5,518,N,peoplename,*,*,*,*,曹操,*,*
曹參,5,5,518,N,peoplename,*,*,*,*,曹參,*,*
曹娥,5,5,518,N,peoplename,*,*,*,*,曹娥,*,*
蠶叢,5,5,518,N,peoplename,*,*,*,*,蠶叢,*,*
岑參,5,5,518,N,peoplename,*,*,*,*,岑參,*,*
岑毓英,5,5,518,N,peoplename,*,*,*,*,岑毓英,*,*
倉頡,5,5,518,N,peoplename,*,*,*,*,倉頡,*,*
崔白,5,5,518,N,peoplename,*,*,*,*,崔白,*,*
崔塗,5,5,518,N,peoplename,*,*,*,*,崔塗,*,*
崔浩,5,5,518,N,peoplename,*,*,*,*,崔浩,*,*
崔顥,5,5,518,N,peoplename,*,*,*,*,崔顥,*,*
崔杼,5,5,518,N,peoplename,*,*,*,*,崔杼,*,*
崔寔,5,5,518,N,peoplename,*,*,*,*,崔寔,*,*
崔述,5,5,518,N,peoplename,*,*,*,*,崔述,*,*
崔子忠,5,5,518,N,peoplename,*,*,*,*,崔子忠,*,*
崔駰,5,5,518,N,peoplename,*,*,*,*,崔駰,*,*
崔瑗,5,5,518,N,peoplename,*,*,*,*,崔瑗,*,*
從諗,5,5,518,N,peoplename,*,*,*,*,從諗,*,*
司馬談,5,5,518,N,peoplename,*,*,*,*,司馬談,*,*
司馬牛,5,5,518,N,peoplename,*,*,*,*,司馬牛,*,*
司馬光,5,5,518,N,peoplename,*,*,*,*,司馬光,*,*
司馬遷,5,5,518,N,peoplename,*,*,*,*,司馬遷,*,*
司馬相如,5,5,518,N,peoplename,*,*,*,*,司馬相如,*,*
司馬昭,5,5,518,N,peoplename,*,*,*,*,司馬昭,*,*
司馬懿,5,5,518,N,peoplename,*,*,*,*,司馬懿,*,*
司馬炎,5,5,518,N,peoplename,*,*,*,*,司馬炎,*,*
斯賓諾莎,5,5,518,N,peoplename,*,*,*,*,斯賓諾莎,*,*
斯賓塞,5,5,518,N,peoplename,*,*,*,*,斯賓塞,*,*
斯坦貝克,5,5,518,N,peoplename,*,*,*,*,斯坦貝克,*,*
斯坦因,5,5,518,N,peoplename,*,*,*,*,斯坦因,*,*
斯湯達爾,5,5,518,N,peoplename,*,*,*,*,斯湯達爾,*,*
薩都剌,5,5,518,N,peoplename,*,*,*,*,薩都剌,*,*
塞尚,5,5,518,N,peoplename,*,*,*,*,塞尚,*,*
塞凡提斯,5,5,518,N,peoplename,*,*,*,*,塞凡提斯,*,*
賽金花,5,5,518,N,peoplename,*,*,*,*,賽金花,*,*
賽珍珠,5,5,518,N,peoplename,*,*,*,*,賽珍珠,*,*
三島由紀夫,5,5,244,N,peoplename,*,*,*,*,三島由紀夫,*,*
桑弘羊,5,5,518,N,peoplename,*,*,*,*,桑弘羊,*,*
桑欽,5,5,518,N,peoplename,*,*,*,*,桑欽,*,*
僧格林沁,5,5,518,N,peoplename,*,*,*,*,僧格林沁,*,*
僧肇,5,5,518,N,peoplename,*,*,*,*,僧肇,*,*
僧祐,5,5,518,N,peoplename,*,*,*,*,僧祐,*,*
蘇德曼,5,5,518,N,peoplename,*,*,*,*,蘇德曼,*,*
蘇東坡,5,5,518,N,peoplename,*,*,*,*,蘇東坡,*,*
蘇拉,5,5,518,N,peoplename,*,*,*,*,蘇拉,*,*
蘇格拉底,5,5,518,N,peoplename,*,*,*,*,蘇格拉底,*,*
蘇蕙,5,5,518,N,peoplename,*,*,*,*,蘇蕙,*,*
蘇峻,5,5,518,N,peoplename,*,*,*,*,蘇峻,*,*
蘇秦,5,5,518,N,peoplename,*,*,*,*,蘇秦,*,*
蘇洵,5,5,518,N,peoplename,*,*,*,*,蘇洵,*,*
蘇轍,5,5,518,N,peoplename,*,*,*,*,蘇轍,*,*
蘇軾,5,5,518,N,peoplename,*,*,*,*,蘇軾,*,*
蘇舜欽,5,5,518,N,peoplename,*,*,*,*,蘇舜欽,*,*
蘇武,5,5,518,N,peoplename,*,*,*,*,蘇武,*,*
肅順,5,5,518,N,peoplename,*,*,*,*,肅順,*,*
梭羅,5,5,518,N,peoplename,*,*,*,*,梭羅,*,*
所羅門,5,5,518,N,peoplename,*,*,*,*,所羅門,*,*
索靖,5,5,518,N,peoplename,*,*,*,*,索靖,*,*
索忍尼辛,5,5,518,N,peoplename,*,*,*,*,索忍尼辛,*,*
瑣羅亞斯德,5,5,518,N,peoplename,*,*,*,*,瑣羅亞斯德,*,*
孫臏,5,5,518,N,peoplename,*,*,*,*,孫臏,*,*
孫過庭,5,5,518,N,peoplename,*,*,*,*,孫過庭,*,*
孫權,5,5,518,N,peoplename,*,*,*,*,孫權,*,*
孫中山,5,5,518,N,peoplename,*,*,*,*,孫中山,*,*
孫綽,5,5,518,N,peoplename,*,*,*,*,孫綽,*,*
孫傳芳,5,5,518,N,peoplename,*,*,*,*,孫傳芳,*,*
孫山,5,5,518,N,peoplename,*,*,*,*,孫山,*,*
孫叔敖,5,5,518,N,peoplename,*,*,*,*,孫叔敖,*,*
孫子,5,5,518,N,peoplename,*,*,*,*,孫子,*,*
孫策,5,5,518,N,peoplename,*,*,*,*,孫策,*,*
孫思邈,5,5,518,N,peoplename,*,*,*,*,孫思邈,*,*
孫炎,5,5,518,N,peoplename,*,*,*,*,孫炎,*,*
孫吳,5,5,518,N,peoplename,*,*,*,*,孫吳,*,*
孫武,5,5,518,N,peoplename,*,*,*,*,孫武,*,*
孫文,5,5,518,N,peoplename,*,*,*,*,孫文,*,*
松尾芭蕉,5,5,518,N,peoplename,*,*,*,*,松尾芭蕉,*,*
宋濂,5,5,518,N,peoplename,*,*,*,*,宋濂,*,*
宋克,5,5,518,N,peoplename,*,*,*,*,宋克,*,*
宋牼,5,5,518,N,peoplename,*,*,*,*,宋牼,*,*
宋教仁,5,5,518,N,peoplename,*,*,*,*,宋教仁,*,*
宋江,5,5,518,N,peoplename,*,*,*,*,宋江,*,*
宋璟,5,5,518,N,peoplename,*,*,*,*,宋璟,*,*
宋祁,5,5,518,N,peoplename,*,*,*,*,宋祁,*,*
宋之問,5,5,518,N,peoplename,*,*,*,*,宋之問,*,*
宋朝,5,5,518,N,peoplename,*,*,*,*,宋朝,*,*
宋應星,5,5,518,N,peoplename,*,*,*,*,宋應星,*,*
宋琬,5,5,518,N,peoplename,*,*,*,*,宋琬,*,*
宋玉,5,5,518,N,peoplename,*,*,*,*,宋玉,*,*
阿瞞,5,5,518,N,peoplename,*,*,*,*,阿瞞,*,*
阿姆斯壯,5,5,518,N,peoplename,*,*,*,*,阿姆斯壯,*,*
阿底峽,5,5,518,N,peoplename,*,*,*,*,阿底峽,*,*
阿那律,5,5,518,N,peoplename,*,*,*,*,阿那律,*,*
阿難,5,5,518,N,peoplename,*,*,*,*,阿難,*,*
阿難陀,5,5,518,N,peoplename,*,*,*,*,阿難陀,*,*
阿奎那,5,5,518,N,peoplename,*,*,*,*,阿奎那,*,*
阿基米得,5,5,518,N,peoplename,*,*,*,*,阿基米得,*,*
阿闍世,5,5,518,N,peoplename,*,*,*,*,阿闍世,*,*
阿爾考特,5,5,518,N,peoplename,*,*,*,*,阿爾考特,*,*
額爾德尼,5,5,518,N,peoplename,*,*,*,*,額爾德尼,*,*
鄂圖第一,5,5,518,N,peoplename,*,*,*,*,鄂圖第一,*,*
鄂爾泰,5,5,518,N,peoplename,*,*,*,*,鄂爾泰,*,*
閼伯,5,5,518,N,peoplename,*,*,*,*,閼伯,*,*
艾略特,5,5,518,N,peoplename,*,*,*,*,艾略特,*,*
艾儒略,5,5,518,N,peoplename,*,*,*,*,艾儒略,*,*
艾森豪,5,5,518,N,peoplename,*,*,*,*,艾森豪,*,*
艾爾加,5,5,518,N,peoplename,*,*,*,*,艾爾加,*,*
艾維斯普里斯萊,5,5,518,N,peoplename,*,*,*,*,艾維斯普里斯萊,*,*
愛默生,5,5,518,N,peoplename,*,*,*,*,愛默生,*,*
愛彌兒,5,5,518,N,peoplename,*,*,*,*,愛彌兒,*,*
愛迪生,5,5,518,N,peoplename,*,*,*,*,愛迪生,*,*
愛倫坡,5,5,518,N,peoplename,*,*,*,*,愛倫坡,*,*
愛倫凱,5,5,518,N,peoplename,*,*,*,*,愛倫凱,*,*
愛因斯坦,5,5,518,N,peoplename,*,*,*,*,愛因斯坦,*,*
鼇拜,5,5,518,N,peoplename,*,*,*,*,鼇拜,*,*
奡,5,5,518,N,peoplename,*,*,*,*,奡,*,*
奧理略,5,5,518,N,peoplename,*,*,*,*,奧理略,*,*
奧古斯丁,5,5,518,N,peoplename,*,*,*,*,奧古斯丁,*,*
奧坎,5,5,518,N,peoplename,*,*,*,*,奧坎,*,*
奧亨利,5,5,518,N,peoplename,*,*,*,*,奧亨利,*,*
奧斯丁,5,5,518,N,peoplename,*,*,*,*,奧斯丁,*,*
奧斯汀,5,5,518,N,peoplename,*,*,*,*,奧斯汀,*,*
奧爾良,5,5,518,N,peoplename,*,*,*,*,奧爾良,*,*
歐帕林,5,5,518,N,peoplename,*,*,*,*,歐帕林,*,*
歐姆,5,5,518,N,peoplename,*,*,*,*,歐姆,*,*
歐尼爾,5,5,518,N,peoplename,*,*,*,*,歐尼爾,*,*
歐幾里得,5,5,518,N,peoplename,*,*,*,*,歐幾里得,*,*
歐陽通,5,5,518,N,peoplename,*,*,*,*,歐陽通,*,*
歐陽竟無,5,5,518,N,peoplename,*,*,*,*,歐陽竟無,*,*
歐陽炯,5,5,518,N,peoplename,*,*,*,*,歐陽炯,*,*
歐陽修,5,5,518,N,peoplename,*,*,*,*,歐陽修,*,*
歐陽玄,5,5,518,N,peoplename,*,*,*,*,歐陽玄,*,*
歐陽詢,5,5,518,N,peoplename,*,*,*,*,歐陽詢,*,*
歐陽生,5,5,518,N,peoplename,*,*,*,*,歐陽生,*,*
歐文,5,5,518,N,peoplename,*,*,*,*,歐文,*,*
安培,5,5,518,N,peoplename,*,*,*,*,安培,*,*
安民,5,5,518,N,peoplename,*,*,*,*,安民,*,*
安達西德,5,5,518,N,peoplename,*,*,*,*,安達西德,*,*
安得列夫,5,5,518,N,peoplename,*,*,*,*,安得列夫,*,*
安多尼,5,5,518,N,peoplename,*,*,*,*,安多尼,*,*
安敦,5,5,518,N,peoplename,*,*,*,*,安敦,*,*
安東尼,5,5,518,N,peoplename,*,*,*,*,安東尼,*,*
安徒生,5,5,518,N,peoplename,*,*,*,*,安徒生,*,*
安童,5,5,518,N,peoplename,*,*,*,*,安童,*,*
安童哥,5,5,518,N,peoplename,*,*,*,*,安童哥,*,*
安樂公主,5,5,518,N,peoplename,*,*,*,*,安樂公主,*,*
安祿山,5,5,518,N,peoplename,*,*,*,*,安祿山,*,*
安格爾,5,5,518,N,peoplename,*,*,*,*,安格爾,*,*
安吉里科,5,5,518,N,peoplename,*,*,*,*,安吉里科,*,*
安期生,5,5,518,N,peoplename,*,*,*,*,安期生,*,*
安世高,5,5,518,N,peoplename,*,*,*,*,安世高,*,*
恩格斯,5,5,518,N,peoplename,*,*,*,*,恩格斯,*,*
一行,5,5,244,N,peoplename,*,*,*,*,一行,*,*
伊比鳩魯,5,5,518,N,peoplename,*,*,*,*,伊比鳩魯,*,*
伊秉綬,5,5,518,N,peoplename,*,*,*,*,伊秉綬,*,*
伊凡第四,5,5,518,N,peoplename,*,*,*,*,伊凡第四,*,*
伊凡第三,5,5,518,N,peoplename,*,*,*,*,伊凡第三,*,*
伊凡諾夫,5,5,518,N,peoplename,*,*,*,*,伊凡諾夫,*,*
伊藤博文,5,5,518,N,peoplename,*,*,*,*,伊藤博文,*,*
伊拉斯莫斯,5,5,518,N,peoplename,*,*,*,*,伊拉斯莫斯,*,*
伊里布,5,5,518,N,peoplename,*,*,*,*,伊里布,*,*
伊麗莎白一世,5,5,518,N,peoplename,*,*,*,*,伊麗莎白一世,*,*
伊士曼,5,5,518,N,peoplename,*,*,*,*,伊士曼,*,*
伊索,5,5,518,N,peoplename,*,*,*,*,伊索,*,*
伊尹,5,5,518,N,peoplename,*,*,*,*,伊尹,*,*
猗頓,5,5,518,N,peoplename,*,*,*,*,猗頓,*,*
以利亞,5,5,518,N,peoplename,*,*,*,*,以利亞,*,*
以賽亞,5,5,518,N,peoplename,*,*,*,*,以賽亞,*,*
倚相,5,5,518,N,peoplename,*,*,*,*,倚相,*,*
猗頓,5,5,518,N,peoplename,*,*,*,*,猗頓,*,*
弈秋,5,5,518,N,peoplename,*,*,*,*,弈秋,*,*
奕訢,5,5,518,N,peoplename,*,*,*,*,奕訢,*,*
奕山,5,5,518,N,peoplename,*,*,*,*,奕山,*,*
易卜生,5,5,518,N,peoplename,*,*,*,*,易卜生,*,*
易順鼎,5,5,518,N,peoplename,*,*,*,*,易順鼎,*,*
易牙,5,5,518,N,peoplename,*,*,*,*,易牙,*,*
易元吉,5,5,518,N,peoplename,*,*,*,*,易元吉,*,*
羿,5,5,518,N,peoplename,*,*,*,*,羿,*,*
義律,5,5,518,N,peoplename,*,*,*,*,義律,*,*
豷,5,5,518,N,peoplename,*,*,*,*,豷,*,*
亞米契斯,5,5,518,N,peoplename,*,*,*,*,亞米契斯,*,*
亞當斯密,5,5,518,N,peoplename,*,*,*,*,亞當斯密,*,*
亞里斯多德,5,5,518,N,peoplename,*,*,*,*,亞里斯多德,*,*
耶律大石,5,5,518,N,peoplename,*,*,*,*,耶律大石,*,*
耶律休哥,5,5,518,N,peoplename,*,*,*,*,耶律休哥,*,*
耶律楚材,5,5,518,N,peoplename,*,*,*,*,耶律楚材,*,*
耶律阿保機,5,5,518,N,peoplename,*,*,*,*,耶律阿保機,*,*
耶穌,5,5,518,N,peoplename,*,*,*,*,耶穌,*,*
也先,5,5,518,N,peoplename,*,*,*,*,也先,*,*
也速該,5,5,518,N,peoplename,*,*,*,*,也速該,*,*
葉名琛,5,5,518,N,peoplename,*,*,*,*,葉名琛,*,*
葉德輝,5,5,518,N,peoplename,*,*,*,*,葉德輝,*,*
葉堂,5,5,518,N,peoplename,*,*,*,*,葉堂,*,*
葉天士,5,5,518,N,peoplename,*,*,*,*,葉天士,*,*
葉公超,5,5,518,N,peoplename,*,*,*,*,葉公超,*,*
葉憲祖,5,5,518,N,peoplename,*,*,*,*,葉憲祖,*,*
葉成忠,5,5,518,N,peoplename,*,*,*,*,葉成忠,*,*
葉適,5,5,518,N,peoplename,*,*,*,*,葉適,*,*
葉盛蘭,5,5,518,N,peoplename,*,*,*,*,葉盛蘭,*,*
葉慈,5,5,518,N,peoplename,*,*,*,*,葉慈,*,*
葉斯沛森,5,5,518,N,peoplename,*,*,*,*,葉斯沛森,*,*
葉王,5,5,518,N,peoplename,*,*,*,*,葉王,*,*
要離,5,5,518,N,peoplename,*,*,*,*,要離,*,*
姚名達,5,5,518,N,peoplename,*,*,*,*,姚名達,*,*
姚鼐,5,5,518,N,peoplename,*,*,*,*,姚鼐,*,*
姚廣孝,5,5,518,N,peoplename,*,*,*,*,姚廣孝,*,*
姚際恆,5,5,518,N,peoplename,*,*,*,*,姚際恆,*,*
姚興,5,5,518,N,peoplename,*,*,*,*,姚興,*,*
姚雪垠,5,5,518,N,peoplename,*,*,*,*,姚雪垠,*,*
姚萇,5,5,518,N,peoplename,*,*,*,*,姚萇,*,*
姚燧,5,5,518,N,peoplename,*,*,*,*,姚燧,*,*
陶,5,5,518,N,peoplename,*,*,*,*,陶,*,*
窅娘,5,5,518,N,peoplename,*,*,*,*,窅娘,*,*
優婆離,5,5,518,N,peoplename,*,*,*,*,優婆離,*,*
優孟,5,5,518,N,peoplename,*,*,*,*,優孟,*,*
優旃,5,5,518,N,peoplename,*,*,*,*,優旃,*,*
尤袤,5,5,518,N,peoplename,*,*,*,*,尤袤,*,*
尤侗,5,5,518,N,peoplename,*,*,*,*,尤侗,*,*
尤里比底斯,5,5,518,N,peoplename,*,*,*,*,尤里比底斯,*,*
尤列,5,5,518,N,peoplename,*,*,*,*,尤列,*,*
由余,5,5,518,N,peoplename,*,*,*,*,由余,*,*
猶大,5,5,518,N,peoplename,*,*,*,*,猶大,*,*
有若,5,5,518,N,peoplename,*,*,*,*,有若,*,*
言偃,5,5,518,N,peoplename,*,*,*,*,言偃,*,*
閻立本,5,5,518,N,peoplename,*,*,*,*,閻立本,*,*
閻海文,5,5,518,N,peoplename,*,*,*,*,閻海文,*,*
閻錫山,5,5,518,N,peoplename,*,*,*,*,閻錫山,*,*
閻若璩,5,5,518,N,peoplename,*,*,*,*,閻若璩,*,*
顏杲卿,5,5,518,N,peoplename,*,*,*,*,顏杲卿,*,*
顏回,5,5,518,N,peoplename,*,*,*,*,顏回,*,*
顏之推,5,5,518,N,peoplename,*,*,*,*,顏之推,*,*
顏真卿,5,5,518,N,peoplename,*,*,*,*,顏真卿,*,*
顏師古,5,5,518,N,peoplename,*,*,*,*,顏師古,*,*
顏水龍,5,5,518,N,peoplename,*,*,*,*,顏水龍,*,*
顏子淵,5,5,518,N,peoplename,*,*,*,*,顏子淵,*,*
顏延之,5,5,518,N,peoplename,*,*,*,*,顏延之,*,*
顏淵,5,5,518,N,peoplename,*,*,*,*,顏淵,*,*
顏元,5,5,518,N,peoplename,*,*,*,*,顏元,*,*
嚴復,5,5,518,N,peoplename,*,*,*,*,嚴復,*,*
嚴光,5,5,518,N,peoplename,*,*,*,*,嚴光,*,*
嚴可均,5,5,518,N,peoplename,*,*,*,*,嚴可均,*,*
嚴忌,5,5,518,N,peoplename,*,*,*,*,嚴忌,*,*
嚴家淦,5,5,518,N,peoplename,*,*,*,*,嚴家淦,*,*
嚴世蕃,5,5,518,N,peoplename,*,*,*,*,嚴世蕃,*,*
嚴遵,5,5,518,N,peoplename,*,*,*,*,嚴遵,*,*
嚴嵩,5,5,518,N,peoplename,*,*,*,*,嚴嵩,*,*
嚴羽,5,5,518,N,peoplename,*,*,*,*,嚴羽,*,*
彥琮,5,5,518,N,peoplename,*,*,*,*,彥琮,*,*
晏幾道,5,5,518,N,peoplename,*,*,*,*,晏幾道,*,*
晏殊,5,5,518,N,peoplename,*,*,*,*,晏殊,*,*
晏嬰,5,5,518,N,peoplename,*,*,*,*,晏嬰,*,*
殷浩,5,5,518,N,peoplename,*,*,*,*,殷浩,*,*
殷榘,5,5,518,N,peoplename,*,*,*,*,殷榘,*,*
陰麗華,5,5,518,N,peoplename,*,*,*,*,陰麗華,*,*
陰鏗,5,5,518,N,peoplename,*,*,*,*,陰鏗,*,*
陰時夫,5,5,518,N,peoplename,*,*,*,*,陰時夫,*,*
尹喜,5,5,518,N,peoplename,*,*,*,*,尹喜,*,*
尹文,5,5,518,N,peoplename,*,*,*,*,尹文,*,*
印光大師,5,5,518,N,peoplename,*,*,*,*,印光大師,*,*
羊祜,5,5,518,N,peoplename,*,*,*,*,羊祜,*,*
羊角哀,5,5,518,N,peoplename,*,*,*,*,羊角哀,*,*
羊欣,5,5,518,N,peoplename,*,*,*,*,羊欣,*,*
揚雄,5,5,518,N,peoplename,*,*,*,*,揚雄,*,*
陽虎,5,5,518,N,peoplename,*,*,*,*,陽虎,*,*
楊漣,5,5,518,N,peoplename,*,*,*,*,楊漣,*,*
楊國忠,5,5,518,N,peoplename,*,*,*,*,楊國忠,*,*
楊廣,5,5,518,N,peoplename,*,*,*,*,楊廣,*,*
楊惠之,5,5,518,N,peoplename,*,*,*,*,楊惠之,*,*
楊喚,5,5,518,N,peoplename,*,*,*,*,楊喚,*,*
楊繼盛,5,5,518,N,peoplename,*,*,*,*,楊繼盛,*,*
楊堅,5,5,518,N,peoplename,*,*,*,*,楊堅,*,*
楊巨源,5,5,518,N,peoplename,*,*,*,*,楊巨源,*,*
楊小樓,5,5,518,N,peoplename,*,*,*,*,楊小樓,*,*
楊修,5,5,518,N,peoplename,*,*,*,*,楊修,*,*
楊秀清,5,5,518,N,peoplename,*,*,*,*,楊秀清,*,*
楊顯之,5,5,518,N,peoplename,*,*,*,*,楊顯之,*,*
楊行密,5,5,518,N,peoplename,*,*,*,*,楊行密,*,*
楊衒之,5,5,518,N,peoplename,*,*,*,*,楊衒之,*,*
楊振寧,5,5,518,N,peoplename,*,*,*,*,楊振寧,*,*
楊朱,5,5,518,N,peoplename,*,*,*,*,楊朱,*,*
楊時,5,5,518,N,peoplename,*,*,*,*,楊時,*,*
楊守敬,5,5,518,N,peoplename,*,*,*,*,楊守敬,*,*
楊慎,5,5,518,N,peoplename,*,*,*,*,楊慎,*,*
楊樹達,5,5,518,N,peoplename,*,*,*,*,楊樹達,*,*
楊三郎,5,5,518,N,peoplename,*,*,*,*,楊三郎,*,*
楊素,5,5,518,N,peoplename,*,*,*,*,楊素,*,*
楊沂孫,5,5,518,N,peoplename,*,*,*,*,楊沂孫,*,*
楊億,5,5,518,N,peoplename,*,*,*,*,楊億,*,*
楊業,5,5,518,N,peoplename,*,*,*,*,楊業,*,*
楊延昭,5,5,518,N,peoplename,*,*,*,*,楊延昭,*,*
楊維楨,5,5,518,N,peoplename,*,*,*,*,楊維楨,*,*
楊萬里,5,5,518,N,peoplename,*,*,*,*,楊萬里,*,*
楊文廣,5,5,518,N,peoplename,*,*,*,*,楊文廣,*,*
楊文會,5,5,518,N,peoplename,*,*,*,*,楊文會,*,*
楊玉環,5,5,518,N,peoplename,*,*,*,*,楊玉環,*,*
楊惲,5,5,518,N,peoplename,*,*,*,*,楊惲,*,*
養由基,5,5,518,N,peoplename,*,*,*,*,養由基,*,*
英布,5,5,518,N,peoplename,*,*,*,*,英布,*,*
潁考叔,5,5,518,N,peoplename,*,*,*,*,潁考叔,*,*
應璩,5,5,518,N,peoplename,*,*,*,*,應璩,*,*
應劭,5,5,518,N,peoplename,*,*,*,*,應劭,*,*
應瑒,5,5,518,N,peoplename,*,*,*,*,應瑒,*,*
屋大維,5,5,518,N,peoplename,*,*,*,*,屋大維,*,*
烏獲,5,5,518,N,peoplename,*,*,*,*,烏獲,*,*
烏氏倮,5,5,518,N,peoplename,*,*,*,*,烏氏倮,*,*
吳佩孚,5,5,518,N,peoplename,*,*,*,*,吳佩孚,*,*
吳梅,5,5,518,N,peoplename,*,*,*,*,吳梅,*,*
吳鳳,5,5,518,N,peoplename,*,*,*,*,吳鳳,*,*
吳大澂,5,5,518,N,peoplename,*,*,*,*,吳大澂,*,*
吳道子,5,5,518,N,peoplename,*,*,*,*,吳道子,*,*
吳廣,5,5,518,N,peoplename,*,*,*,*,吳廣,*,*
吳敬恆,5,5,518,N,peoplename,*,*,*,*,吳敬恆,*,*
吳敬梓,5,5,518,N,peoplename,*,*,*,*,吳敬梓,*,*
吳均,5,5,518,N,peoplename,*,*,*,*,吳均,*,*
吳起,5,5,518,N,peoplename,*,*,*,*,吳起,*,*
吳質,5,5,518,N,peoplename,*,*,*,*,吳質,*,*
吳稚暉,5,5,518,N,peoplename,*,*,*,*,吳稚暉,*,*
吳鎮,5,5,518,N,peoplename,*,*,*,*,吳鎮,*,*
吳昌碩,5,5,518,N,peoplename,*,*,*,*,吳昌碩,*,*
吳承恩,5,5,518,N,peoplename,*,*,*,*,吳承恩,*,*
吳澄,5,5,518,N,peoplename,*,*,*,*,吳澄,*,*
吳三桂,5,5,518,N,peoplename,*,*,*,*,吳三桂,*,*
吳爾芙,5,5,518,N,peoplename,*,*,*,*,吳爾芙,*,*
吳沃堯,5,5,518,N,peoplename,*,*,*,*,吳沃堯,*,*
吳偉業,5,5,518,N,peoplename,*,*,*,*,吳偉業,*,*
吳文英,5,5,518,N,peoplename,*,*,*,*,吳文英,*,*
吳棫,5,5,518,N,peoplename,*,*,*,*,吳棫,*,*
無著,5,5,518,N,peoplename,*,*,*,*,無著,*,*
伍廷芳,5,5,518,N,peoplename,*,*,*,*,伍廷芳,*,*
伍員,5,5,518,N,peoplename,*,*,*,*,伍員,*,*
武訓,5,5,518,N,peoplename,*,*,*,*,武訓,*,*
武則天,5,5,518,N,peoplename,*,*,*,*,武則天,*,*
兀朮,5,5,518,N,peoplename,*,*,*,*,兀朮,*,*
務光,5,5,518,N,peoplename,*,*,*,*,務光,*,*
瓦特,5,5,518,N,peoplename,*,*,*,*,瓦特,*,*
窩闊臺,5,5,518,N,peoplename,*,*,*,*,窩闊臺,*,*
斡離不,5,5,518,N,peoplename,*,*,*,*,斡離不,*,*
威靈頓,5,5,518,N,peoplename,*,*,*,*,威靈頓,*,*
威爾遜,5,5,518,N,peoplename,*,*,*,*,威爾遜,*,*
韋伯,5,5,518,N,peoplename,*,*,*,*,韋伯,*,*
韋昭,5,5,518,N,peoplename,*,*,*,*,韋昭,*,*
韋莊,5,5,518,N,peoplename,*,*,*,*,韋莊,*,*
韋應物,5,5,518,N,peoplename,*,*,*,*,韋應物,*,*
維摩詰,5,5,518,N,peoplename,*,*,*,*,維摩詰,*,*
尾生,5,5,518,N,peoplename,*,*,*,*,尾生,*,*
隗囂,5,5,518,N,peoplename,*,*,*,*,隗囂,*,*
衛夫人,5,5,518,N,peoplename,*,*,*,*,衛夫人,*,*
衛瓘,5,5,518,N,peoplename,*,*,*,*,衛瓘,*,*
衛玠,5,5,518,N,peoplename,*,*,*,*,衛玠,*,*
衛青,5,5,518,N,peoplename,*,*,*,*,衛青,*,*
魏德邁,5,5,518,N,peoplename,*,*,*,*,魏德邁,*,*
魏良輔,5,5,518,N,peoplename,*,*,*,*,魏良輔,*,*
魏徵,5,5,518,N,peoplename,*,*,*,*,魏徵,*,*
魏長生,5,5,518,N,peoplename,*,*,*,*,魏長生,*,*
魏無忌,5,5,518,N,peoplename,*,*,*,*,魏無忌,*,*
完顏阿骨打,5,5,518,N,peoplename,*,*,*,*,完顏阿骨打,*,*
萬寶常,5,5,518,N,peoplename,*,*,*,*,萬寶常,*,*
萬斯同,5,5,518,N,peoplename,*,*,*,*,萬斯同,*,*
溫八叉,5,5,518,N,peoplename,*,*,*,*,溫八叉,*,*
溫庭筠,5,5,518,N,peoplename,*,*,*,*,溫庭筠,*,*
溫嶠,5,5,518,N,peoplename,*,*,*,*,溫嶠,*,*
文天祥,5,5,518,N,peoplename,*,*,*,*,文天祥,*,*
文同,5,5,518,N,peoplename,*,*,*,*,文同,*,*
文徵明,5,5,518,N,peoplename,*,*,*,*,文徵明,*,*
文種,5,5,518,N,peoplename,*,*,*,*,文種,*,*
文翁,5,5,518,N,peoplename,*,*,*,*,文翁,*,*
聞一多,5,5,518,N,peoplename,*,*,*,*,聞一多,*,*
汪大燮,5,5,518,N,peoplename,*,*,*,*,汪大燮,*,*
汪大淵,5,5,518,N,peoplename,*,*,*,*,汪大淵,*,*
汪踦,5,5,518,N,peoplename,*,*,*,*,汪踦,*,*
汪笑儂,5,5,518,N,peoplename,*,*,*,*,汪笑儂,*,*
汪兆銘,5,5,518,N,peoplename,*,*,*,*,汪兆銘,*,*
汪中,5,5,518,N,peoplename,*,*,*,*,汪中,*,*
汪元量,5,5,518,N,peoplename,*,*,*,*,汪元量,*,*
王勃,5,5,518,N,peoplename,*,*,*,*,王勃,*,*
王襃,5,5,518,N,peoplename,*,*,*,*,王襃,*,*
王賁,5,5,518,N,peoplename,*,*,*,*,王賁,*,*
王弼,5,5,518,N,peoplename,*,*,*,*,王弼,*,*
王莽,5,5,518,N,peoplename,*,*,*,*,王莽,*,*
王蒙,5,5,518,N,peoplename,*,*,*,*,王蒙,*,*
王猛,5,5,518,N,peoplename,*,*,*,*,王猛,*,*
王冕,5,5,518,N,peoplename,*,*,*,*,王冕,*,*
王夫之,5,5,518,N,peoplename,*,*,*,*,王夫之,*,*
王符,5,5,518,N,peoplename,*,*,*,*,王符,*,*
王導,5,5,518,N,peoplename,*,*,*,*,王導,*,*
王鐸,5,5,518,N,peoplename,*,*,*,*,王鐸,*,*
王敦,5,5,518,N,peoplename,*,*,*,*,王敦,*,*
王韜,5,5,518,N,peoplename,*,*,*,*,王韜,*,*
王庭筠,5,5,518,N,peoplename,*,*,*,*,王庭筠,*,*
王通,5,5,518,N,peoplename,*,*,*,*,王通,*,*
王念孫,5,5,518,N,peoplename,*,*,*,*,王念孫,*,*
王陵,5,5,518,N,peoplename,*,*,*,*,王陵,*,*
王國維,5,5,518,N,peoplename,*,*,*,*,王國維,*,*
王珪,5,5,518,N,peoplename,*,*,*,*,王珪,*,*
王愷,5,5,518,N,peoplename,*,*,*,*,王愷,*,*
王魁,5,5,518,N,peoplename,*,*,*,*,王魁,*,*
王翬,5,5,518,N,peoplename,*,*,*,*,王翬,*,*
王畿,5,5,518,N,peoplename,*,*,*,*,王畿,*,*
王季,5,5,518,N,peoplename,*,*,*,*,王季,*,*
王翦,5,5,518,N,peoplename,*,*,*,*,王翦,*,*
王建,5,5,518,N,peoplename,*,*,*,*,王建,*,*
王鑑,5,5,518,N,peoplename,*,*,*,*,王鑑,*,*
王喬,5,5,518,N,peoplename,*,*,*,*,王喬,*,*
王嬙,5,5,518,N,peoplename,*,*,*,*,王嬙,*,*
王羲之,5,5,518,N,peoplename,*,*,*,*,王羲之,*,*
王小玉,5,5,518,N,peoplename,*,*,*,*,王小玉,*,*
王先謙,5,5,518,N,peoplename,*,*,*,*,王先謙,*,*
王仙芝,5,5,518,N,peoplename,*,*,*,*,王仙芝,*,*
王獻之,5,5,518,N,peoplename,*,*,*,*,王獻之,*,*
王祥,5,5,518,N,peoplename,*,*,*,*,王祥,*,*
王之渙,5,5,518,N,peoplename,*,*,*,*,王之渙,*,*
王昭君,5,5,518,N,peoplename,*,*,*,*,王昭君,*,*
王昌齡,5,5,518,N,peoplename,*,*,*,*,王昌齡,*,*
王充,5,5,518,N,peoplename,*,*,*,*,王充,*,*
王實甫,5,5,518,N,peoplename,*,*,*,*,王實甫,*,*
王世貞,5,5,518,N,peoplename,*,*,*,*,王世貞,*,*
王守仁,5,5,518,N,peoplename,*,*,*,*,王守仁,*,*
王叔和,5,5,518,N,peoplename,*,*,*,*,王叔和,*,*
王戎,5,5,518,N,peoplename,*,*,*,*,王戎,*,*
王融,5,5,518,N,peoplename,*,*,*,*,王融,*,*
王次仲,5,5,518,N,peoplename,*,*,*,*,王次仲,*,*
王粲,5,5,518,N,peoplename,*,*,*,*,王粲,*,*
王肅,5,5,518,N,peoplename,*,*,*,*,王肅,*,*
王安石,5,5,518,N,peoplename,*,*,*,*,王安石,*,*
王爾德,5,5,518,N,peoplename,*,*,*,*,王爾德,*,*
王猷定,5,5,518,N,peoplename,*,*,*,*,王猷定,*,*
王右軍,5,5,518,N,peoplename,*,*,*,*,王右軍,*,*
王衍,5,5,518,N,peoplename,*,*,*,*,王衍,*,*
王引之,5,5,518,N,peoplename,*,*,*,*,王引之,*,*
王陽明,5,5,518,N,peoplename,*,*,*,*,王陽明,*,*
王應麟,5,5,518,N,peoplename,*,*,*,*,王應麟,*,*
王維,5,5,518,N,peoplename,*,*,*,*,王維,*,*
王文治,5,5,518,N,peoplename,*,*,*,*,王文治,*,*
王禹偁,5,5,518,N,peoplename,*,*,*,*,王禹偁,*,*
王原祁,5,5,518,N,peoplename,*,*,*,*,王原祁,*,*
王雲五,5,5,518,N,peoplename,*,*,*,*,王雲五,*,*
翁同龢,5,5,518,N,peoplename,*,*,*,*,翁同龢,*,*
于斌,5,5,518,N,peoplename,*,*,*,*,于斌,*,*
于謙,5,5,518,N,peoplename,*,*,*,*,于謙,*,*
于右任,5,5,518,N,peoplename,*,*,*,*,于右任,*,*
俞大猷,5,5,518,N,peoplename,*,*,*,*,俞大猷,*,*
俞樾,5,5,518,N,peoplename,*,*,*,*,俞樾,*,*
虞集,5,5,518,N,peoplename,*,*,*,*,虞集,*,*
虞仲,5,5,518,N,peoplename,*,*,*,*,虞仲,*,*
虞世南,5,5,518,N,peoplename,*,*,*,*,虞世南,*,*
虞允文,5,5,518,N,peoplename,*,*,*,*,虞允文,*,*
魚玄機,5,5,518,N,peoplename,*,*,*,*,魚玄機,*,*
魚朝恩,5,5,518,N,peoplename,*,*,*,*,魚朝恩,*,*
宇文泰,5,5,518,N,peoplename,*,*,*,*,宇文泰,*,*
宇文護,5,5,518,N,peoplename,*,*,*,*,宇文護,*,*
宇文化及,5,5,518,N,peoplename,*,*,*,*,宇文化及,*,*
宇文覺,5,5,518,N,peoplename,*,*,*,*,宇文覺,*,*
雨果,5,5,518,N,peoplename,*,*,*,*,雨果,*,*
禹,5,5,518,N,peoplename,*,*,*,*,禹,*,*
庾亮,5,5,518,N,peoplename,*,*,*,*,庾亮,*,*
庾肩吾,5,5,518,N,peoplename,*,*,*,*,庾肩吾,*,*
庾信,5,5,518,N,peoplename,*,*,*,*,庾信,*,*
郁達夫,5,5,518,N,peoplename,*,*,*,*,郁達夫,*,*
尉遲敬德,5,5,518,N,peoplename,*,*,*,*,尉遲敬德,*,*
尉遲乙僧,5,5,518,N,peoplename,*,*,*,*,尉遲乙僧,*,*
毓賢,5,5,518,N,peoplename,*,*,*,*,毓賢,*,*
豫讓,5,5,518,N,peoplename,*,*,*,*,豫讓,*,*
約翰,5,5,518,N,peoplename,*,*,*,*,約翰,*,*
約瑟芬,5,5,518,N,peoplename,*,*,*,*,約瑟芬,*,*
月稱,5,5,518,N,peoplename,*,*,*,*,月稱,*,*
岳飛,5,5,518,N,peoplename,*,*,*,*,岳飛,*,*
岳珂,5,5,518,N,peoplename,*,*,*,*,岳珂,*,*
岳雲,5,5,518,N,peoplename,*,*,*,*,岳雲,*,*
樂史,5,5,518,N,peoplename,*,*,*,*,樂史,*,*
樂毅,5,5,518,N,peoplename,*,*,*,*,樂毅,*,*
元好問,5,5,518,N,peoplename,*,*,*,*,元好問,*,*
元結,5,5,518,N,peoplename,*,*,*,*,元結,*,*
元稹,5,5,518,N,peoplename,*,*,*,*,元稹,*,*
袁枚,5,5,518,N,peoplename,*,*,*,*,袁枚,*,*
袁宏,5,5,518,N,peoplename,*,*,*,*,袁宏,*,*
袁宏道,5,5,518,N,peoplename,*,*,*,*,袁宏道,*,*
袁崇煥,5,5,518,N,peoplename,*,*,*,*,袁崇煥,*,*
袁世凱,5,5,518,N,peoplename,*,*,*,*,袁世凱,*,*
袁紹,5,5,518,N,peoplename,*,*,*,*,袁紹,*,*
袁樞,5,5,518,N,peoplename,*,*,*,*,袁樞,*,*
袁術,5,5,518,N,peoplename,*,*,*,*,袁術,*,*
袁盎,5,5,518,N,peoplename,*,*,*,*,袁盎,*,*
轅固,5,5,518,N,peoplename,*,*,*,*,轅固,*,*
原憲,5,5,518,N,peoplename,*,*,*,*,原憲,*,*
源賴朝,5,5,518,N,peoplename,*,*,*,*,源賴朝,*,*
雲英,5,5,518,N,peoplename,*,*,*,*,雲英,*,*
惲敬,5,5,518,N,peoplename,*,*,*,*,惲敬,*,*
惲壽平,5,5,518,N,peoplename,*,*,*,*,惲壽平,*,*
