巴,3,3,627,N,nationname,*,*,*,*,巴,*,*
巴貝多,3,3,627,N,nationname,*,*,*,*,巴貝多,*,*
巴比倫,3,3,627,N,nationname,*,*,*,*,巴比倫,*,*
巴布亞紐幾內亞,3,3,627,N,nationname,*,*,*,*,巴布亞紐幾內亞,*,*
巴拿馬,3,3,627,N,nationname,*,*,*,*,巴拿馬,*,*
巴拿馬共和國,3,3,627,N,nationname,*,*,*,*,巴拿馬共和國,*,*
巴拉圭,3,3,627,N,nationname,*,*,*,*,巴拉圭,*,*
巴拉圭共和國,3,3,627,N,nationname,*,*,*,*,巴拉圭共和國,*,*
巴林,3,3,627,N,nationname,*,*,*,*,巴林,*,*
巴哈馬,3,3,627,N,nationname,*,*,*,*,巴哈馬,*,*
巴基斯坦,3,3,627,N,nationname,*,*,*,*,巴基斯坦,*,*
巴基斯坦伊斯蘭共和國,3,3,627,N,nationname,*,*,*,*,巴基斯坦伊斯蘭共和國,*,*
巴西,3,3,627,N,nationname,*,*,*,*,巴西,*,*
巴西聯邦共和國,3,3,627,N,nationname,*,*,*,*,巴西聯邦共和國,*,*
巴什吉爾,3,3,627,N,nationname,*,*,*,*,巴什吉爾,*,*
巴什吉爾自治共和國,3,3,627,N,nationname,*,*,*,*,巴什吉爾自治共和國,*,*
波布那,3,3,627,N,nationname,*,*,*,*,波布那,*,*
波布那共和國,3,3,627,N,nationname,*,*,*,*,波布那共和國,*,*
波蘭,3,3,627,N,nationname,*,*,*,*,波蘭,*,*
波蘭共和國,3,3,627,N,nationname,*,*,*,*,波蘭共和國,*,*
波札那,3,3,627,N,nationname,*,*,*,*,波札那,*,*
波札那共和國,3,3,627,N,nationname,*,*,*,*,波札那共和國,*,*
波斯,3,3,627,N,nationname,*,*,*,*,波斯,*,*
波斯帝國,3,3,627,N,nationname,*,*,*,*,波斯帝國,*,*
波斯國,3,3,627,N,nationname,*,*,*,*,波斯國,*,*
玻利維亞,3,3,627,N,nationname,*,*,*,*,玻利維亞,*,*
玻利維亞共和國,3,3,627,N,nationname,*,*,*,*,玻利維亞共和國,*,*
伯濟國,3,3,627,N,nationname,*,*,*,*,伯濟國,*,*
帛琉共和國,3,3,627,N,nationname,*,*,*,*,帛琉共和國,*,*
勃律,3,3,627,N,nationname,*,*,*,*,勃律,*,*
渤海,3,3,627,N,nationname,*,*,*,*,渤海,*,*
渤海國,3,3,627,N,nationname,*,*,*,*,渤海國,*,*
亳,3,3,627,N,nationname,*,*,*,*,亳,*,*
白象之國,3,3,627,N,nationname,*,*,*,*,白象之國,*,*
白俄羅斯,3,3,627,N,nationname,*,*,*,*,白俄羅斯,*,*
白俄羅斯共和國,3,3,627,N,nationname,*,*,*,*,白俄羅斯共和國,*,*
百濟,3,3,298,N,nationname,*,*,*,*,百濟,*,*
北葉門,3,3,627,N,nationname,*,*,*,*,北葉門,*,*
邶,3,3,627,N,nationname,*,*,*,*,邶,*,*
貝南,3,3,627,N,nationname,*,*,*,*,貝南,*,*
貝南共和國,3,3,627,N,nationname,*,*,*,*,貝南共和國,*,*
貝里斯,3,3,627,N,nationname,*,*,*,*,貝里斯,*,*
褒,3,3,627,N,nationname,*,*,*,*,褒,*,*
保加利亞,3,3,627,N,nationname,*,*,*,*,保加利亞,*,*
保加利亞共和國,3,3,627,N,nationname,*,*,*,*,保加利亞共和國,*,*
比利時,3,3,627,N,nationname,*,*,*,*,比利時,*,*
比利時王國,3,3,627,N,nationname,*,*,*,*,比利時王國,*,*
祕魯,3,3,627,N,nationname,*,*,*,*,祕魯,*,*
祕魯共和國,3,3,627,N,nationname,*,*,*,*,祕魯共和國,*,*
邠,3,3,627,N,nationname,*,*,*,*,邠,*,*
豳,3,3,627,N,nationname,*,*,*,*,豳,*,*
冰島,3,3,627,N,nationname,*,*,*,*,冰島,*,*
冰島共和國,3,3,627,N,nationname,*,*,*,*,冰島共和國,*,*
不丹,3,3,627,N,nationname,*,*,*,*,不丹,*,*
不丹王國,3,3,627,N,nationname,*,*,*,*,不丹王國,*,*
布吉納法索,3,3,627,N,nationname,*,*,*,*,布吉納法索,*,*
帕提亞,3,3,627,N,nationname,*,*,*,*,帕提亞,*,*
葡萄牙,3,3,627,N,nationname,*,*,*,*,葡萄牙,*,*
葡萄牙共和國,3,3,627,N,nationname,*,*,*,*,葡萄牙共和國,*,*
蒲隆地,3,3,627,N,nationname,*,*,*,*,蒲隆地,*,*
蒲隆地共和國,3,3,627,N,nationname,*,*,*,*,蒲隆地共和國,*,*
普魯士,3,3,627,N,nationname,*,*,*,*,普魯士,*,*
馬達加斯加,3,3,627,N,nationname,*,*,*,*,馬達加斯加,*,*
馬達加斯加民主共和國,3,3,627,N,nationname,*,*,*,*,馬達加斯加民主共和國,*,*
馬拉威,3,3,627,N,nationname,*,*,*,*,馬拉威,*,*
馬拉威共和國,3,3,627,N,nationname,*,*,*,*,馬拉威共和國,*,*
馬來西亞,3,3,627,N,nationname,*,*,*,*,馬來西亞,*,*
馬利,3,3,627,N,nationname,*,*,*,*,馬利,*,*
馬利共和國,3,3,627,N,nationname,*,*,*,*,馬利共和國,*,*
馬其頓王國,3,3,627,N,nationname,*,*,*,*,馬其頓王國,*,*
馬紹爾群島,3,3,627,N,nationname,*,*,*,*,馬紹爾群島,*,*
馬爾地夫,3,3,627,N,nationname,*,*,*,*,馬爾地夫,*,*
馬爾地夫共和國,3,3,627,N,nationname,*,*,*,*,馬爾地夫共和國,*,*
馬爾他,3,3,627,N,nationname,*,*,*,*,馬爾他,*,*
馬爾他共和國,3,3,627,N,nationname,*,*,*,*,馬爾他共和國,*,*
摩納哥,3,3,627,N,nationname,*,*,*,*,摩納哥,*,*
摩納哥侯國,3,3,627,N,nationname,*,*,*,*,摩納哥侯國,*,*
摩洛哥,3,3,627,N,nationname,*,*,*,*,摩洛哥,*,*
摩洛哥王國,3,3,627,N,nationname,*,*,*,*,摩洛哥王國,*,*
摩爾多瓦共和國,3,3,627,N,nationname,*,*,*,*,摩爾多瓦共和國,*,*
模里西斯,3,3,627,N,nationname,*,*,*,*,模里西斯,*,*
模里西斯共和國,3,3,627,N,nationname,*,*,*,*,模里西斯共和國,*,*
莫三比克,3,3,627,N,nationname,*,*,*,*,莫三比克,*,*
莫三比克人民共和國,3,3,627,N,nationname,*,*,*,*,莫三比克人民共和國,*,*
墨西哥,3,3,627,N,nationname,*,*,*,*,墨西哥,*,*
墨西哥合眾國,3,3,627,N,nationname,*,*,*,*,墨西哥合眾國,*,*
美利堅合眾國,3,3,627,N,nationname,*,*,*,*,美利堅合眾國,*,*
美國,3,3,627,N,nationname,*,*,*,*,美國,*,*
茅利塔尼亞,3,3,627,N,nationname,*,*,*,*,茅利塔尼亞,*,*
茅利塔尼亞伊斯蘭共和國,3,3,627,N,nationname,*,*,*,*,茅利塔尼亞伊斯蘭共和國,*,*
蒙古帝國,3,3,627,N,nationname,*,*,*,*,蒙古帝國,*,*
孟加拉,3,3,627,N,nationname,*,*,*,*,孟加拉,*,*
孟加拉人民共和國,3,3,627,N,nationname,*,*,*,*,孟加拉人民共和國,*,*
緬甸,3,3,627,N,nationname,*,*,*,*,緬甸,*,*
緬甸聯邦,3,3,627,N,nationname,*,*,*,*,緬甸聯邦,*,*
法蘭西共和國,3,3,627,N,nationname,*,*,*,*,法蘭西共和國,*,*
法國,3,3,627,N,nationname,*,*,*,*,法國,*,*
菲律賓,3,3,627,N,nationname,*,*,*,*,菲律賓,*,*
菲律賓共和國,3,3,627,N,nationname,*,*,*,*,菲律賓共和國,*,*
斐濟,3,3,627,N,nationname,*,*,*,*,斐濟,*,*
斐濟共和國,3,3,627,N,nationname,*,*,*,*,斐濟共和國,*,*
芬蘭,3,3,627,N,nationname,*,*,*,*,芬蘭,*,*
芬蘭共和國,3,3,627,N,nationname,*,*,*,*,芬蘭共和國,*,*
妢胡,3,3,627,N,nationname,*,*,*,*,妢胡,*,*
扶餘國,3,3,627,N,nationname,*,*,*,*,扶餘國,*,*
苻秦,3,3,627,N,nationname,*,*,*,*,苻秦,*,*
偪陽,3,3,627,N,nationname,*,*,*,*,偪陽,*,*
達荷美,3,3,627,N,nationname,*,*,*,*,達荷美,*,*
噠,3,3,627,N,nationname,*,*,*,*,噠,*,*
大不列顛與北愛爾蘭聯合王國,3,3,627,N,nationname,*,*,*,*,大不列顛與北愛爾蘭聯合王國,*,*
大理,3,3,627,N,nationname,*,*,*,*,大理,*,*
大理國,3,3,627,N,nationname,*,*,*,*,大理國,*,*
大利比亞阿拉伯人民社會主義群眾國,3,3,627,N,nationname,*,*,*,*,大利比亞阿拉伯人民社會主義群眾國,*,*
大韓民國,3,3,627,N,nationname,*,*,*,*,大韓民國,*,*
大夏,3,3,627,N,nationname,*,*,*,*,大夏,*,*
大食,3,3,627,N,nationname,*,*,*,*,大食,*,*
大月氏,3,3,627,N,nationname,*,*,*,*,大月氏,*,*
大宛,3,3,627,N,nationname,*,*,*,*,大宛,*,*
德國,3,3,627,N,nationname,*,*,*,*,德國,*,*
德意志民主共和國,3,3,627,N,nationname,*,*,*,*,德意志民主共和國,*,*
德意志聯邦共和國,3,3,627,N,nationname,*,*,*,*,德意志聯邦共和國,*,*
代,3,3,627,N,nationname,*,*,*,*,代,*,*
丹麥,3,3,627,N,nationname,*,*,*,*,丹麥,*,*
丹麥王國,3,3,627,N,nationname,*,*,*,*,丹麥王國,*,*
鄧,3,3,627,N,nationname,*,*,*,*,鄧,*,*
滇,3,3,627,N,nationname,*,*,*,*,滇,*,*
多米尼克,3,3,627,N,nationname,*,*,*,*,多米尼克,*,*
多明尼加,3,3,627,N,nationname,*,*,*,*,多明尼加,*,*
多明尼加共和國,3,3,627,N,nationname,*,*,*,*,多明尼加共和國,*,*
東羅馬帝國,3,3,627,N,nationname,*,*,*,*,東羅馬帝國,*,*
東加,3,3,627,N,nationname,*,*,*,*,東加,*,*
東加王國,3,3,627,N,nationname,*,*,*,*,東加王國,*,*
東越,3,3,627,N,nationname,*,*,*,*,東越,*,*
塔吉克共和國,3,3,627,N,nationname,*,*,*,*,塔吉克共和國,*,*
邰,3,3,627,N,nationname,*,*,*,*,邰,*,*
泰國,3,3,627,N,nationname,*,*,*,*,泰國,*,*
泰王國,3,3,627,N,nationname,*,*,*,*,泰王國,*,*
郯,3,3,627,N,nationname,*,*,*,*,郯,*,*
𨝸,3,3,267,N,nationname,*,*,*,*,𨝸,*,*
坦尚尼亞,3,3,627,N,nationname,*,*,*,*,坦尚尼亞,*,*
坦尚尼亞聯合共和國,3,3,627,N,nationname,*,*,*,*,坦尚尼亞聯合共和國,*,*
滕,3,3,627,N,nationname,*,*,*,*,滕,*,*
條支,3,3,627,N,nationname,*,*,*,*,條支,*,*
突尼西亞,3,3,627,N,nationname,*,*,*,*,突尼西亞,*,*
突尼西亞共和國,3,3,627,N,nationname,*,*,*,*,突尼西亞共和國,*,*
嵞,3,3,627,N,nationname,*,*,*,*,嵞,*,*
土庫曼,3,3,627,N,nationname,*,*,*,*,土庫曼,*,*
土庫曼共和國,3,3,627,N,nationname,*,*,*,*,土庫曼共和國,*,*
土耳其,3,3,627,N,nationname,*,*,*,*,土耳其,*,*
土耳其帝國,3,3,627,N,nationname,*,*,*,*,土耳其帝國,*,*
土耳其共和國,3,3,627,N,nationname,*,*,*,*,土耳其共和國,*,*
吐瓦魯,3,3,627,N,nationname,*,*,*,*,吐瓦魯,*,*
納米比亞共和國,3,3,627,N,nationname,*,*,*,*,納米比亞共和國,*,*
那密比亞,3,3,627,N,nationname,*,*,*,*,那密比亞,*,*
奈及利亞,3,3,627,N,nationname,*,*,*,*,奈及利亞,*,*
奈及利亞聯邦共和國,3,3,627,N,nationname,*,*,*,*,奈及利亞聯邦共和國,*,*
南非,3,3,627,N,nationname,*,*,*,*,南非,*,*
南非共和國,3,3,627,N,nationname,*,*,*,*,南非共和國,*,*
南詔,3,3,627,N,nationname,*,*,*,*,南詔,*,*
南斯拉夫,3,3,627,N,nationname,*,*,*,*,南斯拉夫,*,*
南斯拉夫社會主義聯邦共和國,3,3,627,N,nationname,*,*,*,*,南斯拉夫社會主義聯邦共和國,*,*
南葉門,3,3,627,N,nationname,*,*,*,*,南葉門,*,*
南越,3,3,627,N,nationname,*,*,*,*,南越,*,*
尼泊爾,3,3,627,N,nationname,*,*,*,*,尼泊爾,*,*
尼泊爾王國,3,3,627,N,nationname,*,*,*,*,尼泊爾王國,*,*
尼加拉瓜,3,3,627,N,nationname,*,*,*,*,尼加拉瓜,*,*
尼加拉瓜共和國,3,3,627,N,nationname,*,*,*,*,尼加拉瓜共和國,*,*
尼日,3,3,627,N,nationname,*,*,*,*,尼日,*,*
尼日共和國,3,3,627,N,nationname,*,*,*,*,尼日共和國,*,*
郳,3,3,627,N,nationname,*,*,*,*,郳,*,*
紐西蘭,3,3,627,N,nationname,*,*,*,*,紐西蘭,*,*
挪威,3,3,627,N,nationname,*,*,*,*,挪威,*,*
挪威王國,3,3,627,N,nationname,*,*,*,*,挪威王國,*,*
諾魯,3,3,627,N,nationname,*,*,*,*,諾魯,*,*
諾魯共和國,3,3,627,N,nationname,*,*,*,*,諾魯共和國,*,*
拉脫維亞,3,3,627,N,nationname,*,*,*,*,拉脫維亞,*,*
拉脫維亞共和國,3,3,627,N,nationname,*,*,*,*,拉脫維亞共和國,*,*
萊,3,3,627,N,nationname,*,*,*,*,萊,*,*
賴比瑞亞,3,3,627,N,nationname,*,*,*,*,賴比瑞亞,*,*
賴比瑞亞共和國,3,3,627,N,nationname,*,*,*,*,賴比瑞亞共和國,*,*
賴索托,3,3,627,N,nationname,*,*,*,*,賴索托,*,*
賴索托王國,3,3,627,N,nationname,*,*,*,*,賴索托王國,*,*
老撾,3,3,627,N,nationname,*,*,*,*,老撾,*,*
樓蘭,3,3,627,N,nationname,*,*,*,*,樓蘭,*,*
黎,3,3,627,N,nationname,*,*,*,*,黎,*,*
黎巴嫩,3,3,627,N,nationname,*,*,*,*,黎巴嫩,*,*
黎巴嫩共和國,3,3,627,N,nationname,*,*,*,*,黎巴嫩共和國,*,*
驪戎,3,3,627,N,nationname,*,*,*,*,驪戎,*,*
立陶宛,3,3,627,N,nationname,*,*,*,*,立陶宛,*,*
立陶宛共和國,3,3,627,N,nationname,*,*,*,*,立陶宛共和國,*,*
利比亞,3,3,627,N,nationname,*,*,*,*,利比亞,*,*
列支敦斯登,3,3,627,N,nationname,*,*,*,*,列支敦斯登,*,*
列支敦斯登侯國,3,3,627,N,nationname,*,*,*,*,列支敦斯登侯國,*,*
寮國,3,3,627,N,nationname,*,*,*,*,寮國,*,*
寮人民民主共和國,3,3,627,N,nationname,*,*,*,*,寮人民民主共和國,*,*
兩西西里王國,3,3,627,N,nationname,*,*,*,*,兩西西里王國,*,*
盧森堡,3,3,627,N,nationname,*,*,*,*,盧森堡,*,*
盧森堡大公國,3,3,627,N,nationname,*,*,*,*,盧森堡大公國,*,*
盧安達,3,3,627,N,nationname,*,*,*,*,盧安達,*,*
盧安達共和國,3,3,627,N,nationname,*,*,*,*,盧安達共和國,*,*
魯,3,3,627,N,nationname,*,*,*,*,魯,*,*
六,3,3,298,N,nationname,*,*,*,*,六,*,*
羅馬帝國,3,3,627,N,nationname,*,*,*,*,羅馬帝國,*,*
羅馬尼亞,3,3,627,N,nationname,*,*,*,*,羅馬尼亞,*,*
羅馬尼亞共和國,3,3,627,N,nationname,*,*,*,*,羅馬尼亞共和國,*,*
羅馬共和國,3,3,627,N,nationname,*,*,*,*,羅馬共和國,*,*
羅德西亞,3,3,627,N,nationname,*,*,*,*,羅德西亞,*,*
裸國,3,3,627,N,nationname,*,*,*,*,裸國,*,*
呂底亞王國,3,3,627,N,nationname,*,*,*,*,呂底亞王國,*,*
哥倫比亞,3,3,627,N,nationname,*,*,*,*,哥倫比亞,*,*
哥倫比亞共和國,3,3,627,N,nationname,*,*,*,*,哥倫比亞共和國,*,*
哥斯大黎加,3,3,627,N,nationname,*,*,*,*,哥斯大黎加,*,*
哥斯大黎加共和國,3,3,627,N,nationname,*,*,*,*,哥斯大黎加共和國,*,*
格瑞那達,3,3,627,N,nationname,*,*,*,*,格瑞那達,*,*
葛,3,3,627,N,nationname,*,*,*,*,葛,*,*
葛摩,3,3,627,N,nationname,*,*,*,*,葛摩,*,*
葛摩伊斯蘭聯邦共和國,3,3,627,N,nationname,*,*,*,*,葛摩伊斯蘭聯邦共和國,*,*
蓋亞那合作共和國,3,3,627,N,nationname,*,*,*,*,蓋亞那合作共和國,*,*
高棉,3,3,627,N,nationname,*,*,*,*,高棉,*,*
高麗,3,3,627,N,nationname,*,*,*,*,高麗,*,*
高句麗,3,3,627,N,nationname,*,*,*,*,高句麗,*,*
郜,3,3,627,N,nationname,*,*,*,*,郜,*,*
句驪,3,3,627,N,nationname,*,*,*,*,句驪,*,*
甘比亞,3,3,627,N,nationname,*,*,*,*,甘比亞,*,*
甘比亞共和國,3,3,627,N,nationname,*,*,*,*,甘比亞共和國,*,*
剛果,3,3,627,N,nationname,*,*,*,*,剛果,*,*
剛果人民共和國,3,3,627,N,nationname,*,*,*,*,剛果人民共和國,*,*
古巴,3,3,627,N,nationname,*,*,*,*,古巴,*,*
古巴共和國,3,3,627,N,nationname,*,*,*,*,古巴共和國,*,*
瓜地馬拉,3,3,627,N,nationname,*,*,*,*,瓜地馬拉,*,*
瓜地馬拉共和國,3,3,627,N,nationname,*,*,*,*,瓜地馬拉共和國,*,*
虢,3,3,627,N,nationname,*,*,*,*,虢,*,*
貴霜王朝,3,3,627,N,nationname,*,*,*,*,貴霜王朝,*,*
卡達,3,3,627,N,nationname,*,*,*,*,卡達,*,*
喀麥隆,3,3,627,N,nationname,*,*,*,*,喀麥隆,*,*
喀麥隆共和國,3,3,627,N,nationname,*,*,*,*,喀麥隆共和國,*,*
科威特,3,3,627,N,nationname,*,*,*,*,科威特,*,*
肯亞,3,3,627,N,nationname,*,*,*,*,肯亞,*,*
肯亞共和國,3,3,627,N,nationname,*,*,*,*,肯亞共和國,*,*
康居,3,3,627,N,nationname,*,*,*,*,康居,*,*
鄶,3,3,627,N,nationname,*,*,*,*,鄶,*,*
夔,3,3,627,N,nationname,*,*,*,*,夔,*,*
昆吾,3,3,627,N,nationname,*,*,*,*,昆吾,*,*
哈薩克共和國,3,3,627,N,nationname,*,*,*,*,哈薩克共和國,*,*
荷蘭,3,3,627,N,nationname,*,*,*,*,荷蘭,*,*
荷蘭王國,3,3,627,N,nationname,*,*,*,*,荷蘭王國,*,*
海地,3,3,627,N,nationname,*,*,*,*,海地,*,*
海地共和國,3,3,627,N,nationname,*,*,*,*,海地共和國,*,*
寒,3,3,627,N,nationname,*,*,*,*,寒,*,*
韓,3,3,627,N,nationname,*,*,*,*,韓,*,*
韓國,3,3,627,N,nationname,*,*,*,*,韓國,*,*
扈,3,3,627,N,nationname,*,*,*,*,扈,*,*
花剌子模,3,3,627,N,nationname,*,*,*,*,花剌子模,*,*
霍,3,3,627,N,nationname,*,*,*,*,霍,*,*
宏都拉斯,3,3,627,N,nationname,*,*,*,*,宏都拉斯,*,*
宏都拉斯共和國,3,3,627,N,nationname,*,*,*,*,宏都拉斯共和國,*,*
基輔公國,3,3,627,N,nationname,*,*,*,*,基輔公國,*,*
幾內亞,3,3,627,N,nationname,*,*,*,*,幾內亞,*,*
幾內亞比索,3,3,627,N,nationname,*,*,*,*,幾內亞比索,*,*
幾內亞比索共和國,3,3,627,N,nationname,*,*,*,*,幾內亞比索共和國,*,*
幾內亞共和國,3,3,627,N,nationname,*,*,*,*,幾內亞共和國,*,*
吉布地,3,3,627,N,nationname,*,*,*,*,吉布地,*,*
吉布地共和國,3,3,627,N,nationname,*,*,*,*,吉布地共和國,*,*
吉蔑,3,3,627,N,nationname,*,*,*,*,吉蔑,*,*
吉里巴斯,3,3,627,N,nationname,*,*,*,*,吉里巴斯,*,*
吉里巴斯共和國,3,3,627,N,nationname,*,*,*,*,吉里巴斯共和國,*,*
吉爾吉斯共和國,3,3,627,N,nationname,*,*,*,*,吉爾吉斯共和國,*,*
冀,3,3,627,N,nationname,*,*,*,*,冀,*,*
罽賓,3,3,627,N,nationname,*,*,*,*,罽賓,*,*
加彭,3,3,627,N,nationname,*,*,*,*,加彭,*,*
加彭共和國,3,3,627,N,nationname,*,*,*,*,加彭共和國,*,*
加拿大,3,3,627,N,nationname,*,*,*,*,加拿大,*,*
迦太基,3,3,627,N,nationname,*,*,*,*,迦太基,*,*
迦納,3,3,627,N,nationname,*,*,*,*,迦納,*,*
迦納共和國,3,3,627,N,nationname,*,*,*,*,迦納共和國,*,*
捷克,3,3,627,N,nationname,*,*,*,*,捷克,*,*
捷克共和國,3,3,627,N,nationname,*,*,*,*,捷克共和國,*,*
捷克暨斯洛伐克聯邦共和國,3,3,627,N,nationname,*,*,*,*,捷克暨斯洛伐克聯邦共和國,*,*
焦,3,3,627,N,nationname,*,*,*,*,焦,*,*
教廷,3,3,627,N,nationname,*,*,*,*,教廷,*,*
柬埔寨,3,3,627,N,nationname,*,*,*,*,柬埔寨,*,*
柬埔寨民主國,3,3,627,N,nationname,*,*,*,*,柬埔寨民主國,*,*
晉,3,3,627,N,nationname,*,*,*,*,晉,*,*
江,3,3,627,N,nationname,*,*,*,*,江,*,*
蔣,3,3,627,N,nationname,*,*,*,*,蔣,*,*
精絕,3,3,627,N,nationname,*,*,*,*,精絕,*,*
莒,3,3,627,N,nationname,*,*,*,*,莒,*,*
君子國,3,3,627,N,nationname,*,*,*,*,君子國,*,*
齊,3,3,627,N,nationname,*,*,*,*,齊,*,*
齊國,3,3,627,N,nationname,*,*,*,*,齊國,*,*
杞,3,3,627,N,nationname,*,*,*,*,杞,*,*
喬治亞,3,3,627,N,nationname,*,*,*,*,喬治亞,*,*
喬治亞共和國,3,3,627,N,nationname,*,*,*,*,喬治亞共和國,*,*
龜茲,3,3,627,N,nationname,*,*,*,*,龜茲,*,*
千里達,3,3,298,N,nationname,*,*,*,*,千里達,*,*
千里達及托巴哥共和國,3,3,298,N,nationname,*,*,*,*,千里達及托巴哥共和國,*,*
欽察汗國,3,3,627,N,nationname,*,*,*,*,欽察汗國,*,*
秦國,3,3,627,N,nationname,*,*,*,*,秦國,*,*
佉沙,3,3,627,N,nationname,*,*,*,*,佉沙,*,*
西班牙,3,3,627,N,nationname,*,*,*,*,西班牙,*,*
西班牙王國,3,3,627,N,nationname,*,*,*,*,西班牙王國,*,*
西臺帝國,3,3,627,N,nationname,*,*,*,*,西臺帝國,*,*
西哥德王國,3,3,627,N,nationname,*,*,*,*,西哥德王國,*,*
西夏,3,3,627,N,nationname,*,*,*,*,西夏,*,*
西周,3,3,627,N,nationname,*,*,*,*,西周,*,*
西薩摩亞獨立國,3,3,627,N,nationname,*,*,*,*,西薩摩亞獨立國,*,*
西燕,3,3,627,N,nationname,*,*,*,*,西燕,*,*
希臘,3,3,627,N,nationname,*,*,*,*,希臘,*,*
希臘共和國,3,3,627,N,nationname,*,*,*,*,希臘共和國,*,*
錫蘭,3,3,627,N,nationname,*,*,*,*,錫蘭,*,*
錫金,3,3,627,N,nationname,*,*,*,*,錫金,*,*
鄎,3,3,627,N,nationname,*,*,*,*,鄎,*,*
小宛,3,3,627,N,nationname,*,*,*,*,小宛,*,*
姺,3,3,627,N,nationname,*,*,*,*,姺,*,*
辛巴威,3,3,627,N,nationname,*,*,*,*,辛巴威,*,*
辛巴威共和國,3,3,627,N,nationname,*,*,*,*,辛巴威共和國,*,*
新羅,3,3,627,N,nationname,*,*,*,*,新羅,*,*
新加坡,3,3,627,N,nationname,*,*,*,*,新加坡,*,*
新加坡共和國,3,3,627,N,nationname,*,*,*,*,新加坡共和國,*,*
向,3,3,627,N,nationname,*,*,*,*,向,*,*
象牙海岸,3,3,627,N,nationname,*,*,*,*,象牙海岸,*,*
象牙海岸共和國,3,3,627,N,nationname,*,*,*,*,象牙海岸共和國,*,*
邢,3,3,627,N,nationname,*,*,*,*,邢,*,*
徐,3,3,627,N,nationname,*,*,*,*,徐,*,*
許,3,3,627,N,nationname,*,*,*,*,許,*,*
鄦,3,3,627,N,nationname,*,*,*,*,鄦,*,*
敘利亞阿拉伯共和國,3,3,627,N,nationname,*,*,*,*,敘利亞阿拉伯共和國,*,*
薛,3,3,627,N,nationname,*,*,*,*,薛,*,*
薛延陀,3,3,627,N,nationname,*,*,*,*,薛延陀,*,*
郇,3,3,627,N,nationname,*,*,*,*,郇,*,*
荀,3,3,627,N,nationname,*,*,*,*,荀,*,*
匈牙利,3,3,627,N,nationname,*,*,*,*,匈牙利,*,*
匈牙利共和國,3,3,627,N,nationname,*,*,*,*,匈牙利共和國,*,*
智利,3,3,627,N,nationname,*,*,*,*,智利,*,*
智利共和國,3,3,627,N,nationname,*,*,*,*,智利共和國,*,*
爪哇國,3,3,627,N,nationname,*,*,*,*,爪哇國,*,*
趙,3,3,627,N,nationname,*,*,*,*,趙,*,*
真臘,3,3,627,N,nationname,*,*,*,*,真臘,*,*
鄣,3,3,627,N,nationname,*,*,*,*,鄣,*,*
鄭,3,3,627,N,nationname,*,*,*,*,鄭,*,*
邾,3,3,627,N,nationname,*,*,*,*,邾,*,*
邾婁,3,3,627,N,nationname,*,*,*,*,邾婁,*,*
鑄,3,3,627,N,nationname,*,*,*,*,鑄,*,*
中非共和國,3,3,627,N,nationname,*,*,*,*,中非共和國,*,*
中華民國,3,3,627,N,nationname,*,*,*,*,中華民國,*,*
中山,3,3,627,N,nationname,*,*,*,*,中山,*,*
赤道幾內亞,3,3,627,N,nationname,*,*,*,*,赤道幾內亞,*,*
赤道幾內亞共和國,3,3,627,N,nationname,*,*,*,*,赤道幾內亞共和國,*,*
垞,3,3,627,N,nationname,*,*,*,*,垞,*,*
查德共和國,3,3,627,N,nationname,*,*,*,*,查德共和國,*,*
查理曼帝國,3,3,627,N,nationname,*,*,*,*,查理曼帝國,*,*
朝鮮,3,3,627,N,nationname,*,*,*,*,朝鮮,*,*
朝鮮民主主義人民共和國,3,3,627,N,nationname,*,*,*,*,朝鮮民主主義人民共和國,*,*
陳,3,3,627,N,nationname,*,*,*,*,陳,*,*
郕,3,3,627,N,nationname,*,*,*,*,郕,*,*
楚,3,3,627,N,nationname,*,*,*,*,楚,*,*
川斯凱共和國,3,3,627,N,nationname,*,*,*,*,川斯凱共和國,*,*
邿,3,3,627,N,nationname,*,*,*,*,邿,*,*
獅子山,3,3,627,N,nationname,*,*,*,*,獅子山,*,*
獅子山共和國,3,3,627,N,nationname,*,*,*,*,獅子山共和國,*,*
史瓦濟蘭,3,3,627,N,nationname,*,*,*,*,史瓦濟蘭,*,*
史瓦濟蘭王國,3,3,627,N,nationname,*,*,*,*,史瓦濟蘭王國,*,*
沙烏地阿拉伯,3,3,627,N,nationname,*,*,*,*,沙烏地阿拉伯,*,*
沙烏地阿拉伯王國,3,3,627,N,nationname,*,*,*,*,沙烏地阿拉伯王國,*,*
召,3,3,627,N,nationname,*,*,*,*,召,*,*
鄯善,3,3,627,N,nationname,*,*,*,*,鄯善,*,*
申,3,3,627,N,nationname,*,*,*,*,申,*,*
尚比亞,3,3,627,N,nationname,*,*,*,*,尚比亞,*,*
尚比亞共和國,3,3,627,N,nationname,*,*,*,*,尚比亞共和國,*,*
聖馬利諾,3,3,627,N,nationname,*,*,*,*,聖馬利諾,*,*
聖馬利諾共和國,3,3,627,N,nationname,*,*,*,*,聖馬利諾共和國,*,*
聖多美及普林西比,3,3,627,N,nationname,*,*,*,*,聖多美及普林西比,*,*
聖多美及普林西比民主共和國,3,3,627,N,nationname,*,*,*,*,聖多美及普林西比民主共和國,*,*
聖露西亞,3,3,627,N,nationname,*,*,*,*,聖露西亞,*,*
聖克里斯多福,3,3,627,N,nationname,*,*,*,*,聖克里斯多福,*,*
聖文森及格瑞那丁,3,3,627,N,nationname,*,*,*,*,聖文森及格瑞那丁,*,*
俞,3,3,627,N,nationname,*,*,*,*,俞,*,*
日本,3,3,627,N,nationname,*,*,*,*,日本,*,*
日下,3,3,627,N,nationname,*,*,*,*,日下,*,*
日耳曼帝國,3,3,627,N,nationname,*,*,*,*,日耳曼帝國,*,*
鄀,3,3,627,N,nationname,*,*,*,*,鄀,*,*
瑞典,3,3,627,N,nationname,*,*,*,*,瑞典,*,*
瑞典王國,3,3,627,N,nationname,*,*,*,*,瑞典王國,*,*
瑞士,3,3,627,N,nationname,*,*,*,*,瑞士,*,*
瑞士聯邦,3,3,627,N,nationname,*,*,*,*,瑞士聯邦,*,*
阮,3,3,627,N,nationname,*,*,*,*,阮,*,*
鄹,3,3,627,N,nationname,*,*,*,*,鄹,*,*
鄒,3,3,627,N,nationname,*,*,*,*,鄒,*,*
蔡,3,3,627,N,nationname,*,*,*,*,蔡,*,*
曹,3,3,627,N,nationname,*,*,*,*,曹,*,*
鄫,3,3,627,N,nationname,*,*,*,*,鄫,*,*
斯里蘭卡,3,3,627,N,nationname,*,*,*,*,斯里蘭卡,*,*
斯里蘭卡民主社會主義共和國,3,3,627,N,nationname,*,*,*,*,斯里蘭卡民主社會主義共和國,*,*
斯洛伐克共和國,3,3,627,N,nationname,*,*,*,*,斯洛伐克共和國,*,*
薩爾瓦多,3,3,627,N,nationname,*,*,*,*,薩爾瓦多,*,*
薩爾瓦多共和國,3,3,627,N,nationname,*,*,*,*,薩爾瓦多共和國,*,*
薩伊,3,3,627,N,nationname,*,*,*,*,薩伊,*,*
薩伊共和國,3,3,627,N,nationname,*,*,*,*,薩伊共和國,*,*
塞內加爾,3,3,627,N,nationname,*,*,*,*,塞內加爾,*,*
塞內加爾共和國,3,3,627,N,nationname,*,*,*,*,塞內加爾共和國,*,*
塞席爾,3,3,627,N,nationname,*,*,*,*,塞席爾,*,*
塞席爾共和國,3,3,627,N,nationname,*,*,*,*,塞席爾共和國,*,*
賽普勒斯,3,3,627,N,nationname,*,*,*,*,賽普勒斯,*,*
賽普勒斯共和國,3,3,627,N,nationname,*,*,*,*,賽普勒斯共和國,*,*
蘇丹,3,3,627,N,nationname,*,*,*,*,蘇丹,*,*
蘇丹共和國,3,3,627,N,nationname,*,*,*,*,蘇丹共和國,*,*
蘇利南,3,3,627,N,nationname,*,*,*,*,蘇利南,*,*
蘇利南共和國,3,3,627,N,nationname,*,*,*,*,蘇利南共和國,*,*
蘇聯,3,3,627,N,nationname,*,*,*,*,蘇聯,*,*
蘇維埃社會主義共和國聯邦,3,3,627,N,nationname,*,*,*,*,蘇維埃社會主義共和國聯邦,*,*
宿,3,3,627,N,nationname,*,*,*,*,宿,*,*
索馬利亞,3,3,627,N,nationname,*,*,*,*,索馬利亞,*,*
索馬利亞民主共和國,3,3,627,N,nationname,*,*,*,*,索馬利亞民主共和國,*,*
索羅門群島,3,3,627,N,nationname,*,*,*,*,索羅門群島,*,*
娀,3,3,627,N,nationname,*,*,*,*,娀,*,*
宋,3,3,627,N,nationname,*,*,*,*,宋,*,*
阿曼,3,3,627,N,nationname,*,*,*,*,阿曼,*,*
阿曼蘇丹國,3,3,627,N,nationname,*,*,*,*,阿曼蘇丹國,*,*
阿富汗,3,3,627,N,nationname,*,*,*,*,阿富汗,*,*
阿富汗伊斯蘭國,3,3,627,N,nationname,*,*,*,*,阿富汗伊斯蘭國,*,*
阿拉伯聯合大公國,3,3,627,N,nationname,*,*,*,*,阿拉伯聯合大公國,*,*
阿根廷,3,3,627,N,nationname,*,*,*,*,阿根廷,*,*
阿根廷共和國,3,3,627,N,nationname,*,*,*,*,阿根廷共和國,*,*
阿爾巴尼亞,3,3,627,N,nationname,*,*,*,*,阿爾巴尼亞,*,*
阿爾巴尼亞共和國,3,3,627,N,nationname,*,*,*,*,阿爾巴尼亞共和國,*,*
阿爾及利亞,3,3,627,N,nationname,*,*,*,*,阿爾及利亞,*,*
阿爾及利亞人民民主共和國,3,3,627,N,nationname,*,*,*,*,阿爾及利亞人民民主共和國,*,*
俄羅斯,3,3,627,N,nationname,*,*,*,*,俄羅斯,*,*
俄羅斯聯邦,3,3,627,N,nationname,*,*,*,*,俄羅斯聯邦,*,*
俄國,3,3,627,N,nationname,*,*,*,*,俄國,*,*
厄利垂亞,3,3,627,N,nationname,*,*,*,*,厄利垂亞,*,*
厄瓜多,3,3,627,N,nationname,*,*,*,*,厄瓜多,*,*
厄瓜多共和國,3,3,627,N,nationname,*,*,*,*,厄瓜多共和國,*,*
鄂圖曼土耳其帝國,3,3,627,N,nationname,*,*,*,*,鄂圖曼土耳其帝國,*,*
埃及,3,3,627,N,nationname,*,*,*,*,埃及,*,*
埃及阿拉伯共和國,3,3,627,N,nationname,*,*,*,*,埃及阿拉伯共和國,*,*
愛沙尼亞,3,3,627,N,nationname,*,*,*,*,愛沙尼亞,*,*
愛沙尼亞共和國,3,3,627,N,nationname,*,*,*,*,愛沙尼亞共和國,*,*
愛爾蘭,3,3,627,N,nationname,*,*,*,*,愛爾蘭,*,*
愛爾蘭共和國,3,3,627,N,nationname,*,*,*,*,愛爾蘭共和國,*,*
奧地利,3,3,627,N,nationname,*,*,*,*,奧地利,*,*
奧地利共和國,3,3,627,N,nationname,*,*,*,*,奧地利共和國,*,*
澳大利亞,3,3,627,N,nationname,*,*,*,*,澳大利亞,*,*
澳大利亞聯邦,3,3,627,N,nationname,*,*,*,*,澳大利亞聯邦,*,*
澳洲,3,3,627,N,nationname,*,*,*,*,澳洲,*,*
安道爾,3,3,627,N,nationname,*,*,*,*,安道爾,*,*
安道爾侯國,3,3,627,N,nationname,*,*,*,*,安道爾侯國,*,*
安地卡及巴布達,3,3,627,N,nationname,*,*,*,*,安地卡及巴布達,*,*
安南,3,3,627,N,nationname,*,*,*,*,安南,*,*
安哥拉,3,3,627,N,nationname,*,*,*,*,安哥拉,*,*
安哥拉人民共和國,3,3,627,N,nationname,*,*,*,*,安哥拉人民共和國,*,*
安息,3,3,627,N,nationname,*,*,*,*,安息,*,*
一目,3,3,298,N,nationname,*,*,*,*,一目,*,*
衣索比亞,3,3,627,N,nationname,*,*,*,*,衣索比亞,*,*
衣索比亞人民民主共和國,3,3,627,N,nationname,*,*,*,*,衣索比亞人民民主共和國,*,*
伊拉克,3,3,627,N,nationname,*,*,*,*,伊拉克,*,*
伊拉克共和國,3,3,627,N,nationname,*,*,*,*,伊拉克共和國,*,*
伊朗,3,3,627,N,nationname,*,*,*,*,伊朗,*,*
伊朗伊斯蘭共和國,3,3,627,N,nationname,*,*,*,*,伊朗伊斯蘭共和國,*,*
郼,3,3,627,N,nationname,*,*,*,*,郼,*,*
以色列,3,3,627,N,nationname,*,*,*,*,以色列,*,*
以色列國,3,3,627,N,nationname,*,*,*,*,以色列國,*,*
義大利,3,3,627,N,nationname,*,*,*,*,義大利,*,*
義大利共和國,3,3,627,N,nationname,*,*,*,*,義大利共和國,*,*
義渠,3,3,627,N,nationname,*,*,*,*,義渠,*,*
牙買加,3,3,627,N,nationname,*,*,*,*,牙買加,*,*
亞美尼亞,3,3,627,N,nationname,*,*,*,*,亞美尼亞,*,*
亞美尼亞共和國,3,3,627,N,nationname,*,*,*,*,亞美尼亞共和國,*,*
亞美利加,3,3,627,N,nationname,*,*,*,*,亞美利加,*,*
亞歷山大帝國,3,3,627,N,nationname,*,*,*,*,亞歷山大帝國,*,*
亞加狄亞,3,3,627,N,nationname,*,*,*,*,亞加狄亞,*,*
亞述帝國,3,3,627,N,nationname,*,*,*,*,亞述帝國,*,*
亞塞拜然,3,3,627,N,nationname,*,*,*,*,亞塞拜然,*,*
亞塞拜然共和國,3,3,627,N,nationname,*,*,*,*,亞塞拜然共和國,*,*
夜郎,3,3,627,N,nationname,*,*,*,*,夜郎,*,*
葉門,3,3,627,N,nationname,*,*,*,*,葉門,*,*
葉門共和國,3,3,627,N,nationname,*,*,*,*,葉門共和國,*,*
猶太,3,3,627,N,nationname,*,*,*,*,猶太,*,*
有窮,3,3,627,N,nationname,*,*,*,*,有窮,*,*
鄢,3,3,627,N,nationname,*,*,*,*,鄢,*,*
燕,3,3,627,N,nationname,*,*,*,*,燕,*,*
印度,3,3,627,N,nationname,*,*,*,*,印度,*,*
印度尼西亞,3,3,627,N,nationname,*,*,*,*,印度尼西亞,*,*
印度尼西亞共和國,3,3,627,N,nationname,*,*,*,*,印度尼西亞共和國,*,*
印度共和國,3,3,627,N,nationname,*,*,*,*,印度共和國,*,*
印尼,3,3,627,N,nationname,*,*,*,*,印尼,*,*
英國,3,3,627,N,nationname,*,*,*,*,英國,*,*
烏拉圭,3,3,627,N,nationname,*,*,*,*,烏拉圭,*,*
烏拉圭共和國,3,3,627,N,nationname,*,*,*,*,烏拉圭共和國,*,*
烏干達,3,3,627,N,nationname,*,*,*,*,烏干達,*,*
烏干達共和國,3,3,627,N,nationname,*,*,*,*,烏干達共和國,*,*
烏克蘭,3,3,627,N,nationname,*,*,*,*,烏克蘭,*,*
烏茲別克共和國,3,3,627,N,nationname,*,*,*,*,烏茲別克共和國,*,*
烏孫,3,3,627,N,nationname,*,*,*,*,烏孫,*,*
吳,3,3,627,N,nationname,*,*,*,*,吳,*,*
吳國,3,3,627,N,nationname,*,*,*,*,吳國,*,*
維德角共和國,3,3,627,N,nationname,*,*,*,*,維德角共和國,*,*
委內瑞拉,3,3,627,N,nationname,*,*,*,*,委內瑞拉,*,*
委內瑞拉共和國,3,3,627,N,nationname,*,*,*,*,委內瑞拉共和國,*,*
衛,3,3,954,N,nationname,*,*,*,*,衛,*,*
魏,3,3,627,N,nationname,*,*,*,*,魏,*,*
皖,3,3,627,N,nationname,*,*,*,*,皖,*,*
萬那杜,3,3,627,N,nationname,*,*,*,*,萬那杜,*,*
萬那杜共和國,3,3,627,N,nationname,*,*,*,*,萬那杜共和國,*,*
溫達共和國,3,3,627,N,nationname,*,*,*,*,溫達共和國,*,*
汶萊,3,3,627,N,nationname,*,*,*,*,汶萊,*,*
于闐,3,3,627,N,nationname,*,*,*,*,于闐,*,*
邘,3,3,627,N,nationname,*,*,*,*,邘,*,*
虞,3,3,627,N,nationname,*,*,*,*,虞,*,*
約旦,3,3,627,N,nationname,*,*,*,*,約旦,*,*
約旦哈什米王國,3,3,627,N,nationname,*,*,*,*,約旦哈什米王國,*,*
月支,3,3,627,N,nationname,*,*,*,*,月支,*,*
月氏,3,3,627,N,nationname,*,*,*,*,月氏,*,*
越,3,3,627,N,nationname,*,*,*,*,越,*,*
越南,3,3,627,N,nationname,*,*,*,*,越南,*,*
越南社會主義共和國,3,3,627,N,nationname,*,*,*,*,越南社會主義共和國,*,*
鄖,3,3,627,N,nationname,*,*,*,*,鄖,*,*
鄘,3,3,627,N,nationname,*,*,*,*,鄘,*,*
雍,3,3,627,N,nationname,*,*,*,*,雍,*,*
波旁王朝,3,3,627,N,nationname,*,*,*,*,波旁王朝,*,*
北涼,3,3,627,N,nationname,*,*,*,*,北涼,*,*
北漢,3,3,627,N,nationname,*,*,*,*,北漢,*,*
北齊,3,3,627,N,nationname,*,*,*,*,北齊,*,*
北周,3,3,627,N,nationname,*,*,*,*,北周,*,*
北宋,3,3,627,N,nationname,*,*,*,*,北宋,*,*
北燕,3,3,627,N,nationname,*,*,*,*,北燕,*,*
閩,3,3,627,N,nationname,*,*,*,*,閩,*,*
明,3,3,627,N,nationname,*,*,*,*,明,*,*
明朝,3,3,627,N,nationname,*,*,*,*,明朝,*,*
大夏,3,3,627,N,nationname,*,*,*,*,大夏,*,*
東漢,3,3,627,N,nationname,*,*,*,*,東漢,*,*
東晉,3,3,627,N,nationname,*,*,*,*,東晉,*,*
東周,3,3,627,N,nationname,*,*,*,*,東周,*,*
東魏,3,3,627,N,nationname,*,*,*,*,東魏,*,*
唐,3,3,627,N,nationname,*,*,*,*,唐,*,*
唐朝,3,3,627,N,nationname,*,*,*,*,唐朝,*,*
南唐,3,3,627,N,nationname,*,*,*,*,南唐,*,*
南涼,3,3,627,N,nationname,*,*,*,*,南涼,*,*
南漢,3,3,627,N,nationname,*,*,*,*,南漢,*,*
南齊,3,3,627,N,nationname,*,*,*,*,南齊,*,*
南宋,3,3,627,N,nationname,*,*,*,*,南宋,*,*
南燕,3,3,627,N,nationname,*,*,*,*,南燕,*,*
遼,3,3,627,N,nationname,*,*,*,*,遼,*,*
遼朝,3,3,627,N,nationname,*,*,*,*,遼朝,*,*
劉宋,3,3,627,N,nationname,*,*,*,*,劉宋,*,*
涼,3,3,627,N,nationname,*,*,*,*,涼,*,*
梁,3,3,627,N,nationname,*,*,*,*,梁,*,*
後唐,3,3,627,N,nationname,*,*,*,*,後唐,*,*
後涼,3,3,627,N,nationname,*,*,*,*,後涼,*,*
後梁,3,3,627,N,nationname,*,*,*,*,後梁,*,*
後漢,3,3,627,N,nationname,*,*,*,*,後漢,*,*
後晉,3,3,627,N,nationname,*,*,*,*,後晉,*,*
後秦,3,3,627,N,nationname,*,*,*,*,後秦,*,*
後趙,3,3,627,N,nationname,*,*,*,*,後趙,*,*
後周,3,3,627,N,nationname,*,*,*,*,後周,*,*
後蜀,3,3,627,N,nationname,*,*,*,*,後蜀,*,*
後燕,3,3,627,N,nationname,*,*,*,*,後燕,*,*
後魏,3,3,627,N,nationname,*,*,*,*,後魏,*,*
漢,3,3,627,N,nationname,*,*,*,*,漢,*,*
漢朝,3,3,627,N,nationname,*,*,*,*,漢朝,*,*
金,3,3,627,N,nationname,*,*,*,*,金,*,*
金朝,3,3,627,N,nationname,*,*,*,*,金朝,*,*
晉,3,3,627,N,nationname,*,*,*,*,晉,*,*
晉朝,3,3,627,N,nationname,*,*,*,*,晉朝,*,*
荊南,3,3,627,N,nationname,*,*,*,*,荊南,*,*
齊,3,3,627,N,nationname,*,*,*,*,齊,*,*
前涼,3,3,627,N,nationname,*,*,*,*,前涼,*,*
前漢,3,3,627,N,nationname,*,*,*,*,前漢,*,*
前秦,3,3,627,N,nationname,*,*,*,*,前秦,*,*
前趙,3,3,627,N,nationname,*,*,*,*,前趙,*,*
秦,3,3,627,N,nationname,*,*,*,*,秦,*,*
秦朝,3,3,627,N,nationname,*,*,*,*,秦朝,*,*
清,3,3,627,N,nationname,*,*,*,*,清,*,*
清朝,3,3,627,N,nationname,*,*,*,*,清朝,*,*
西遼,3,3,627,N,nationname,*,*,*,*,西遼,*,*
西涼,3,3,627,N,nationname,*,*,*,*,西涼,*,*
西漢,3,3,627,N,nationname,*,*,*,*,西漢,*,*
西晉,3,3,627,N,nationname,*,*,*,*,西晉,*,*
西秦,3,3,627,N,nationname,*,*,*,*,西秦,*,*
西周,3,3,627,N,nationname,*,*,*,*,西周,*,*
西魏,3,3,627,N,nationname,*,*,*,*,西魏,*,*
夏,3,3,627,N,nationname,*,*,*,*,夏,*,*
夏朝,3,3,627,N,nationname,*,*,*,*,夏朝,*,*
新,3,3,627,N,nationname,*,*,*,*,新,*,*
新朝,3,3,627,N,nationname,*,*,*,*,新朝,*,*
周,3,3,627,N,nationname,*,*,*,*,周,*,*
周朝,3,3,627,N,nationname,*,*,*,*,周朝,*,*
陳,3,3,627,N,nationname,*,*,*,*,陳,*,*
成漢,3,3,627,N,nationname,*,*,*,*,成漢,*,*
商,3,3,627,N,nationname,*,*,*,*,商,*,*
商朝,3,3,627,N,nationname,*,*,*,*,商朝,*,*
蜀,3,3,627,N,nationname,*,*,*,*,蜀,*,*
蜀漢,3,3,627,N,nationname,*,*,*,*,蜀漢,*,*
冉魏,3,3,627,N,nationname,*,*,*,*,冉魏,*,*
曹魏,3,3,627,N,nationname,*,*,*,*,曹魏,*,*
隋,3,3,627,N,nationname,*,*,*,*,隋,*,*
隋朝,3,3,627,N,nationname,*,*,*,*,隋朝,*,*
宋,3,3,627,N,nationname,*,*,*,*,宋,*,*
宋朝,3,3,627,N,nationname,*,*,*,*,宋朝,*,*
殷,3,3,627,N,nationname,*,*,*,*,殷,*,*
殷商,3,3,627,N,nationname,*,*,*,*,殷商,*,*
吳,3,3,627,N,nationname,*,*,*,*,吳,*,*
吳越,3,3,627,N,nationname,*,*,*,*,吳越,*,*
魏,3,3,627,N,nationname,*,*,*,*,魏,*,*
元,3,3,627,N,nationname,*,*,*,*,元,*,*
元朝,3,3,627,N,nationname,*,*,*,*,元朝,*,*
